time,lap,sector,speed_kmh,throttle,brake,rpm,gear,acceleration,fuel,tyre_wear,x,y
0.018,1,1,0.0,0.0,0.0,3000,1,0.0,100.0,0.0,150.0,150.0
0.034,1,1,0.0,0.0,0.0,3000,1,0.0,100.0,0.0,150.0,150.0
0.051,1,1,0.0,0.0,0.0,3000,1,0.0,100.0,0.0,150.0,150.0
0.066,1,1,0.0,0.0,0.0,3000,1,0.0,100.0,0.0,150.0,150.0
0.083,1,1,0.0,0.0,0.0,3000,1,0.0,100.0,0.0,150.0,150.0
0.098,1,1,0.0,0.0,0.0,3000,1,0.0,100.0,0.0,150.0,150.0
0.115,1,1,0.0,0.0,0.0,3000,1,0.0,100.0,0.0,150.0,150.0
0.131,1,1,0.0,0.0,0.0,3000,1,0.0,100.0,0.0,150.0,150.0
0.148,1,1,0.0,0.0,0.0,3000,1,0.0,100.0,0.0,150.0,150.0
0.165,1,1,0.0,0.0,0.0,3000,1,0.0,100.0,0.0,150.0,150.0
0.182,1,1,0.0,0.0,0.0,3000,1,0.0,100.0,0.0,150.0,150.0
0.199,1,1,0.0,0.0,0.0,3000,1,0.0,100.0,0.0,150.0,150.0
0.216,1,1,0.0,0.0,0.0,3000,1,0.0,100.0,0.0,150.0,150.0
0.233,1,1,0.0,0.0,0.0,3000,1,0.0,100.0,0.0,150.0,150.0
0.249,1,1,0.0,0.0,0.0,3000,1,0.0,100.0,0.0,150.0,150.0
0.266,1,1,0.0,0.0,0.0,3000,1,0.0,100.0,0.0,150.0,150.0
0.283,1,1,0.0,0.0,0.0,3000,1,0.0,100.0,0.0,150.0,150.0
0.3,1,1,0.0,0.0,0.0,3000,1,0.0,100.0,0.0,150.0,150.0
0.316,1,1,0.0,0.0,0.0,3000,1,0.0,100.0,0.0,150.0,150.0
0.333,1,1,0.0,0.0,0.0,3000,1,0.0,100.0,0.0,150.0,150.0
0.35,1,1,0.0,0.0,0.0,3000,1,0.0,100.0,0.0,150.0,150.0
0.365,1,1,0.0,0.0,0.0,3000,1,0.0,100.0,0.0,150.0,150.0
0.382,1,1,0.0,0.0,0.0,3000,1,0.0,100.0,0.0,150.0,150.0
0.399,1,1,0.0,0.0,0.0,3000,1,0.0,100.0,0.0,150.0,150.0
0.415,1,1,0.0,0.0,0.0,3000,1,0.0,100.0,0.0,150.0,150.0
0.43,1,1,0.0,0.0,0.0,3000,1,0.0,100.0,0.0,150.0,150.0
0.447,1,1,0.0,0.0,0.0,3000,1,0.0,100.0,0.0,150.0,150.0
0.463,1,1,0.0,0.0,0.0,3000,1,0.0,100.0,0.0,150.0,150.0
0.481,1,1,0.0,0.0,0.0,3000,1,0.0,100.0,0.0,150.0,150.0
0.498,1,1,0.0,0.0,0.0,3000,1,0.0,100.0,0.0,150.0,150.0
0.515,1,1,0.0,0.0,0.0,3000,1,0.0,100.0,0.0,150.0,150.0
0.532,1,1,0.0,0.0,0.0,3000,1,0.0,100.0,0.0,150.0,150.0
0.549,1,1,0.0,0.0,0.0,3000,1,0.0,100.0,0.0,150.0,150.0
0.566,1,1,0.0,0.0,0.0,3000,1,0.0,100.0,0.0,150.0,150.0
0.582,1,1,0.0,0.0,0.0,3000,1,0.0,100.0,0.0,150.0,150.0
0.599,1,1,0.0,0.0,0.0,3000,1,0.0,100.0,0.0,150.0,150.0
0.616,1,1,0.0,0.0,0.0,3000,1,0.0,100.0,0.0,150.0,150.0
0.632,1,1,0.0,0.0,0.0,3000,1,0.0,100.0,0.0,150.0,150.0
0.649,1,1,0.0,0.0,0.0,3000,1,0.0,100.0,0.0,150.0,150.0
0.665,1,1,0.0,0.0,0.0,3000,1,0.0,100.0,0.0,150.0,150.0
0.682,1,1,0.0,0.0,0.0,3000,1,0.0,100.0,0.0,150.0,150.0
0.698,1,1,0.0,0.0,0.0,3000,1,0.0,100.0,0.0,150.0,150.0
0.714,1,1,0.0,0.0,0.0,3000,1,0.0,100.0,0.0,150.0,150.0
0.731,1,1,0.0,0.0,0.0,3000,1,0.0,100.0,0.0,150.0,150.0
0.748,1,1,0.0,0.0,0.0,3000,1,0.0,100.0,0.0,150.0,150.0
0.764,1,1,0.0,0.0,0.0,3000,1,0.0,100.0,0.0,150.0,150.0
0.78,1,1,0.0,0.0,0.0,3000,1,0.0,100.0,0.0,150.0,150.0
0.797,1,1,0.0,0.0,0.0,3000,1,0.0,100.0,0.0,150.0,150.0
0.814,1,1,0.0,0.0,0.0,3000,1,0.0,100.0,0.0,150.0,150.0
0.83,1,1,0.0,0.0,0.0,3000,1,0.0,100.0,0.0,150.0,150.0
0.847,1,1,0.0,0.0,0.0,3000,1,0.0,100.0,0.0,150.0,150.0
0.863,1,1,0.0,0.0,0.0,3000,1,0.0,100.0,0.0,150.0,150.0
0.881,1,1,0.0,0.0,0.0,3000,1,0.0,100.0,0.0,150.0,150.0
0.897,1,1,0.0,0.0,0.0,3000,1,0.0,100.0,0.0,150.0,150.0
0.914,1,1,0.0,0.0,0.0,3000,1,0.0,100.0,0.0,150.0,150.0
0.932,1,1,0.0,0.0,0.0,3000,1,0.0,100.0,0.0,150.0,150.0
0.947,1,1,0.0,0.0,0.0,3000,1,0.0,100.0,0.0,150.0,150.0
0.963,1,1,0.0,0.0,0.0,3000,1,0.0,100.0,0.0,150.0,150.0
0.979,1,1,0.0,0.0,0.0,3000,1,0.0,100.0,0.0,150.0,150.0
0.996,1,1,0.0,0.0,0.0,3000,1,0.0,100.0,0.0,150.0,150.0
1.013,1,1,0.0,0.0,0.0,3000,1,0.0,100.0,0.0,150.0,150.0
1.029,1,1,0.0,0.0,0.0,3000,1,0.0,100.0,0.0,150.0,150.0
1.046,1,1,0.0,0.0,0.0,3000,1,0.0,100.0,0.0,150.0,150.0
1.063,1,1,0.0,0.0,0.0,3000,1,0.0,100.0,0.0,150.0,150.0
1.08,1,1,0.0,0.0,0.0,3000,1,0.0,100.0,0.0,150.0,150.0
1.095,1,1,0.0,0.0,0.0,3000,1,0.0,100.0,0.0,150.0,150.0
1.112,1,1,0.0,0.0,0.0,3000,1,0.0,100.0,0.0,150.0,150.0
1.128,1,1,0.0,0.0,0.0,3000,1,0.0,100.0,0.0,150.0,150.0
1.144,1,1,0.0,0.0,0.0,3000,1,0.0,100.0,0.0,150.0,150.0
1.16,1,1,0.0,0.0,0.0,3000,1,0.0,100.0,0.0,150.0,150.0
1.177,1,1,0.0,0.0,0.0,3000,1,0.0,100.0,0.0,150.0,150.0
1.194,1,1,0.0,0.0,0.0,3000,1,0.0,100.0,0.0,150.0,150.0
1.211,1,1,0.0,0.0,0.0,3000,1,0.0,100.0,0.0,150.0,150.0
1.227,1,1,0.0,0.0,0.0,3000,1,0.0,100.0,0.0,150.0,150.0
1.242,1,1,0.0,0.0,0.0,3000,1,0.0,100.0,0.0,150.0,150.0
1.259,1,1,0.0,0.0,0.0,3000,1,0.0,100.0,0.0,150.0,150.0
1.276,1,1,0.0,0.0,0.0,3000,1,0.0,100.0,0.0,150.0,150.0
1.293,1,1,0.0,0.0,0.0,3000,1,0.0,100.0,0.0,150.0,150.0
1.31,1,1,0.0,0.0,0.0,3000,1,0.0,100.0,0.0,150.0,150.0
1.326,1,1,0.0,0.0,0.0,3000,1,0.0,100.0,0.0,150.0,150.0
1.343,1,1,0.0,0.0,0.0,3000,1,0.0,100.0,0.0,150.0,150.0
1.36,1,1,0.0,0.0,0.0,3000,1,0.0,100.0,0.0,150.0,150.0
1.377,1,1,0.0,0.0,0.0,3000,1,0.0,100.0,0.0,150.0,150.0
1.393,1,1,0.0,0.0,0.0,3000,1,0.0,100.0,0.0,150.0,150.0
1.409,1,1,0.0,0.0,0.0,3000,1,0.0,100.0,0.0,150.0,150.0
1.426,1,1,0.0,0.0,0.0,3000,1,0.0,100.0,0.0,150.0,150.0
1.442,1,1,0.0,0.0,0.0,3000,1,0.0,100.0,0.0,150.0,150.0
1.458,1,1,0.0,0.0,0.0,3000,1,0.0,100.0,0.0,150.0,150.0
1.475,1,1,0.0,0.0,0.0,3000,1,0.0,100.0,0.0,150.0,150.0
1.492,1,1,0.0,0.0,0.0,3000,1,0.0,100.0,0.0,150.0,150.0
1.508,1,1,0.0,0.0,0.0,3000,1,0.0,100.0,0.0,150.0,150.0
1.525,1,1,0.0,0.0,0.0,3000,1,0.0,100.0,0.0,150.0,150.0
1.542,1,1,0.0,0.0,0.0,3000,1,0.0,100.0,0.0,150.0,150.0
1.558,1,1,0.0,0.0,0.0,3000,1,0.0,100.0,0.0,150.0,150.0
1.575,1,1,0.0,0.0,0.0,3000,1,0.0,100.0,0.0,150.0,150.0
1.592,1,1,0.0,0.0,0.0,3000,1,0.0,100.0,0.0,150.0,150.0
1.609,1,1,0.0,0.0,0.0,3000,1,0.0,100.0,0.0,150.0,150.0
1.625,1,1,0.0,0.0,0.0,3000,1,0.0,100.0,0.0,150.0,150.0
1.642,1,1,0.0,0.0,0.0,3000,1,0.0,100.0,0.0,150.0,150.0
1.658,1,1,0.0,0.0,0.0,3000,1,0.0,100.0,0.0,150.0,150.0
1.675,1,1,0.0,0.0,0.0,3000,1,0.0,100.0,0.0,150.0,150.0
1.692,1,1,0.0,0.0,0.0,3000,1,0.0,100.0,0.0,150.0,150.0
1.708,1,1,0.0,0.0,0.0,3000,1,0.0,100.0,0.0,150.0,150.0
1.724,1,1,0.0,0.0,0.0,3000,1,0.0,100.0,0.0,150.0,150.0
1.739,1,1,0.0,0.0,0.0,3000,1,0.0,100.0,0.0,150.0,150.0
1.756,1,1,0.0,0.0,0.0,3000,1,0.0,100.0,0.0,150.0,150.0
1.773,1,1,0.0,0.0,0.0,3000,1,0.0,100.0,0.0,150.0,150.0
1.788,1,1,0.0,0.0,0.0,3000,1,0.0,100.0,0.0,150.0,150.0
1.804,1,1,0.0,0.0,0.0,3000,1,0.0,100.0,0.0,150.0,150.0
1.821,1,1,0.0,0.0,0.0,3000,1,0.0,100.0,0.0,150.0,150.0
1.838,1,1,0.0,0.0,0.0,3000,1,0.0,100.0,0.0,150.0,150.0
1.854,1,1,0.0,0.0,0.0,3000,1,0.0,100.0,0.0,150.0,150.0
1.872,1,1,0.0,0.0,0.0,3000,1,0.0,100.0,0.0,150.0,150.0
1.889,1,1,0.0,0.0,0.0,3000,1,0.0,100.0,0.0,150.0,150.0
1.907,1,1,0.46,100.0,0.0,3000,1,7.5,100.0,0.0,150.0,150.0
1.922,1,1,0.88,100.0,0.0,3000,1,7.367,100.0,0.0,150.01,150.0
1.938,1,1,1.31,100.0,0.0,3000,1,7.367,100.0,0.0,150.02,150.0
1.955,1,1,1.76,100.0,0.0,3000,1,7.367,100.0,0.0,150.04,150.0
1.973,1,1,2.21,100.0,0.0,3000,1,7.367,100.0,0.0,150.06,150.0
1.989,1,1,2.66,100.0,0.0,3000,1,7.367,100.0,0.0,150.09,150.0
2.006,1,1,3.08,100.0,0.0,3000,1,7.366,100.0,0.0,150.11,150.0
2.022,1,1,3.51,100.0,0.0,3000,1,7.366,100.0,0.0,150.15,150.0
2.038,1,1,3.96,100.0,0.0,3000,1,7.366,100.0,0.0,150.18,150.0
2.055,1,1,4.38,100.0,0.0,3000,1,7.366,100.0,0.0,150.22,150.0
2.07,1,1,4.81,100.0,0.0,3000,1,7.366,100.0,0.0,150.26,150.0
2.086,1,1,5.23,100.0,0.0,3000,1,7.366,100.0,0.0,150.31,150.0
2.102,1,1,5.66,100.0,0.0,3000,1,7.366,100.0,0.0,150.36,150.0
2.119,1,1,6.11,100.0,0.0,3000,1,7.366,100.0,0.0,150.42,150.0
2.136,1,1,6.53,100.0,0.0,3000,1,7.366,100.0,0.0,150.48,150.0
2.152,1,1,6.98,100.0,0.0,3000,1,7.365,100.0,0.0,150.54,150.0
2.168,1,1,7.41,100.0,0.0,3000,1,7.365,100.0,0.0,150.61,150.0
2.185,1,1,7.83,100.0,0.0,3000,1,7.365,100.0,0.0,150.68,150.0
2.201,1,1,8.26,100.0,0.0,3000,1,7.365,100.0,0.0,150.75,150.0
2.217,1,1,8.71,100.0,0.0,3000,1,7.365,100.0,0.0,150.83,150.0
2.233,1,1,9.13,100.0,0.0,3000,1,7.365,100.0,0.0,150.91,150.0
2.249,1,1,9.55,100.0,0.0,3000,1,7.364,100.0,0.0,151.0,150.0
2.265,1,1,9.98,100.0,0.0,3000,1,7.364,100.0,0.0,151.09,150.0
2.282,1,1,10.43,100.0,0.0,3000,1,7.364,100.0,0.0,151.19,150.0
2.298,1,1,10.85,100.0,0.0,3000,1,7.364,100.0,0.0,151.28,150.0
2.315,1,1,11.3,100.0,0.0,3000,1,7.363,100.0,0.0,151.39,150.0
2.332,1,1,11.73,100.0,0.0,3000,1,7.363,100.0,0.0,151.49,150.0
2.348,1,1,12.18,100.0,0.0,3000,1,7.363,100.0,0.0,151.61,150.0
2.365,1,1,12.63,100.0,0.0,3000,1,7.363,100.0,0.0,151.73,150.0
2.382,1,1,13.05,100.0,0.0,3000,1,7.362,100.0,0.0,151.84,150.0
2.398,1,1,13.5,100.0,0.0,3000,1,7.362,100.0,0.0,151.97,150.0
2.415,1,1,13.95,100.0,0.0,3000,1,7.362,100.0,0.0,152.1,150.0
2.433,1,1,14.4,100.0,0.0,3000,1,7.361,100.0,0.0,152.24,150.0
2.449,1,1,14.86,100.0,0.0,3000,1,7.361,100.0,0.0,152.38,150.0
2.466,1,1,15.28,100.0,0.0,3000,1,7.361,100.0,0.0,152.52,150.0
2.482,1,1,15.73,100.0,0.0,3000,1,7.36,100.0,0.0,152.66,150.0
2.499,1,1,16.18,100.0,0.0,3000,1,7.36,100.0,0.0,152.82,150.0
2.516,1,1,16.6,100.0,0.0,3000,1,7.359,100.0,0.0,152.97,150.0
2.532,1,1,17.03,100.0,0.0,3000,1,7.359,100.0,0.0,153.12,150.0
2.548,1,1,17.45,100.0,0.0,3000,1,7.359,100.0,0.0,153.27,150.0
2.564,1,1,17.9,100.0,0.0,3000,1,7.358,100.0,0.0,153.44,150.0
2.582,1,1,18.35,100.0,0.0,3000,1,7.358,100.0,0.0,153.61,150.0
2.598,1,1,18.8,100.0,0.0,3000,1,7.357,100.0,0.0,153.79,150.0
2.615,1,1,19.25,100.0,0.0,3000,1,7.357,100.0,0.0,153.97,150.0
2.634,1,1,19.73,100.0,0.0,3000,1,7.356,100.0,0.0,154.17,150.0
2.651,1,1,20.18,100.0,0.0,3000,1,7.356,100.0,0.0,154.36,150.0
2.667,1,1,20.6,100.0,0.0,3000,1,7.355,100.0,0.0,154.54,150.0
2.684,1,1,21.08,100.0,0.0,3000,1,7.355,100.0,0.0,154.76,150.0
2.7,1,1,21.5,100.0,0.0,3000,1,7.354,100.0,0.0,154.95,150.0
2.717,1,1,21.95,100.0,0.0,3000,1,7.354,100.0,0.01,155.15,150.0
2.734,1,1,22.38,100.0,0.0,3000,1,7.353,100.0,0.01,155.35,150.0
2.749,1,1,22.8,100.0,0.0,3000,1,7.353,100.0,0.01,155.56,150.0
2.766,1,1,23.22,100.0,0.0,3000,1,7.352,100.0,0.01,155.76,150.0
2.782,1,1,23.67,100.0,0.0,3000,1,7.352,100.0,0.01,155.99,150.0
2.799,1,1,24.12,100.0,0.0,3000,1,7.351,100.0,0.01,156.21,150.0
2.817,1,1,24.57,100.0,0.0,3000,1,7.351,100.0,0.01,156.45,150.0
2.832,1,1,25.0,100.0,0.0,3000,1,7.35,100.0,0.01,156.67,150.0
2.849,1,1,25.42,100.0,0.0,3000,1,7.349,100.0,0.01,156.89,150.0
2.865,1,1,25.87,100.0,0.0,3000,1,7.349,100.0,0.01,157.14,150.0
2.882,1,1,26.29,100.0,0.0,3000,1,7.348,100.0,0.01,157.37,150.0
2.898,1,1,26.72,100.0,0.0,3000,1,7.348,100.0,0.01,157.61,150.0
2.915,1,1,27.19,100.0,0.0,3000,1,7.347,100.0,0.01,157.88,150.0
2.932,1,1,27.62,100.0,0.0,3000,1,7.346,100.0,0.01,158.13,150.0
2.948,1,1,28.07,100.0,0.0,3000,1,7.346,100.0,0.01,158.39,150.0
2.965,1,1,28.52,100.0,0.0,3000,1,7.345,100.0,0.01,158.66,150.0
2.982,1,1,28.94,100.0,0.0,3000,1,7.344,100.0,0.01,158.92,150.0
2.998,1,1,29.36,100.0,0.0,3000,1,7.344,100.0,0.01,159.18,150.0
3.014,1,1,29.78,100.0,0.0,3000,1,7.343,100.0,0.01,159.44,150.0
3.03,1,1,30.23,100.0,0.0,3000,1,7.342,100.0,0.01,159.73,150.0
3.046,1,1,30.66,100.0,0.0,3000,1,7.341,100.0,0.01,160.0,150.0
3.063,1,1,31.11,100.0,0.0,3000,1,7.341,100.0,0.01,160.3,150.0
3.081,1,1,31.56,100.0,0.0,3000,1,7.34,100.0,0.01,160.59,150.0
3.097,1,1,32.0,100.0,0.0,3000,1,7.339,100.0,0.01,160.9,150.0
3.114,1,1,32.43,100.0,0.0,3000,1,7.338,100.0,0.01,161.18,150.0
3.13,1,1,32.85,100.0,0.0,3000,1,7.338,100.0,0.01,161.48,150.0
3.146,1,1,33.3,100.0,0.0,3000,1,7.337,100.0,0.01,161.79,150.0
3.164,1,1,33.75,100.0,0.0,3000,1,7.336,100.0,0.01,162.11,150.0
3.18,1,1,34.2,100.0,0.0,3000,1,7.335,100.0,0.01,162.43,150.0
3.197,1,1,34.62,100.0,0.0,3000,1,7.334,100.0,0.01,162.74,150.0
3.213,1,1,35.04,100.0,0.0,3000,1,7.334,100.0,0.01,163.05,150.0
3.23,1,1,35.49,100.0,0.0,3000,1,7.333,100.0,0.01,163.39,150.0
3.246,1,1,35.91,100.0,0.0,3000,1,7.332,100.0,0.01,163.71,150.0
3.262,1,1,36.33,100.0,0.0,3000,1,7.331,100.0,0.01,164.03,150.0
3.278,1,1,36.78,100.0,0.0,3000,1,7.33,100.0,0.01,164.38,150.0
3.295,1,1,37.21,100.0,0.0,3000,1,7.329,100.0,0.01,164.71,150.0
3.31,1,1,37.63,100.0,0.0,3000,1,7.329,100.0,0.01,165.04,150.0
3.326,1,1,38.05,100.0,0.0,3000,1,7.328,100.0,0.01,165.38,150.0
3.343,1,1,38.47,100.0,0.0,3000,1,7.327,100.0,0.01,165.72,150.0
3.359,1,1,38.92,100.0,0.0,3000,1,7.326,100.0,0.01,166.09,150.0
3.376,1,1,39.37,100.0,0.0,3000,1,7.325,100.0,0.01,166.46,150.0
3.393,1,1,39.82,100.0,0.0,3013.0,1,7.324,100.0,0.01,166.84,150.01
3.41,1,1,40.26,100.0,0.0,3047.0,1,7.323,100.0,0.01,167.22,150.01
3.427,1,1,40.69,100.0,0.0,3081.0,1,7.322,100.0,0.01,167.58,150.02
3.442,1,1,41.11,100.0,0.0,3113.0,1,7.321,100.0,0.01,167.94,150.03
3.458,1,1,41.53,100.0,0.0,3146.0,1,7.32,100.0,0.01,168.31,150.04
3.474,1,1,41.95,100.0,0.0,3178.0,1,7.319,100.0,0.01,168.69,150.05
3.49,1,1,42.37,100.0,0.0,3210.0,1,7.318,100.0,0.01,169.06,150.07
3.507,1,1,42.79,100.0,0.0,3243.0,1,7.317,100.0,0.01,169.44,150.09
3.523,1,1,43.24,100.0,0.0,3275.0,1,7.316,100.0,0.01,169.85,150.11
3.54,1,1,43.66,100.0,0.0,3309.0,1,7.315,100.0,0.01,170.24,150.13
3.557,1,1,44.11,100.0,0.0,3341.0,1,7.314,100.0,0.01,170.65,150.15
3.573,1,1,44.53,100.0,0.0,3376.0,1,7.313,100.0,0.01,171.05,150.17
3.589,1,1,44.95,100.0,0.0,3408.0,1,7.312,100.0,0.01,171.45,150.19
3.605,1,1,45.37,100.0,0.0,3440.0,1,7.311,100.0,0.01,171.85,150.21
3.621,1,1,45.82,100.0,0.0,3472.0,1,7.31,100.0,0.01,172.28,150.24
3.637,1,1,46.24,100.0,0.0,3506.0,1,7.309,100.0,0.01,172.69,150.26
3.654,1,1,46.69,100.0,0.0,3539.0,1,7.308,100.0,0.01,173.13,150.28
3.671,1,1,47.11,100.0,0.0,3573.0,1,7.307,100.0,0.01,173.55,150.3
3.687,1,1,47.56,100.0,0.0,3605.0,1,7.306,100.0,0.01,174.0,150.33
3.704,1,1,47.98,100.0,0.0,3639.0,1,7.304,100.0,0.01,174.43,150.35
3.72,1,1,48.4,100.0,0.0,3671.0,1,7.303,100.0,0.01,174.86,150.37
3.736,1,1,48.82,100.0,0.0,3704.0,1,7.302,100.0,0.01,175.29,150.4
3.751,1,1,49.24,100.0,0.0,3736.0,1,7.301,100.0,0.01,175.73,150.42
3.767,1,1,49.66,100.0,0.0,3768.0,1,7.3,100.0,0.01,176.17,150.44
3.783,1,1,50.08,100.0,0.0,3800.0,1,7.299,100.0,0.01,176.61,150.47
3.799,1,1,50.5,100.0,0.0,3832.0,1,7.298,100.0,0.01,177.06,150.49
3.815,1,1,50.92,100.0,0.0,3865.0,1,7.296,100.0,0.01,177.51,150.51
3.832,1,1,51.37,100.0,0.0,3897.0,1,7.295,100.0,0.01,178.0,150.54
3.849,1,1,51.82,100.0,0.0,3931.0,1,7.294,100.0,0.01,178.49,150.56
3.866,1,1,52.26,100.0,0.0,3965.0,1,7.293,100.0,0.01,178.98,150.59
3.883,1,1,52.71,100.0,0.0,3999.0,1,7.291,100.0,0.01,179.48,150.62
3.9,1,1,53.15,100.0,0.0,4033.0,1,7.29,100.0,0.01,179.98,150.64
3.918,1,1,53.6,100.0,0.0,4067.0,1,7.289,100.0,0.01,180.48,150.67
3.935,1,1,54.05,100.0,0.0,4102.0,1,7.287,100.0,0.01,180.99,150.7
3.951,1,1,54.49,100.0,0.0,4136.0,1,7.286,100.0,0.01,181.51,150.72
3.968,1,1,54.94,100.0,0.0,4170.0,1,7.285,100.0,0.01,182.02,150.75
3.985,1,1,55.36,100.0,0.0,4204.0,1,7.283,100.0,0.01,182.52,150.78
4.001,1,1,55.8,100.0,0.0,4236.0,1,7.282,100.0,0.01,183.04,150.8
4.018,1,1,56.22,100.0,0.0,4270.0,1,7.281,100.0,0.01,183.54,150.83
4.034,1,1,56.64,100.0,0.0,4302.0,1,7.28,100.0,0.01,184.04,150.86
4.049,1,1,57.06,100.0,0.0,4334.0,1,7.278,100.0,0.01,184.55,150.88
4.067,1,1,57.51,100.0,0.0,4366.0,1,7.277,100.0,0.01,185.09,150.91
4.083,1,1,57.93,100.0,0.0,4401.0,1,7.276,100.0,0.01,185.61,150.94
4.099,1,1,58.37,100.0,0.0,4433.0,1,7.274,100.0,0.01,186.16,150.97
4.116,1,1,58.79,100.0,0.0,4467.0,1,7.273,100.0,0.01,186.68,151.0
4.133,1,1,59.23,100.0,0.0,4499.0,1,7.271,100.0,0.01,187.24,151.03
4.149,1,1,59.68,100.0,0.0,4533.0,1,7.27,100.0,0.01,187.8,151.06
4.166,1,1,60.12,100.0,0.0,4567.0,1,7.269,100.0,0.01,188.37,151.09
4.183,1,1,60.57,100.0,0.0,4601.0,1,7.267,100.0,0.01,188.94,151.12
4.2,1,1,60.99,100.0,0.0,4635.0,1,7.266,100.0,0.01,189.48,151.14
4.216,1,1,61.41,100.0,0.0,4667.0,1,7.264,100.0,0.01,190.02,151.17
4.232,1,1,61.82,100.0,0.0,4699.0,1,7.263,100.0,0.01,190.57,151.2
4.247,1,1,62.24,100.0,0.0,4731.0,1,7.261,100.0,0.01,191.13,151.23
4.264,1,1,62.69,100.0,0.0,4763.0,1,7.26,100.0,0.01,191.72,151.26
4.281,1,1,63.1,100.0,0.0,4797.0,1,7.258,100.0,0.01,192.28,151.29
4.297,1,1,63.52,100.0,0.0,4829.0,1,7.257,100.0,0.01,192.84,151.32
4.314,1,1,63.97,100.0,0.0,4861.0,1,7.255,100.0,0.01,193.44,151.35
4.33,1,1,64.41,100.0,0.0,4895.0,1,7.254,100.0,0.01,194.05,151.39
4.346,1,1,64.83,100.0,0.0,4929.0,1,7.252,100.0,0.01,194.63,151.42
4.362,1,1,65.25,100.0,0.0,4961.0,1,7.251,100.0,0.01,195.21,151.45
4.378,1,1,65.66,100.0,0.0,4993.0,1,7.249,100.0,0.02,195.79,151.48
4.395,1,1,66.23,100.0,0.0,5025.0,1,9.748,99.99,0.02,196.38,151.51
4.411,1,1,66.82,100.0,0.0,5068.0,1,9.746,99.99,0.02,197.01,151.54
4.428,1,1,67.38,100.0,0.0,5113.0,1,9.744,99.99,0.02,197.61,151.57
4.444,1,1,67.98,100.0,0.0,5156.0,1,9.742,99.99,0.02,198.25,151.61
4.461,1,1,68.54,100.0,0.0,5202.0,1,9.739,99.99,0.02,198.86,151.64
4.478,1,1,69.14,100.0,0.0,5245.0,1,9.737,99.99,0.02,199.51,151.68
4.494,1,1,69.73,100.0,0.0,5290.0,1,9.735,99.99,0.02,200.16,151.73
4.51,1,1,70.29,100.0,0.0,5336.0,1,9.733,99.99,0.02,200.79,151.77
4.527,1,1,70.89,100.0,0.0,5379.0,1,9.731,99.99,0.02,201.45,151.83
4.543,1,1,71.45,100.0,0.0,5425.0,1,9.728,99.99,0.02,202.09,151.9
4.559,1,1,72.01,100.0,0.0,5467.0,1,9.726,99.99,0.02,202.72,151.96
4.576,1,1,72.6,100.0,0.0,5510.0,1,9.724,99.99,0.02,203.4,152.04
4.593,1,1,73.2,100.0,0.0,5556.0,1,9.721,99.99,0.02,204.09,152.12
4.609,1,1,73.76,100.0,0.0,5601.0,1,9.719,99.99,0.02,204.74,152.2
4.626,1,1,74.35,100.0,0.0,5644.0,1,9.717,99.99,0.02,205.44,152.28
4.643,1,1,74.91,100.0,0.0,5690.0,1,9.714,99.99,0.02,206.1,152.36
4.659,1,1,75.51,100.0,0.0,5733.0,1,9.712,99.99,0.02,206.81,152.44
4.675,1,1,76.07,100.0,0.0,5778.0,1,9.71,99.99,0.02,207.48,152.52
4.692,1,1,76.63,100.0,0.0,5821.0,1,9.707,99.99,0.02,208.16,152.6
4.708,1,1,77.22,100.0,0.0,5864.0,1,9.705,99.99,0.02,208.88,152.68
4.725,1,1,77.81,100.0,0.0,5909.0,1,9.702,99.99,0.02,209.61,152.77
4.742,1,1,78.41,100.0,0.0,5954.0,1,9.7,99.99,0.02,210.35,152.85
4.759,1,1,79.0,100.0,0.0,6000.0,1,9.697,99.99,0.02,211.09,152.94
4.776,1,1,79.59,100.0,0.0,6045.0,1,9.695,99.99,0.02,211.83,153.03
4.793,1,1,80.19,100.0,0.0,6091.0,1,9.692,99.99,0.02,212.59,153.11
4.81,1,1,80.78,100.0,0.0,6136.0,1,9.689,99.99,0.02,213.34,153.2
4.827,1,1,81.34,100.0,0.0,6181.0,1,9.687,99.99,0.02,214.06,153.29
4.843,1,1,81.93,100.0,0.0,6224.0,1,9.684,99.99,0.02,214.83,153.37
4.86,1,1,82.49,100.0,0.0,6270.0,1,9.682,99.99,0.02,215.56,153.46
4.875,1,1,83.05,100.0,0.0,6312.0,1,9.679,99.99,0.02,216.29,153.55
4.892,1,1,83.6,100.0,0.0,6355.0,1,9.677,99.99,0.02,217.03,153.63
4.908,1,1,84.16,100.0,0.0,6398.0,1,9.674,99.99,0.02,217.77,153.72
4.925,1,1,84.75,100.0,0.0,6440.0,1,9.671,99.99,0.02,218.57,153.81
4.94,1,1,85.31,100.0,0.0,6485.0,1,9.669,99.99,0.02,219.32,153.9
4.956,1,1,85.87,100.0,0.0,6528.0,1,9.666,99.99,0.02,220.08,153.99
4.973,1,1,86.42,100.0,0.0,6571.0,1,9.663,99.99,0.02,220.84,154.08
4.989,1,1,87.01,100.0,0.0,6613.0,1,9.661,99.99,0.02,221.66,154.17
5.006,1,1,87.6,100.0,0.0,6659.0,1,9.658,99.99,0.02,222.48,154.27
5.023,1,1,88.16,100.0,0.0,6704.0,1,9.655,99.99,0.02,223.26,154.36
5.038,1,1,88.72,100.0,0.0,6746.0,1,9.652,99.99,0.02,224.04,154.45
5.055,1,1,89.31,100.0,0.0,6789.0,1,9.65,99.99,0.02,224.88,154.55
5.072,1,1,89.86,100.0,0.0,6834.0,1,9.647,99.99,0.02,225.67,154.64
5.088,1,1,90.45,100.0,0.0,6877.0,1,9.644,99.99,0.02,226.52,154.74
5.105,1,1,91.01,100.0,0.0,6922.0,1,9.641,99.99,0.02,227.33,154.83
5.12,1,1,91.56,100.0,0.0,6964.0,1,9.638,99.99,0.02,228.13,154.93
5.137,1,1,92.15,100.0,0.0,7007.0,1,9.636,99.99,0.02,229.0,155.03
5.154,1,1,92.74,100.0,0.0,7052.0,1,9.633,99.99,0.02,229.87,155.13
5.172,1,1,93.33,100.0,0.0,7097.0,1,9.63,99.99,0.02,230.74,155.23
5.188,1,1,93.89,100.0,0.0,7142.0,1,9.627,99.99,0.02,231.57,155.33
5.204,1,1,94.48,100.0,0.0,7184.0,1,9.624,99.99,0.02,232.46,155.43
5.221,1,1,95.03,100.0,0.0,7230.0,1,9.621,99.99,0.02,233.3,155.53
5.236,1,1,95.58,100.0,0.0,7272.0,1,9.618,99.99,0.02,234.14,155.63
5.253,1,1,96.17,100.0,0.0,7314.0,1,9.615,99.99,0.02,235.04,155.73
5.27,1,1,96.76,100.0,0.0,7359.0,1,9.612,99.99,0.02,235.95,155.84
5.287,1,1,97.31,100.0,0.0,7404.0,1,9.609,99.99,0.02,236.81,155.94
5.303,1,1,97.9,100.0,0.0,7447.0,1,9.606,99.99,0.02,237.73,156.04
5.32,1,1,98.49,100.0,0.0,7492.0,1,9.603,99.99,0.02,238.65,156.15
5.337,1,1,99.08,100.0,0.0,7537.0,1,9.599,99.99,0.02,239.58,156.26
5.355,1,1,99.66,100.0,0.0,7582.0,1,9.596,99.99,0.02,240.52,156.37
5.372,1,1,100.25,100.0,0.0,7627.0,1,9.593,99.99,0.02,241.46,156.48
5.388,1,1,100.84,100.0,0.0,7672.0,1,9.59,99.99,0.02,242.4,156.59
5.405,1,1,101.42,100.0,0.0,7716.0,1,9.586,99.99,0.02,243.36,156.7
5.422,1,1,102.01,100.0,0.0,7761.0,1,9.583,99.99,0.02,244.31,156.81
5.438,1,1,102.56,100.0,0.0,7806.0,1,9.58,99.99,0.02,245.22,156.92
5.455,1,1,103.15,100.0,0.0,7848.0,1,9.577,99.99,0.02,246.19,157.03
5.471,1,1,103.7,100.0,0.0,7893.0,1,9.573,99.99,0.02,247.1,157.14
5.488,1,1,104.29,100.0,0.0,7935.0,1,9.57,99.99,0.02,248.08,157.25
5.505,1,1,104.87,100.0,0.0,7980.0,1,9.567,99.99,0.02,249.06,157.36
5.523,1,1,105.46,100.0,0.0,8025.0,1,9.564,99.99,0.02,250.05,157.48
5.54,1,1,106.04,100.0,0.0,8070.0,1,9.56,99.99,0.02,251.05,157.6
5.556,1,1,106.59,100.0,0.0,8115.0,1,9.557,99.99,0.02,251.99,157.7
5.572,1,1,107.14,100.0,0.0,8157.0,1,9.554,99.99,0.02,252.94,157.82
5.588,1,1,107.73,100.0,0.0,8199.0,1,9.55,99.99,0.02,253.95,157.93
5.604,1,1,108.28,100.0,0.0,8244.0,1,9.547,99.99,0.02,254.9,158.04
5.621,1,1,108.86,100.0,0.0,8286.0,1,9.544,99.99,0.02,255.92,158.16
5.638,1,1,109.44,100.0,0.0,8330.0,1,9.54,99.99,0.03,256.95,158.27
5.655,1,1,109.99,100.0,0.0,8375.0,1,9.537,99.99,0.03,257.93,158.35
5.672,1,1,110.58,100.0,0.0,8417.0,1,9.533,99.99,0.03,258.97,158.43
5.687,1,1,111.13,100.0,0.0,8462.0,1,9.53,99.99,0.03,259.95,158.49
5.704,1,1,111.68,100.0,0.0,8504.0,1,9.526,99.99,0.03,260.94,158.54
5.719,1,1,112.22,100.0,0.0,8546.0,1,9.523,99.99,0.03,261.94,158.57
5.736,1,1,112.81,100.0,0.0,8588.0,1,9.52,99.99,0.03,263.01,158.58
5.753,1,1,113.39,100.0,0.0,8632.0,1,9.516,99.99,0.03,264.08,158.6
5.77,1,1,113.94,100.0,0.0,8677.0,1,9.512,99.99,0.03,265.09,158.62
5.786,1,1,114.52,100.0,0.0,8719.0,1,9.509,99.99,0.03,266.17,158.64
5.803,1,1,115.1,100.0,0.0,8763.0,1,9.505,99.99,0.03,267.26,158.66
5.82,1,1,115.68,100.0,0.0,8808.0,1,9.502,99.99,0.03,268.35,158.67
5.837,1,1,116.26,100.0,0.0,8852.0,1,9.498,99.99,0.03,269.45,158.69
5.853,1,1,116.81,100.0,0.0,8897.0,1,9.494,99.99,0.03,270.49,158.71
5.87,1,1,117.39,100.0,0.0,8939.0,1,9.491,99.99,0.03,271.6,158.73
5.887,1,1,117.97,100.0,0.0,8983.0,1,9.487,99.99,0.03,272.71,158.75
5.904,1,1,118.55,100.0,0.0,9028.0,1,9.483,99.99,0.03,273.83,158.77
5.921,1,1,119.1,100.0,0.0,9072.0,1,9.479,99.99,0.03,274.89,158.78
5.937,1,1,119.68,100.0,0.0,9114.0,1,9.476,99.99,0.03,276.02,158.8
5.953,1,1,120.22,100.0,0.0,9158.0,1,9.472,99.99,0.03,277.09,158.82
5.969,1,1,120.77,100.0,0.0,9200.0,1,9.468,99.99,0.03,278.16,158.84
5.986,1,1,121.31,100.0,0.0,9242.0,1,9.465,99.99,0.03,279.24,158.86
6.001,1,1,121.86,100.0,0.0,9283.0,1,9.461,99.99,0.03,280.32,158.87
6.017,1,1,122.4,100.0,0.0,9325.0,1,9.457,99.99,0.03,281.41,158.89
6.034,1,1,122.98,100.0,0.0,9367.0,1,9.454,99.99,0.03,282.57,158.91
6.05,1,1,123.53,100.0,0.0,9411.0,1,9.45,99.99,0.03,283.67,158.93
6.067,1,1,124.1,100.0,0.0,9453.0,1,9.446,99.99,0.03,284.84,158.95
6.084,1,1,124.68,100.0,0.0,9497.0,1,9.442,99.99,0.03,286.02,158.97
6.1,1,1,125.23,100.0,0.0,9541.0,1,9.438,99.99,0.03,287.13,158.99
6.117,1,1,125.8,100.0,0.0,9583.0,1,9.434,99.99,0.03,288.32,159.01
6.134,1,1,126.35,100.0,0.0,9627.0,1,9.43,99.99,0.03,289.44,159.03
6.15,1,1,126.89,100.0,0.0,9668.0,1,9.427,99.99,0.03,290.57,159.05
6.166,1,1,127.47,100.0,0.0,9710.0,1,9.423,99.99,0.03,291.77,159.07
6.183,1,1,128.01,100.0,0.0,9754.0,1,9.419,99.99,0.03,292.91,159.09
6.198,1,1,128.55,100.0,0.0,9796.0,1,9.415,99.99,0.03,294.05,159.11
6.215,1,1,129.09,100.0,0.0,9837.0,1,9.411,99.99,0.03,295.2,159.12
6.23,1,1,129.64,100.0,0.0,9879.0,1,9.407,99.99,0.03,296.35,159.14
6.246,1,1,130.18,100.0,0.0,9920.0,1,9.403,99.99,0.03,297.51,159.16
6.263,1,1,130.72,100.0,0.0,9962.0,1,9.4,99.99,0.03,298.67,159.18
6.279,1,1,131.29,100.0,0.0,10003.0,1,9.396,99.99,0.03,299.91,159.2
6.295,1,1,131.83,100.0,0.0,10047.0,1,9.392,99.99,0.03,301.08,159.22
6.312,1,1,132.37,100.0,0.0,10088.0,1,9.388,99.99,0.03,302.26,159.24
6.329,1,1,132.95,100.0,0.0,10130.0,1,9.384,99.99,0.03,303.51,159.26
6.345,1,1,133.52,100.0,0.0,10174.0,1,9.379,99.99,0.03,304.78,159.28
6.362,1,1,134.1,100.0,0.0,10218.0,1,9.375,99.99,0.03,306.04,159.31
6.379,1,1,134.67,100.0,0.0,10261.0,1,9.371,99.99,0.03,307.31,159.33
6.395,1,1,135.21,100.0,0.0,10305.0,1,9.367,99.99,0.03,308.51,159.35
6.412,1,1,135.75,100.0,0.0,10347.0,1,9.363,99.99,0.03,309.72,159.37
6.427,1,1,136.29,100.0,0.0,10388.0,1,9.359,99.99,0.03,310.93,159.39
6.444,1,1,136.83,100.0,0.0,10429.0,1,9.355,99.99,0.03,312.15,159.41
6.459,1,1,137.37,100.0,0.0,10470.0,1,9.351,99.99,0.03,313.37,159.43
6.476,1,1,137.94,100.0,0.0,10512.0,1,9.347,99.99,0.03,314.67,159.45
6.493,1,1,138.51,100.0,0.0,10555.0,1,9.342,99.99,0.03,315.98,159.47
6.51,1,1,139.05,100.0,0.0,10599.0,1,9.338,99.99,0.03,317.22,159.49
6.526,1,1,139.58,100.0,0.0,10640.0,1,9.334,99.99,0.03,318.46,159.51
6.542,1,1,140.16,100.0,0.0,10681.0,1,9.33,99.99,0.03,319.78,159.54
6.56,1,1,140.73,100.0,0.0,10725.0,1,9.325,99.99,0.03,321.11,159.56
6.577,1,1,141.3,100.0,0.0,10769.0,1,9.321,99.99,0.03,322.44,159.58
6.593,1,1,141.83,100.0,0.0,10812.0,1,9.316,99.99,0.03,323.7,159.58
6.609,1,1,142.4,100.0,0.0,10854.0,1,9.312,99.99,0.03,325.05,159.55
6.626,1,1,142.97,100.0,0.0,10897.0,1,9.308,99.99,0.03,326.4,159.5
6.642,1,1,143.51,100.0,0.0,10941.0,1,9.303,99.99,0.03,327.67,159.43
6.658,1,1,144.04,100.0,0.0,10982.0,1,9.299,99.99,0.03,328.95,159.34
6.675,1,1,144.61,100.0,0.0,11023.0,1,9.295,99.99,0.03,330.31,159.21
6.692,1,1,145.18,100.0,0.0,11066.0,1,9.29,99.99,0.03,331.67,159.06
6.709,1,1,145.75,100.0,0.0,11110.0,1,9.286,99.99,0.03,333.04,158.88
6.725,1,1,146.28,100.0,0.0,11153.0,1,9.281,99.99,0.03,334.32,158.69
6.742,1,1,146.85,100.0,0.0,11194.0,1,9.277,99.99,0.03,335.69,158.45
6.759,1,1,147.42,100.0,0.0,11238.0,1,9.272,99.99,0.03,337.06,158.22
6.776,1,1,147.99,100.0,0.0,11281.0,1,9.268,99.99,0.03,338.44,157.99
6.793,1,1,148.52,100.0,0.0,11324.0,1,9.263,99.99,0.03,339.74,157.77
6.809,1,1,149.05,100.0,0.0,11365.0,1,9.259,99.99,0.03,341.05,157.55
6.825,1,1,149.62,100.0,0.0,11406.0,1,9.254,99.99,0.03,342.44,157.31
6.842,1,1,150.15,100.0,0.0,11449.0,1,9.25,99.99,0.03,343.76,157.09
6.857,1,1,150.69,100.0,0.0,11490.0,1,9.245,99.99,0.03,345.08,156.87
6.874,1,1,151.25,100.0,0.0,11531.0,1,9.241,99.99,0.03,346.49,156.63
6.891,1,1,151.78,100.0,0.0,11574.0,1,9.236,99.99,0.03,347.82,156.4
6.907,1,1,152.35,100.0,0.0,11615.0,1,9.232,99.99,0.03,349.24,156.17
6.924,1,1,152.91,100.0,0.0,11658.0,1,9.227,99.99,0.03,350.66,155.92
6.941,1,1,153.44,100.0,0.0,11701.0,1,9.222,99.99,0.04,352.01,155.7
6.956,1,1,153.98,100.0,0.0,11742.0,1,9.218,99.99,0.04,353.35,155.47
6.972,1,1,154.51,100.0,0.0,11783.0,1,9.213,99.99,0.04,354.71,155.24
6.989,1,1,155.07,100.0,0.0,11823.0,1,9.209,99.99,0.04,356.15,155.0
7.006,1,1,155.6,100.0,0.0,11866.0,1,9.204,99.99,0.04,357.52,154.77
7.022,1,1,156.13,100.0,0.0,11907.0,1,9.199,99.99,0.04,358.89,154.53
7.038,1,1,156.69,100.0,0.0,11947.0,1,9.195,99.99,0.04,360.34,154.29
7.055,1,1,157.25,100.0,0.0,11991.0,1,9.19,99.99,0.04,361.81,154.04
7.072,1,1,157.78,100.0,0.0,12034.0,1,9.185,99.99,0.04,363.19,153.81
7.089,1,1,158.35,100.0,0.0,12074.0,1,9.18,99.99,0.04,364.67,153.56
7.105,1,1,158.87,100.0,0.0,12117.0,1,9.176,99.99,0.04,366.06,153.32
7.122,1,1,159.44,100.0,0.0,12158.0,1,9.171,99.99,0.04,367.55,153.1
7.138,1,1,160.0,100.0,0.0,12200.0,1,9.166,99.99,0.04,369.05,152.91
7.154,1,1,160.52,100.0,0.0,12243.0,1,9.161,99.99,0.04,370.47,152.76
7.171,1,1,161.08,100.0,0.0,12284.0,1,9.156,99.99,0.04,371.98,152.63
7.188,1,1,161.64,100.0,0.0,12327.0,1,9.151,99.99,0.04,373.51,152.53
7.205,1,1,162.2,100.0,0.0,12370.0,1,9.146,99.99,0.04,375.04,152.46
7.222,1,1,162.73,100.0,0.0,12412.0,1,9.141,99.99,0.04,376.48,152.43
7.238,1,1,163.29,100.0,0.0,12453.0,1,9.137,99.99,0.04,378.02,152.42
7.255,1,1,163.82,100.0,0.0,12495.0,1,9.132,99.99,0.04,379.48,152.42
7.272,1,1,164.37,100.0,0.0,12536.0,1,9.127,99.99,0.04,381.03,152.42
7.288,1,1,164.93,100.0,0.0,12578.0,1,9.122,99.99,0.04,382.59,152.41
7.305,1,1,165.46,100.0,0.0,12621.0,1,9.117,99.99,0.04,384.06,152.41
7.321,1,1,165.98,100.0,0.0,12661.0,1,9.112,99.99,0.04,385.54,152.4
7.337,1,1,166.54,100.0,0.0,12701.0,1,9.107,99.99,0.04,387.11,152.4
7.354,1,1,167.06,100.0,0.0,12744.0,1,9.102,99.99,0.04,388.59,152.4
7.369,1,1,167.59,100.0,0.0,12784.0,1,9.097,99.99,0.04,390.08,152.39
7.386,1,1,168.11,100.0,0.0,12824.0,1,9.092,99.99,0.04,391.58,152.39
7.401,1,1,168.64,100.0,0.0,12864.0,1,9.088,99.99,0.04,393.08,152.38
7.418,1,1,169.19,100.0,0.0,12904.0,1,9.083,99.99,0.04,394.68,152.38
7.435,1,1,169.71,100.0,0.0,12947.0,1,9.078,99.99,0.04,396.18,152.38
7.45,1,1,170.24,100.0,0.0,12987.0,1,9.073,99.99,0.04,397.7,152.37
7.467,1,1,170.67,100.0,0.0,13027.0,1,7.068,99.99,0.04,399.31,152.37
7.484,1,1,171.08,100.0,0.0,13060.0,1,7.064,99.99,0.04,400.83,152.36
7.5,1,1,171.51,100.0,0.0,13091.0,1,7.06,99.99,0.04,402.45,152.36
7.517,1,1,171.94,100.0,0.0,13124.0,1,7.056,99.99,0.04,404.07,152.35
7.534,1,1,172.37,100.0,0.0,13157.0,1,7.052,99.99,0.04,405.7,152.35
7.551,1,1,172.8,100.0,0.0,13190.0,1,7.048,99.99,0.04,407.33,152.35
7.567,1,1,173.21,100.0,0.0,13223.0,1,7.044,99.99,0.04,408.87,152.34
7.584,1,1,173.64,100.0,0.0,13254.0,1,7.04,99.99,0.04,410.51,152.34
7.601,1,1,174.07,100.0,0.0,13287.0,1,7.036,99.99,0.04,412.16,152.33
7.617,1,1,174.48,100.0,0.0,13320.0,1,7.031,99.99,0.04,413.71,152.33
7.635,1,1,174.91,100.0,0.0,13351.0,1,7.028,99.99,0.04,415.36,152.32
7.65,1,1,175.31,100.0,0.0,13384.0,1,7.023,99.99,0.04,416.92,152.32
7.666,1,1,175.71,100.0,0.0,13415.0,1,7.019,99.99,0.04,418.48,152.32
7.683,1,1,176.12,100.0,0.0,13446.0,1,7.016,99.99,0.04,420.05,152.31
7.699,1,1,176.52,100.0,0.0,13477.0,1,7.012,99.99,0.04,421.61,152.31
7.715,1,1,177.04,100.0,0.0,10131.0,2,9.008,99.99,0.04,423.19,152.3
7.732,1,1,177.62,100.0,0.0,10161.0,2,9.003,99.99,0.04,424.96,152.3
7.749,1,1,178.14,100.0,0.0,10194.0,2,8.997,99.99,0.04,426.55,152.29
7.765,1,1,178.69,100.0,0.0,10224.0,2,8.992,99.99,0.04,428.24,152.29
7.782,1,1,179.24,100.0,0.0,10256.0,2,8.986,99.99,0.04,429.93,152.28
7.799,1,1,179.79,100.0,0.0,10287.0,2,8.981,99.99,0.04,431.63,152.28
7.816,1,1,180.31,100.0,0.0,10319.0,2,8.976,99.99,0.04,433.23,152.28
7.832,1,1,180.83,100.0,0.0,10348.0,2,8.97,99.99,0.04,434.84,152.27
7.847,1,1,181.34,100.0,0.0,10378.0,2,8.965,99.99,0.04,436.45,152.27
7.864,1,1,181.86,100.0,0.0,10408.0,2,8.96,99.99,0.04,438.06,152.26
7.88,1,1,182.37,100.0,0.0,10437.0,2,8.955,99.99,0.04,439.69,152.26
7.896,1,1,182.92,100.0,0.0,10467.0,2,8.95,99.99,0.04,441.41,152.25
7.913,1,1,183.47,100.0,0.0,10498.0,2,8.944,99.99,0.04,443.15,152.25
7.93,1,1,184.02,100.0,0.0,10530.0,2,8.939,99.99,0.04,444.88,152.24
7.947,1,1,184.56,100.0,0.0,10561.0,2,8.933,99.99,0.04,446.63,152.24
7.963,1,1,185.08,100.0,0.0,10592.0,2,8.928,99.99,0.04,448.27,152.24
7.98,1,1,185.62,100.0,0.0,10622.0,2,8.922,99.99,0.04,450.03,152.23
7.997,1,1,186.14,100.0,0.0,10653.0,2,8.917,99.99,0.04,451.68,152.23
8.013,1,1,186.68,100.0,0.0,10683.0,2,8.912,99.99,0.04,453.44,152.22
8.03,1,1,187.23,100.0,0.0,10714.0,2,8.906,99.99,0.04,455.21,152.22
8.047,1,1,187.74,100.0,0.0,10745.0,2,8.9,99.99,0.04,456.88,152.21
8.063,1,1,188.25,100.0,0.0,10775.0,2,8.895,99.99,0.04,458.55,152.21
8.079,1,1,188.8,100.0,0.0,10804.0,2,8.89,99.99,0.04,460.34,152.2
8.096,1,1,189.34,100.0,0.0,10835.0,2,8.884,99.99,0.04,462.12,152.2
8.113,1,1,189.85,100.0,0.0,10867.0,2,8.878,99.99,0.04,463.81,152.19
8.129,1,1,190.39,100.0,0.0,10896.0,2,8.873,99.99,0.04,465.61,152.19
8.146,1,1,190.94,100.0,0.0,10927.0,2,8.867,99.99,0.04,467.41,152.18
8.163,1,1,191.45,100.0,0.0,10958.0,2,8.862,99.99,0.04,469.12,152.18
8.179,1,1,191.99,100.0,0.0,10988.0,2,8.856,99.99,0.04,470.93,152.17
8.196,1,1,192.53,100.0,0.0,11019.0,2,8.851,99.99,0.04,472.75,152.17
8.213,1,1,193.07,100.0,0.0,11050.0,2,8.845,99.99,0.04,474.57,152.16
8.23,1,1,193.61,100.0,0.0,11081.0,2,8.839,99.99,0.04,476.4,152.16
8.247,1,1,194.15,100.0,0.0,11112.0,2,8.833,99.99,0.04,478.23,152.15
8.265,1,1,194.69,100.0,0.0,11143.0,2,8.828,99.99,0.04,480.07,152.15
8.281,1,1,195.23,100.0,0.0,11174.0,2,8.822,99.99,0.04,481.92,152.14
8.298,1,1,195.77,100.0,0.0,11205.0,2,8.816,99.99,0.04,483.76,152.14
8.315,1,1,196.28,100.0,0.0,11236.0,2,8.81,99.99,0.04,485.51,152.13
8.331,1,1,196.79,100.0,0.0,11265.0,2,8.805,99.99,0.05,487.26,152.13
8.347,1,1,197.33,100.0,0.0,11294.0,2,8.799,99.99,0.05,489.12,152.12
8.364,1,1,197.87,100.0,0.0,11325.0,2,8.793,99.99,0.05,490.99,152.12
8.381,1,1,198.4,100.0,0.0,11356.0,2,8.787,99.99,0.05,492.86,152.11
8.398,1,1,198.94,100.0,0.0,11387.0,2,8.782,99.99,0.05,494.74,152.11
8.415,1,1,199.45,100.0,0.0,11418.0,2,8.776,99.99,0.05,496.52,152.1
8.43,1,1,199.95,100.0,0.0,11447.0,2,8.77,99.99,0.05,498.29,152.1
8.447,1,1,200.46,100.0,0.0,11476.0,2,8.765,99.99,0.05,500.08,152.1
8.464,1,1,200.99,100.0,0.0,11505.0,2,8.759,99.99,0.05,501.97,152.09
8.479,1,1,201.5,100.0,0.0,11535.0,2,8.753,99.99,0.05,503.76,152.09
8.495,1,1,202.0,100.0,0.0,11564.0,2,8.747,99.99,0.05,505.56,152.08
8.511,1,1,202.5,100.0,0.0,11593.0,2,8.742,99.99,0.05,507.36,152.08
8.527,1,1,203.01,100.0,0.0,11622.0,2,8.736,99.99,0.05,509.16,152.07
8.543,1,1,203.51,100.0,0.0,11651.0,2,8.731,99.99,0.05,510.97,152.07
8.56,1,1,204.04,100.0,0.0,11680.0,2,8.725,99.99,0.05,512.9,152.06
8.577,1,1,204.58,100.0,0.0,11711.0,2,8.719,99.99,0.05,514.83,152.06
8.594,1,1,205.11,100.0,0.0,11741.0,2,8.713,99.99,0.05,516.77,152.05
8.61,1,1,205.61,100.0,0.0,11772.0,2,8.707,99.99,0.05,518.6,152.05
8.627,1,1,206.11,100.0,0.0,11801.0,2,8.701,99.99,0.05,520.43,152.04
8.644,1,1,206.65,100.0,0.0,11829.0,2,8.696,99.99,0.05,522.38,152.04
8.659,1,1,207.15,100.0,0.0,11860.0,2,8.69,99.99,0.05,524.22,152.03
8.676,1,1,207.65,100.0,0.0,11889.0,2,8.684,99.99,0.05,526.07,152.03
8.693,1,1,208.18,100.0,0.0,11917.0,2,8.678,99.99,0.05,528.03,152.02
8.708,1,1,208.68,100.0,0.0,11948.0,2,8.672,99.99,0.05,529.89,152.01
8.726,1,1,209.21,100.0,0.0,11976.0,2,8.666,99.99,0.05,531.87,152.01
8.742,1,1,209.71,100.0,0.0,12007.0,2,8.66,99.99,0.05,533.73,152.0
8.758,1,1,210.2,100.0,0.0,12035.0,2,8.654,99.99,0.05,535.6,152.0
8.774,1,1,210.73,100.0,0.0,12064.0,2,8.649,99.99,0.05,537.59,151.99
8.791,1,1,211.23,100.0,0.0,12094.0,2,8.643,99.99,0.05,539.47,151.99
8.806,1,1,211.73,100.0,0.0,12123.0,2,8.637,99.99,0.05,541.35,151.98
8.824,1,1,212.29,100.0,0.0,12152.0,2,8.631,99.99,0.05,543.47,151.98
8.841,1,1,212.79,100.0,0.0,12184.0,2,8.624,99.99,0.05,545.36,151.97
8.857,1,1,213.28,100.0,0.0,12212.0,2,8.619,99.99,0.05,547.26,151.97
8.873,1,1,213.78,100.0,0.0,12241.0,2,8.613,99.99,0.05,549.16,151.96
8.888,1,1,214.27,100.0,0.0,12269.0,2,8.607,99.99,0.05,551.06,151.96
8.905,1,1,214.77,100.0,0.0,12298.0,2,8.601,99.99,0.05,552.97,151.95
8.921,1,1,215.29,100.0,0.0,12326.0,2,8.595,99.99,0.05,555.01,151.95
8.938,1,1,215.82,100.0,0.0,12356.0,2,8.589,99.99,0.05,557.04,151.94
8.956,1,1,216.35,100.0,0.0,12386.0,2,8.583,99.99,0.05,559.09,151.94
8.973,1,1,216.9,100.0,0.0,12417.0,2,8.576,99.99,0.05,561.26,151.93
8.99,1,1,217.4,100.0,0.0,12448.0,2,8.57,99.99,0.05,563.19,151.93
9.006,1,1,217.92,100.0,0.0,12477.0,2,8.564,99.99,0.05,565.25,151.92
9.023,1,1,218.44,100.0,0.0,12507.0,2,8.558,99.99,0.05,567.31,151.91
9.039,1,1,218.94,100.0,0.0,12537.0,2,8.551,99.99,0.05,569.26,151.91
9.056,1,1,219.43,100.0,0.0,12565.0,2,8.545,99.99,0.05,571.21,151.9
9.072,1,1,219.92,100.0,0.0,12593.0,2,8.539,99.99,0.05,573.16,151.9
9.088,1,1,220.44,100.0,0.0,12622.0,2,8.533,99.99,0.05,575.24,151.89
9.105,1,1,220.93,100.0,0.0,12652.0,2,8.527,99.99,0.05,577.21,151.89
9.12,1,1,221.42,100.0,0.0,12680.0,2,8.521,99.99,0.05,579.17,151.88
9.137,1,1,221.94,100.0,0.0,12708.0,2,8.515,99.99,0.05,581.27,151.88
9.153,1,1,222.44,100.0,0.0,12738.0,2,8.509,99.99,0.05,583.25,151.87
9.17,1,1,222.96,100.0,0.0,12766.0,2,8.503,99.99,0.05,585.35,151.87
9.187,1,1,223.48,100.0,0.0,12796.0,2,8.496,99.99,0.05,587.46,151.86
9.204,1,1,223.99,100.0,0.0,12826.0,2,8.49,99.99,0.05,589.58,151.85
9.222,1,1,224.51,100.0,0.0,12856.0,2,8.484,99.99,0.05,591.7,151.85
9.237,1,1,225.0,100.0,0.0,12885.0,2,8.477,99.99,0.05,593.7,151.84
9.254,1,1,225.49,100.0,0.0,12913.0,2,8.471,99.99,0.05,595.7,151.84
9.27,1,1,226.01,100.0,0.0,12941.0,2,8.465,99.99,0.05,597.84,151.83
9.286,1,1,226.5,100.0,0.0,12971.0,2,8.459,99.99,0.05,599.85,151.83
9.303,1,1,226.98,100.0,0.0,12999.0,2,8.453,99.99,0.05,601.87,151.82
9.319,1,1,227.35,100.0,0.0,13027.0,2,6.446,99.99,0.05,603.89,151.82
9.335,1,1,227.72,100.0,0.0,13048.0,2,6.442,99.99,0.05,605.91,151.81
9.351,1,1,228.12,100.0,0.0,13070.0,2,6.437,99.99,0.05,608.07,151.8
9.368,1,1,228.51,100.0,0.0,13092.0,2,6.432,99.99,0.05,610.23,151.8
9.385,1,1,228.91,100.0,0.0,13115.0,2,6.427,99.99,0.05,612.39,151.79
9.402,1,1,229.28,100.0,0.0,13137.0,2,6.422,99.98,0.05,614.43,151.79
9.418,1,1,229.67,100.0,0.0,13159.0,2,6.418,99.98,0.05,616.6,151.78
9.435,1,1,230.06,100.0,0.0,13181.0,2,6.413,99.98,0.05,618.77,151.78
9.453,1,1,230.45,100.0,0.0,13204.0,2,6.408,99.98,0.05,620.95,151.77
9.469,1,1,230.84,100.0,0.0,13226.0,2,6.403,99.98,0.05,623.13,151.76
9.486,1,1,231.24,100.0,0.0,13249.0,2,6.398,99.98,0.05,625.31,151.76
9.503,1,1,231.6,100.0,0.0,13271.0,2,6.393,99.98,0.05,627.37,151.75
9.519,1,1,232.0,100.0,0.0,13292.0,2,6.388,99.98,0.05,629.56,151.75
9.536,1,1,232.39,100.0,0.0,13315.0,2,6.383,99.98,0.05,631.75,151.74
9.553,1,1,232.78,100.0,0.0,13337.0,2,6.378,99.98,0.05,633.95,151.73
9.57,1,1,233.14,100.0,0.0,13360.0,2,6.373,99.98,0.05,636.03,151.73
9.586,1,1,233.51,100.0,0.0,13381.0,2,6.368,99.98,0.05,638.1,151.72
9.602,1,1,233.88,100.0,0.0,13402.0,2,6.364,99.98,0.05,640.18,151.72
9.618,1,1,234.24,100.0,0.0,13423.0,2,6.359,99.98,0.05,642.26,151.71
9.634,1,1,234.61,100.0,0.0,13444.0,2,6.354,99.98,0.05,644.35,151.71
9.65,1,1,235.0,100.0,0.0,13465.0,2,6.349,99.98,0.05,646.57,151.7
9.667,1,1,235.39,100.0,0.0,13487.0,2,6.344,99.98,0.05,648.79,151.69
9.684,1,1,235.87,100.0,0.0,10614.0,3,8.339,99.98,0.05,650.89,151.69
9.7,1,1,236.38,100.0,0.0,10636.0,3,8.333,99.98,0.05,653.12,151.68
9.717,1,1,236.89,100.0,0.0,10659.0,3,8.326,99.98,0.05,655.36,151.68
9.734,1,1,237.4,100.0,0.0,10682.0,3,8.32,99.98,0.05,657.6,151.67
9.752,1,1,237.9,100.0,0.0,10705.0,3,8.313,99.98,0.05,659.85,151.66
9.768,1,1,238.41,100.0,0.0,10728.0,3,8.306,99.98,0.05,662.1,151.66
9.785,1,1,238.92,100.0,0.0,10751.0,3,8.3,99.98,0.05,664.35,151.65
9.802,1,1,239.4,100.0,0.0,10774.0,3,8.293,99.98,0.05,666.48,151.65
9.818,1,1,239.91,100.0,0.0,10795.0,3,8.287,99.98,0.05,668.75,151.64
9.835,1,1,240.38,100.0,0.0,10818.0,3,8.28,99.98,0.06,670.88,151.63
9.852,1,1,240.89,100.0,0.0,10840.0,3,8.274,99.98,0.06,673.16,151.63
9.868,1,1,241.36,100.0,0.0,10863.0,3,8.267,99.98,0.06,675.3,151.62
9.884,1,1,241.87,100.0,0.0,10884.0,3,8.261,99.98,0.06,677.59,151.62
9.902,1,1,242.38,100.0,0.0,10907.0,3,8.254,99.98,0.06,679.88,151.61
9.918,1,1,242.88,100.0,0.0,10930.0,3,8.247,99.98,0.06,682.17,151.6
9.935,1,1,243.35,100.0,0.0,10952.0,3,8.241,99.98,0.06,684.33,151.6
9.952,1,1,243.86,100.0,0.0,10974.0,3,8.234,99.98,0.06,686.64,151.59
9.969,1,1,244.36,100.0,0.0,10997.0,3,8.227,99.98,0.06,688.95,151.59
9.985,1,1,244.84,100.0,0.0,11019.0,3,8.221,99.98,0.06,691.12,151.58
10.001,1,1,245.31,100.0,0.0,11041.0,3,8.214,99.98,0.06,693.3,151.57
10.017,1,1,245.78,100.0,0.0,11062.0,3,8.208,99.98,0.06,695.49,151.57
10.033,1,1,246.28,100.0,0.0,11083.0,3,8.201,99.98,0.06,697.81,151.56
10.05,1,1,246.76,100.0,0.0,11106.0,3,8.195,99.98,0.06,700.01,151.56
10.066,1,1,247.26,100.0,0.0,11127.0,3,8.188,99.98,0.06,702.34,151.55
10.083,1,1,247.76,100.0,0.0,11150.0,3,8.181,99.98,0.06,704.68,151.54
10.1,1,1,248.26,100.0,0.0,11172.0,3,8.175,99.98,0.06,707.03,151.54
10.117,1,1,248.73,100.0,0.0,11195.0,3,8.168,99.98,0.06,709.24,151.53
10.133,1,1,249.2,100.0,0.0,11216.0,3,8.161,99.98,0.06,711.45,151.53
10.149,1,1,249.67,100.0,0.0,11237.0,3,8.155,99.98,0.06,713.67,151.52
10.165,1,1,250.14,100.0,0.0,11258.0,3,8.148,99.98,0.06,715.89,151.51
10.181,1,1,250.61,100.0,0.0,11280.0,3,8.142,99.98,0.06,718.12,151.51
10.197,1,1,251.07,100.0,0.0,11301.0,3,8.135,99.98,0.06,720.35,151.5
10.213,1,1,251.54,100.0,0.0,11322.0,3,8.129,99.98,0.06,722.59,151.57
10.229,1,1,252.04,100.0,0.0,11343.0,3,8.122,99.98,0.06,724.97,151.71
10.246,1,1,252.51,100.0,0.0,11365.0,3,8.116,99.98,0.06,727.2,151.92
10.261,1,1,252.97,100.0,0.0,11387.0,3,8.109,99.98,0.06,729.43,152.21
10.278,1,1,253.47,100.0,0.0,11408.0,3,8.103,99.98,0.06,731.79,152.58
10.295,1,1,253.97,100.0,0.0,11430.0,3,8.096,99.98,0.06,734.15,153.04
10.311,1,1,254.43,100.0,0.0,11452.0,3,8.089,99.98,0.06,736.36,153.54
10.328,1,1,254.9,100.0,0.0,11473.0,3,8.082,99.98,0.06,738.56,154.04
10.344,1,1,255.36,100.0,0.0,11494.0,3,8.076,99.98,0.06,740.78,154.54
10.36,1,1,255.86,100.0,0.0,11515.0,3,8.069,99.98,0.06,743.13,155.08
10.377,1,1,256.35,100.0,0.0,11538.0,3,8.062,99.98,0.06,745.5,155.61
10.394,1,1,256.84,100.0,0.0,11560.0,3,8.055,99.98,0.06,747.86,156.15
10.411,1,1,257.34,100.0,0.0,11582.0,3,8.048,99.98,0.06,750.23,156.69
10.428,1,1,257.83,100.0,0.0,11604.0,3,8.041,99.98,0.06,752.61,157.23
10.445,1,1,258.32,100.0,0.0,11626.0,3,8.034,99.98,0.06,754.98,157.77
10.461,1,1,258.78,100.0,0.0,11649.0,3,8.027,99.98,0.06,757.23,158.28
10.477,1,1,259.24,100.0,0.0,11669.0,3,8.021,99.98,0.06,759.48,158.79
10.493,1,1,259.71,100.0,0.0,11690.0,3,8.014,99.98,0.06,761.73,159.3
10.509,1,1,260.17,100.0,0.0,11711.0,3,8.007,99.98,0.06,763.98,159.81
10.526,1,1,260.66,100.0,0.0,11732.0,3,8.001,99.98,0.06,766.38,160.36
10.542,1,1,261.12,100.0,0.0,11754.0,3,7.994,99.98,0.06,768.65,160.87
10.558,1,1,261.58,100.0,0.0,11775.0,3,7.987,99.98,0.06,770.91,161.38
10.574,1,1,262.04,100.0,0.0,11796.0,3,7.981,99.98,0.06,773.18,161.9
10.591,1,1,262.5,100.0,0.0,11816.0,3,7.974,99.98,0.06,775.46,162.42
10.607,1,1,262.98,100.0,0.0,11837.0,3,7.967,99.98,0.06,777.88,162.97
10.624,1,1,263.44,100.0,0.0,11859.0,3,7.96,99.98,0.06,780.17,163.49
10.64,1,1,263.93,100.0,0.0,11880.0,3,7.954,99.98,0.06,782.6,164.04
10.657,1,1,264.41,100.0,0.0,11902.0,3,7.946,99.98,0.06,785.03,164.59
10.674,1,1,264.9,100.0,0.0,11923.0,3,7.939,99.98,0.06,787.47,165.14
10.692,1,1,265.39,100.0,0.0,11945.0,3,7.932,99.98,0.06,789.92,165.7
10.708,1,1,265.84,100.0,0.0,11967.0,3,7.925,99.98,0.06,792.22,166.22
10.725,1,1,266.33,100.0,0.0,11988.0,3,7.918,99.98,0.06,794.67,166.78
10.741,1,1,266.78,100.0,0.0,12010.0,3,7.911,99.98,0.06,796.99,167.3
10.757,1,1,267.27,100.0,0.0,12030.0,3,7.905,99.98,0.06,799.45,167.86
10.773,1,1,267.72,100.0,0.0,12052.0,3,7.898,99.98,0.06,801.77,168.39
10.79,1,1,268.18,100.0,0.0,12073.0,3,7.891,99.98,0.06,804.09,168.92
10.806,1,1,268.63,100.0,0.0,12093.0,3,7.884,99.98,0.06,806.42,169.45
10.822,1,1,269.08,100.0,0.0,12114.0,3,7.877,99.98,0.06,808.75,169.98
10.838,1,1,269.57,100.0,0.0,12134.0,3,7.871,99.98,0.06,811.24,170.54
10.856,1,1,270.05,100.0,0.0,12156.0,3,7.864,99.98,0.06,813.72,171.1
10.872,1,1,270.5,100.0,0.0,12177.0,3,7.856,99.98,0.06,816.07,171.64
10.888,1,1,270.98,100.0,0.0,12198.0,3,7.85,99.98,0.06,818.56,172.2
10.905,1,1,271.46,100.0,0.0,12220.0,3,7.842,99.98,0.06,821.06,172.77
10.923,1,1,271.94,100.0,0.0,12241.0,3,7.835,99.98,0.06,823.57,173.34
10.939,1,1,272.42,100.0,0.0,12263.0,3,7.828,99.98,0.06,826.08,173.91
10.956,1,1,272.9,100.0,0.0,12284.0,3,7.821,99.98,0.06,828.59,174.48
10.972,1,1,273.35,100.0,0.0,12306.0,3,7.814,99.98,0.06,830.96,175.02
10.99,1,1,273.82,100.0,0.0,12326.0,3,7.807,99.98,0.06,833.48,175.59
11.007,1,1,274.3,100.0,0.0,12348.0,3,7.8,99.98,0.06,836.01,176.16
11.022,1,1,274.75,100.0,0.0,12369.0,3,7.793,99.98,0.06,838.39,176.7
11.039,1,1,275.23,100.0,0.0,12390.0,3,7.786,99.98,0.06,840.93,177.28
11.056,1,1,275.7,100.0,0.0,12411.0,3,7.778,99.98,0.06,843.46,177.86
11.073,1,1,276.15,100.0,0.0,12433.0,3,7.771,99.98,0.06,845.86,178.4
11.089,1,1,276.63,100.0,0.0,12453.0,3,7.764,99.98,0.06,848.41,178.98
11.106,1,1,277.07,100.0,0.0,12474.0,3,7.757,99.98,0.06,850.81,179.52
11.122,1,1,277.52,100.0,0.0,12494.0,3,7.75,99.98,0.06,853.21,180.07
11.138,1,1,277.99,100.0,0.0,12514.0,3,7.744,99.98,0.06,855.77,180.65
11.155,1,1,278.47,100.0,0.0,12536.0,3,7.736,99.98,0.06,858.32,181.32
11.172,1,1,278.94,100.0,0.0,12557.0,3,7.729,99.98,0.06,860.84,182.09
11.188,1,1,279.38,100.0,0.0,12578.0,3,7.722,99.98,0.06,863.19,182.89
11.204,1,1,279.83,100.0,0.0,12599.0,3,7.715,99.98,0.06,865.51,183.78
11.22,1,1,280.27,100.0,0.0,12619.0,3,7.708,99.98,0.06,867.8,184.76
11.237,1,1,280.72,100.0,0.0,12639.0,3,7.701,99.98,0.06,870.06,185.81
11.253,1,1,281.19,100.0,0.0,12659.0,3,7.694,99.98,0.06,872.43,187.02
11.269,1,1,281.63,100.0,0.0,12680.0,3,7.687,99.98,0.06,874.61,188.24
11.286,1,1,282.1,100.0,0.0,12700.0,3,7.68,99.98,0.06,876.89,189.62
11.304,1,1,282.57,100.0,0.0,12721.0,3,7.673,99.98,0.06,879.12,191.09
11.32,1,1,283.01,100.0,0.0,12742.0,3,7.666,99.98,0.06,881.17,192.54
11.337,1,1,283.48,100.0,0.0,12762.0,3,7.659,99.98,0.06,883.3,194.17
11.353,1,1,283.92,100.0,0.0,12783.0,3,7.651,99.98,0.06,885.25,195.78
11.368,1,1,284.36,100.0,0.0,12803.0,3,7.644,99.98,0.07,887.14,197.46
11.385,1,1,284.83,100.0,0.0,12823.0,3,7.638,99.98,0.07,889.08,199.31
11.401,1,1,285.27,100.0,0.0,12844.0,3,7.63,99.98,0.07,890.85,201.13
11.418,1,1,285.73,100.0,0.0,12864.0,3,7.623,99.98,0.07,892.66,203.13
11.435,1,1,286.17,100.0,0.0,12885.0,3,7.616,99.98,0.07,894.3,205.08
11.451,1,1,286.61,100.0,0.0,12905.0,3,7.609,99.98,0.07,895.87,207.09
11.467,1,1,287.08,100.0,0.0,12924.0,3,7.602,99.98,0.07,897.46,209.28
11.483,1,1,287.51,100.0,0.0,12945.0,3,7.595,99.98,0.07,898.88,211.41
11.5,1,1,287.95,100.0,0.0,12965.0,3,7.588,99.98,0.07,900.22,213.59
11.516,1,1,288.39,100.0,0.0,12985.0,3,7.581,99.98,0.07,901.48,215.82
11.532,1,1,288.73,100.0,0.0,13005.0,3,5.574,99.98,0.07,902.74,218.24
11.548,1,1,289.05,100.0,0.0,13020.0,3,5.569,99.98,0.07,903.84,220.56
11.564,1,1,289.37,100.0,0.0,13034.0,3,5.563,99.98,0.07,904.85,222.92
11.582,1,1,289.71,100.0,0.0,13049.0,3,5.558,99.98,0.07,905.84,225.48
11.598,1,1,290.05,100.0,0.0,13064.0,3,5.553,99.98,0.07,906.73,228.07
11.615,1,1,290.39,100.0,0.0,13079.0,3,5.547,99.98,0.07,907.52,230.69
11.633,1,1,290.73,100.0,0.0,13095.0,3,5.542,99.98,0.07,908.22,233.35
11.648,1,1,291.05,100.0,0.0,13110.0,3,5.537,99.98,0.07,908.79,235.87
11.664,1,1,291.37,100.0,0.0,13124.0,3,5.531,99.98,0.07,909.26,238.42
11.682,1,1,291.7,100.0,0.0,13139.0,3,5.526,99.98,0.07,909.66,241.14
11.698,1,2,292.04,100.0,0.0,13154.0,3,5.521,99.98,0.07,909.96,243.89
11.714,1,2,292.36,100.0,0.0,13169.0,3,5.515,99.98,0.07,910.14,246.48
11.731,1,2,292.68,100.0,0.0,13184.0,3,5.51,99.98,0.07,910.23,249.08
11.747,1,2,293.01,100.0,0.0,13198.0,3,5.505,99.98,0.07,910.22,251.85
11.764,1,2,293.33,100.0,0.0,13213.0,3,5.5,99.98,0.07,910.11,254.45
11.78,1,2,293.65,100.0,0.0,13227.0,3,5.495,99.98,0.07,909.9,257.05
11.796,1,2,293.98,100.0,0.0,13242.0,3,5.49,99.98,0.07,909.58,259.81
11.814,1,2,294.32,100.0,0.0,13257.0,3,5.484,99.98,0.07,909.16,262.56
11.83,1,2,294.65,100.0,0.0,13272.0,3,5.479,99.98,0.07,908.63,265.29
11.847,1,2,294.99,100.0,0.0,13287.0,3,5.473,99.98,0.07,908.1,268.02
11.864,1,2,295.32,100.0,0.0,13302.0,3,5.468,99.98,0.07,907.57,270.76
11.881,1,2,295.66,100.0,0.0,13317.0,3,5.462,99.98,0.07,907.04,273.5
11.898,1,2,295.99,100.0,0.0,13332.0,3,5.457,99.98,0.07,906.51,276.25
11.915,1,2,296.33,100.0,0.0,13347.0,3,5.451,99.98,0.07,905.97,279.0
11.932,1,2,296.64,100.0,0.0,13363.0,3,5.446,99.98,0.07,905.47,281.59
11.948,1,2,296.97,100.0,0.0,13377.0,3,5.441,99.98,0.07,904.94,284.34
11.965,1,2,297.29,100.0,0.0,13392.0,3,5.435,99.98,0.07,904.44,286.93
11.98,1,2,297.6,100.0,0.0,13406.0,3,5.43,99.98,0.07,903.93,289.53
11.997,1,2,297.93,100.0,0.0,13420.0,3,5.425,99.98,0.07,903.4,292.29
12.015,1,2,298.26,100.0,0.0,13435.0,3,5.42,99.98,0.07,902.86,295.06
12.031,1,2,298.59,100.0,0.0,13450.0,3,5.414,99.98,0.07,902.33,297.83
12.048,1,2,298.92,100.0,0.0,13465.0,3,5.409,99.98,0.07,901.79,300.6
12.064,1,2,299.24,100.0,0.0,13480.0,3,5.403,99.98,0.07,901.28,303.21
12.082,1,2,299.57,100.0,0.0,13494.0,3,5.398,99.98,0.07,900.75,305.99
12.098,1,2,299.99,100.0,0.0,11053.0,4,7.393,99.98,0.07,900.24,308.61
12.114,1,2,300.44,100.0,0.0,11068.0,4,7.386,99.98,0.07,899.7,311.39
12.131,1,2,300.9,100.0,0.0,11085.0,4,7.378,99.98,0.07,899.16,314.18
12.147,1,2,301.32,100.0,0.0,11102.0,4,7.371,99.98,0.07,898.65,316.81
12.165,1,2,301.77,100.0,0.0,11117.0,4,7.364,99.98,0.07,898.0,319.59
12.182,1,2,302.22,100.0,0.0,11134.0,4,7.356,99.98,0.07,897.24,322.34
12.197,1,2,302.64,100.0,0.0,11150.0,4,7.349,99.98,0.07,896.43,324.9
12.214,1,2,303.07,100.0,0.0,11166.0,4,7.342,99.98,0.07,895.52,327.44
12.229,1,2,303.49,100.0,0.0,11182.0,4,7.335,99.98,0.07,894.51,329.94
12.246,1,2,303.91,100.0,0.0,11197.0,4,7.328,99.98,0.07,893.4,332.4
12.262,1,2,304.33,100.0,0.0,11213.0,4,7.321,99.98,0.07,892.19,334.82
12.277,1,2,304.75,100.0,0.0,11228.0,4,7.313,99.98,0.07,890.89,337.2
12.294,1,2,305.18,100.0,0.0,11244.0,4,7.306,99.98,0.07,889.5,339.53
12.31,1,2,305.62,100.0,0.0,11259.0,4,7.299,99.98,0.07,887.92,341.94
12.327,1,2,306.04,100.0,0.0,11276.0,4,7.292,99.98,0.07,886.34,344.16
12.343,1,2,306.49,100.0,0.0,11291.0,4,7.285,99.98,0.07,884.57,346.45
12.359,1,2,306.91,100.0,0.0,11308.0,4,7.277,99.98,0.07,882.83,348.55
12.376,1,2,307.35,100.0,0.0,11323.0,4,7.27,99.98,0.07,880.88,350.7
12.393,1,2,307.77,100.0,0.0,11340.0,4,7.263,99.98,0.07,878.96,352.65
12.409,1,2,308.21,100.0,0.0,11355.0,4,7.255,99.98,0.07,876.85,354.65
12.426,1,2,308.63,100.0,0.0,11372.0,4,7.248,99.98,0.07,874.78,356.46
12.442,1,2,309.05,100.0,0.0,11387.0,4,7.241,99.98,0.07,872.64,358.18
12.458,1,2,309.47,100.0,0.0,11402.0,4,7.234,99.98,0.07,870.43,359.82
12.475,1,2,309.91,100.0,0.0,11418.0,4,7.227,99.98,0.07,868.02,361.47
12.491,1,2,310.35,100.0,0.0,11434.0,4,7.219,99.98,0.07,865.53,363.03
12.507,1,2,310.77,100.0,0.0,11450.0,4,7.211,99.98,0.07,863.14,364.4
12.524,1,2,311.21,100.0,0.0,11466.0,4,7.204,99.98,0.07,860.53,365.76
12.54,1,2,311.62,100.0,0.0,11482.0,4,7.197,99.98,0.07,858.02,366.94
12.557,1,2,312.06,100.0,0.0,11497.0,4,7.19,99.98,0.07,855.31,368.09
12.574,1,2,312.47,100.0,0.0,11513.0,4,7.182,99.98,0.07,852.75,369.17
12.59,1,2,312.89,100.0,0.0,11529.0,4,7.175,99.98,0.07,850.19,370.25
12.605,1,2,313.3,100.0,0.0,11544.0,4,7.168,99.98,0.07,847.63,371.34
12.622,1,2,313.71,100.0,0.0,11559.0,4,7.161,99.98,0.07,845.1,372.53
12.638,1,2,314.15,100.0,0.0,11574.0,4,7.154,99.98,0.07,842.47,373.9
12.655,1,2,314.59,100.0,0.0,11591.0,4,7.146,99.98,0.07,839.9,375.38
12.671,1,2,315.0,100.0,0.0,11607.0,4,7.138,99.98,0.07,837.52,376.87
12.687,1,2,315.41,100.0,0.0,11622.0,4,7.131,99.98,0.07,835.21,378.45
12.704,1,2,315.82,100.0,0.0,11637.0,4,7.124,99.98,0.07,832.96,380.13
12.72,1,2,316.26,100.0,0.0,11652.0,4,7.117,99.98,0.07,830.64,382.02
12.737,1,2,316.69,100.0,0.0,11668.0,4,7.109,99.98,0.07,828.4,383.99
12.754,1,2,317.13,100.0,0.0,11684.0,4,7.102,99.98,0.07,826.24,386.06
12.772,1,2,317.56,100.0,0.0,11700.0,4,7.094,99.98,0.07,824.15,388.22
12.789,1,2,317.99,100.0,0.0,11716.0,4,7.087,99.98,0.07,822.16,390.47
12.804,1,2,318.4,100.0,0.0,11732.0,4,7.079,99.98,0.07,820.36,392.66
12.82,1,2,318.81,100.0,0.0,11747.0,4,7.072,99.98,0.07,818.66,394.92
12.837,1,2,319.24,100.0,0.0,11762.0,4,7.065,99.98,0.07,816.94,397.4
12.853,1,2,319.65,100.0,0.0,11778.0,4,7.057,99.98,0.07,815.42,399.8
12.87,1,2,320.08,100.0,0.0,11793.0,4,7.05,99.98,0.07,813.91,402.42
12.886,1,2,320.48,100.0,0.0,11809.0,4,7.042,99.98,0.07,812.59,404.94
12.903,1,2,320.89,100.0,0.0,11824.0,4,7.035,99.98,0.07,811.37,407.52
12.919,1,2,321.32,100.0,0.0,11839.0,4,7.028,99.98,0.07,810.19,410.32
12.936,1,2,321.72,100.0,0.0,11855.0,4,7.02,99.98,0.07,809.18,412.99
12.952,1,2,322.13,100.0,0.0,11870.0,4,7.013,99.98,0.07,808.29,415.71
12.968,1,2,322.53,100.0,0.0,11885.0,4,7.006,99.98,0.07,807.5,418.47
12.983,1,2,322.94,100.0,0.0,11900.0,4,6.999,99.98,0.07,806.83,421.26
13.0,1,2,323.36,100.0,0.0,11915.0,4,6.992,99.98,0.07,806.24,424.26
13.017,1,2,323.79,100.0,0.0,11930.0,4,6.984,99.98,0.07,805.77,427.28
13.034,1,2,324.19,100.0,0.0,11946.0,4,6.977,99.98,0.07,805.45,430.14
13.05,1,2,324.62,100.0,0.0,11961.0,4,6.969,99.98,0.07,805.24,433.2
13.066,1,2,325.02,100.0,0.0,11977.0,4,6.962,99.98,0.07,805.15,436.09
13.083,1,2,325.45,100.0,0.0,11992.0,4,6.955,99.98,0.07,805.19,439.16
13.099,1,2,325.85,100.0,0.0,12007.0,4,6.947,99.98,0.07,805.34,442.05
13.116,1,2,326.27,100.0,0.0,12022.0,4,6.94,99.98,0.07,805.64,445.12
13.133,1,2,326.69,100.0,0.0,12038.0,4,6.932,99.98,0.07,806.06,448.18
13.15,1,2,327.12,100.0,0.0,12053.0,4,6.924,99.98,0.07,806.61,451.22
13.167,1,2,327.54,100.0,0.0,12069.0,4,6.917,99.98,0.08,807.29,454.24
13.184,1,2,327.96,100.0,0.0,12085.0,4,6.909,99.98,0.08,808.09,457.23
13.201,1,2,328.39,100.0,0.0,12100.0,4,6.902,99.98,0.08,809.02,460.19
13.218,1,2,328.78,100.0,0.0,12116.0,4,6.894,99.98,0.08,810.01,462.94
13.234,1,2,329.21,100.0,0.0,12130.0,4,6.887,99.98,0.08,811.19,465.81
13.251,1,2,329.63,100.0,0.0,12146.0,4,6.879,99.98,0.08,812.49,468.64
13.268,1,2,330.02,100.0,0.0,12162.0,4,6.871,99.98,0.08,813.83,471.25
13.284,1,2,330.42,100.0,0.0,12176.0,4,6.864,99.98,0.08,815.27,473.81
13.299,1,2,330.81,100.0,0.0,12191.0,4,6.857,99.98,0.08,816.83,476.31
13.316,1,2,331.21,100.0,0.0,12205.0,4,6.85,99.98,0.08,818.49,478.74
13.332,1,2,331.63,100.0,0.0,12220.0,4,6.843,99.98,0.08,820.36,481.25
13.349,1,2,332.02,100.0,0.0,12235.0,4,6.835,99.98,0.08,822.23,483.53
13.365,1,2,332.44,100.0,0.0,12250.0,4,6.828,99.98,0.08,824.31,485.88
13.382,1,2,332.83,100.0,0.0,12265.0,4,6.82,99.98,0.08,826.37,488.01
13.398,1,2,333.22,100.0,0.0,12280.0,4,6.813,99.98,0.08,828.52,490.05
13.414,1,2,333.61,100.0,0.0,12294.0,4,6.806,99.98,0.08,830.75,492.0
13.43,1,2,334.01,100.0,0.0,12309.0,4,6.798,99.98,0.08,832.99,493.95
13.446,1,2,334.4,100.0,0.0,12323.0,4,6.791,99.98,0.08,835.23,495.9
13.461,1,2,334.79,100.0,0.0,12338.0,4,6.784,99.98,0.08,837.47,497.86
13.477,1,2,335.18,100.0,0.0,12352.0,4,6.777,99.98,0.08,839.72,499.81
13.494,1,2,335.59,100.0,0.0,12366.0,4,6.77,99.98,0.08,842.11,501.9
13.511,1,2,336.01,100.0,0.0,12382.0,4,6.762,99.98,0.08,844.5,503.98
13.528,1,2,336.4,100.0,0.0,12397.0,4,6.754,99.98,0.08,846.75,505.95
13.544,1,2,336.78,100.0,0.0,12411.0,4,6.747,99.98,0.08,849.01,507.91
13.56,1,2,337.2,100.0,0.0,12426.0,4,6.74,99.98,0.08,851.41,510.01
13.577,1,2,337.61,100.0,0.0,12441.0,4,6.732,99.98,0.08,853.81,512.1
13.594,1,2,338.0,100.0,0.0,12456.0,4,6.725,99.98,0.08,856.08,514.08
13.61,1,2,338.41,100.0,0.0,12470.0,4,6.717,99.98,0.08,858.49,516.18
13.626,1,2,338.79,100.0,0.0,12486.0,4,6.71,99.98,0.08,860.67,518.25
13.642,1,2,339.18,100.0,0.0,12500.0,4,6.702,99.98,0.08,862.76,520.42
13.659,1,2,339.59,100.0,0.0,12514.0,4,6.695,99.98,0.08,864.89,522.82
13.675,1,2,339.97,100.0,0.0,12529.0,4,6.688,99.98,0.08,866.79,525.17
13.691,1,2,340.36,100.0,0.0,12543.0,4,6.68,99.98,0.08,868.59,527.6
13.707,1,2,340.74,100.0,0.0,12558.0,4,6.673,99.98,0.08,870.28,530.11
13.723,1,2,341.13,100.0,0.0,12572.0,4,6.666,99.98,0.08,871.87,532.7
13.741,1,2,341.54,100.0,0.0,12586.0,4,6.659,99.98,0.08,873.44,535.52
13.757,1,2,341.94,100.0,0.0,12601.0,4,6.651,99.98,0.08,874.88,538.41
13.774,1,2,342.0,100.0,0.0,12616.0,4,6.643,99.98,0.08,876.19,541.36
13.791,1,2,342.0,100.0,0.0,12618.0,4,6.642,99.98,0.08,877.38,544.36
13.808,1,2,342.0,100.0,0.0,12618.0,4,6.642,99.98,0.08,878.37,547.24
13.824,1,2,342.0,100.0,0.0,12618.0,4,6.642,99.98,0.08,879.29,550.33
13.84,1,2,342.0,100.0,0.0,12618.0,4,6.642,99.98,0.08,880.03,553.28
13.857,1,2,342.0,100.0,0.0,12618.0,4,6.642,99.98,0.08,880.67,556.45
13.873,1,2,342.0,100.0,0.0,12618.0,4,6.642,99.98,0.08,881.15,559.45
13.89,1,2,342.0,100.0,0.0,12618.0,4,6.642,99.98,0.08,881.49,562.47
13.906,1,2,342.0,100.0,0.0,12618.0,4,6.642,99.98,0.08,881.72,565.69
13.923,1,2,342.0,100.0,0.0,12618.0,4,6.642,99.98,0.08,881.81,568.92
13.941,1,2,342.0,100.0,0.0,12618.0,4,6.642,99.98,0.08,881.75,572.15
13.956,1,2,342.0,100.0,0.0,12618.0,4,6.642,99.98,0.08,881.57,575.19
13.972,1,2,342.0,100.0,0.0,12618.0,4,6.642,99.98,0.08,881.25,578.21
13.988,1,2,342.0,100.0,0.0,12618.0,4,6.642,99.98,0.08,880.8,581.22
14.005,1,2,342.0,100.0,0.0,12618.0,4,6.642,99.98,0.08,880.19,584.39
14.021,1,2,342.0,100.0,0.0,12618.0,4,6.642,99.98,0.08,879.48,587.34
14.037,1,2,342.0,100.0,0.0,12618.0,4,6.642,99.98,0.08,878.64,590.27
14.053,1,2,342.0,100.0,0.0,12618.0,4,6.642,99.98,0.08,877.68,593.15
14.07,1,2,342.0,100.0,0.0,12618.0,4,6.642,99.98,0.08,876.53,596.17
14.086,1,2,342.0,100.0,0.0,12618.0,4,6.642,99.98,0.08,875.31,598.95
14.103,1,2,342.0,100.0,0.0,12618.0,4,6.642,99.98,0.08,873.9,601.86
14.12,1,2,342.0,100.0,0.0,12618.0,4,6.642,99.98,0.08,872.36,604.7
14.137,1,2,342.0,100.0,0.0,12618.0,4,6.642,99.98,0.08,870.8,607.3
14.153,1,2,342.0,100.0,0.0,12618.0,4,6.642,99.98,0.08,869.01,610.0
14.17,1,2,342.0,100.0,0.0,12618.0,4,6.642,99.98,0.08,867.23,612.46
14.186,1,2,342.0,100.0,0.0,12618.0,4,6.642,99.98,0.08,865.34,614.84
14.202,1,2,342.0,100.0,0.0,12618.0,4,6.642,99.98,0.08,863.34,617.13
14.219,1,2,342.0,100.0,0.0,12618.0,4,6.642,99.98,0.08,861.12,619.48
14.235,1,2,342.0,100.0,0.0,12618.0,4,6.642,99.98,0.08,858.8,621.72
14.252,1,2,342.0,100.0,0.0,12618.0,4,6.642,99.98,0.08,856.52,623.74
14.268,1,2,342.0,100.0,0.0,12618.0,4,6.642,99.98,0.08,854.16,625.65
14.284,1,2,342.0,100.0,0.0,12618.0,4,6.642,99.98,0.08,851.57,627.58
14.302,1,2,342.0,100.0,0.0,12618.0,4,6.642,99.98,0.08,848.89,629.38
14.318,1,2,342.0,100.0,0.0,12618.0,4,6.642,99.98,0.08,846.3,630.97
14.334,1,2,342.0,100.0,0.0,12618.0,4,6.642,99.98,0.08,843.47,632.54
14.35,1,2,342.0,100.0,0.0,12618.0,4,6.642,99.98,0.08,840.75,633.9
14.367,1,2,342.0,100.0,0.0,12618.0,4,6.642,99.98,0.08,837.8,635.21
14.384,1,2,342.0,100.0,0.0,12618.0,4,6.642,99.98,0.08,834.8,636.4
14.401,1,2,342.0,100.0,0.0,12618.0,4,6.642,99.97,0.08,831.93,637.39
14.417,1,2,342.0,100.0,0.0,12618.0,4,6.642,99.97,0.08,828.83,638.31
14.434,1,2,342.0,100.0,0.0,12618.0,4,6.642,99.97,0.08,825.88,639.05
14.45,1,2,342.0,100.0,0.0,12618.0,4,6.642,99.97,0.08,822.9,639.65
14.466,1,2,342.0,100.0,0.0,12618.0,4,6.642,99.97,0.08,819.71,640.16
14.483,1,2,342.0,100.0,0.0,12618.0,4,6.642,99.97,0.08,816.69,640.51
14.499,1,2,342.0,100.0,0.0,12618.0,4,6.642,99.97,0.08,813.66,640.72
14.516,1,2,342.0,100.0,0.0,12618.0,4,6.642,99.97,0.08,810.43,640.81
14.532,1,2,342.0,100.0,0.0,12618.0,4,6.642,99.97,0.08,807.2,640.75
14.55,1,2,342.0,100.0,0.0,12618.0,4,6.642,99.97,0.08,803.98,640.56
14.566,1,2,342.0,100.0,0.0,12618.0,4,6.642,99.97,0.08,800.94,640.37
14.582,1,2,342.0,100.0,0.0,12618.0,4,6.642,99.97,0.08,797.72,640.18
14.6,1,2,342.0,100.0,0.0,12618.0,4,6.642,99.97,0.08,794.49,639.98
14.616,1,2,342.0,100.0,0.0,12618.0,4,6.642,99.97,0.08,791.27,639.78
14.633,1,2,342.0,100.0,0.0,12618.0,4,6.642,99.97,0.08,788.24,639.6
14.649,1,2,342.0,100.0,0.0,12618.0,4,6.642,99.97,0.08,785.2,639.42
14.665,1,2,342.0,100.0,0.0,12618.0,4,6.642,99.97,0.08,781.98,639.22
14.683,1,2,342.0,100.0,0.0,12618.0,4,6.642,99.97,0.08,778.75,639.03
14.699,1,2,342.0,100.0,0.0,12618.0,4,6.642,99.97,0.08,775.72,638.84
14.715,1,2,342.0,100.0,0.0,12618.0,4,6.642,99.97,0.08,772.68,638.66
14.732,1,2,342.0,100.0,0.0,12618.0,4,6.642,99.97,0.08,769.46,638.46
14.748,1,3,342.0,100.0,0.0,12618.0,4,6.642,99.97,0.08,766.43,638.28
14.764,1,3,342.0,100.0,0.0,12618.0,4,6.642,99.97,0.08,763.39,638.09
14.78,1,3,342.0,100.0,0.0,12618.0,4,6.642,99.97,0.08,760.17,637.9
14.797,1,3,342.0,100.0,0.0,12618.0,4,6.642,99.97,0.08,756.94,637.7
14.813,1,3,342.0,100.0,0.0,12618.0,4,6.642,99.97,0.08,753.91,637.52
14.831,1,3,342.0,100.0,0.0,12618.0,4,6.642,99.97,0.08,750.68,637.32
14.847,1,3,342.0,100.0,0.0,12618.0,4,6.642,99.97,0.08,747.46,637.13
14.864,1,3,342.0,100.0,0.0,12618.0,4,6.642,99.97,0.08,744.24,636.93
14.881,1,3,342.0,100.0,0.0,12618.0,4,6.642,99.97,0.08,741.2,636.75
14.897,1,3,342.0,100.0,0.0,12618.0,4,6.642,99.97,0.08,737.98,636.55
14.914,1,3,342.0,100.0,0.0,12618.0,4,6.642,99.97,0.08,734.75,636.5
14.931,1,3,342.0,100.0,0.0,12618.0,4,6.642,99.97,0.08,731.52,636.58
14.948,1,3,342.0,100.0,0.0,12618.0,4,6.642,99.97,0.08,728.49,636.8
14.963,1,3,342.0,100.0,0.0,12618.0,4,6.642,99.97,0.09,725.47,637.14
14.98,1,3,342.0,100.0,0.0,12618.0,4,6.642,99.97,0.09,722.28,637.65
14.997,1,3,342.0,100.0,0.0,12618.0,4,6.642,99.97,0.09,719.3,638.26
15.013,1,3,342.0,100.0,0.0,12618.0,4,6.642,99.97,0.09,716.16,639.04
15.03,1,3,342.0,100.0,0.0,12618.0,4,6.642,99.97,0.09,713.07,639.96
15.047,1,3,342.0,100.0,0.0,12618.0,4,6.642,99.97,0.09,710.19,640.95
15.063,1,3,342.0,100.0,0.0,12618.0,4,6.642,99.97,0.09,707.32,641.94
15.079,1,3,342.0,100.0,0.0,12618.0,4,6.642,99.97,0.09,704.45,642.93
15.095,1,3,342.0,100.0,0.0,12618.0,4,6.642,99.97,0.09,701.39,643.99
15.112,1,3,342.0,100.0,0.0,12618.0,4,6.642,99.97,0.09,698.34,645.04
15.129,1,3,342.0,100.0,0.0,12618.0,4,6.642,99.97,0.09,695.47,646.03
15.144,1,3,342.0,100.0,0.0,12618.0,4,6.642,99.97,0.09,692.59,647.02
15.161,1,3,342.0,100.0,0.0,12618.0,4,6.642,99.97,0.09,689.54,648.07
15.178,1,3,342.0,100.0,0.0,12618.0,4,6.642,99.97,0.09,686.48,649.13
15.194,1,3,342.0,100.0,0.0,12618.0,4,6.642,99.97,0.09,683.61,650.12
15.211,1,3,342.0,100.0,0.0,12618.0,4,6.642,99.97,0.09,680.74,651.11
15.227,1,3,342.0,100.0,0.0,12618.0,4,6.642,99.97,0.09,677.68,652.16
15.245,1,3,342.0,100.0,0.0,12618.0,4,6.642,99.97,0.09,674.63,653.22
15.261,1,3,342.0,100.0,0.0,12618.0,4,6.642,99.97,0.09,671.58,654.27
15.277,1,3,342.0,100.0,0.0,12618.0,4,6.642,99.97,0.09,668.7,655.26
15.294,1,3,342.0,100.0,0.0,12618.0,4,6.642,99.97,0.09,665.65,656.31
15.31,1,3,342.0,100.0,0.0,12618.0,4,6.642,99.97,0.09,662.77,657.3
15.328,1,3,342.0,100.0,0.0,12618.0,4,6.642,99.97,0.09,659.68,658.22
15.345,1,3,342.0,100.0,0.0,12618.0,4,6.642,99.97,0.09,656.54,659.01
15.361,1,3,342.0,100.0,0.0,12618.0,4,6.642,99.97,0.09,653.38,659.65
15.377,1,3,342.0,100.0,0.0,12618.0,4,6.642,99.97,0.09,650.38,660.13
15.393,1,3,342.0,100.0,0.0,12618.0,4,6.642,99.97,0.09,647.36,660.47
15.41,1,3,342.0,100.0,0.0,12618.0,4,6.642,99.97,0.09,644.32,660.69
15.426,1,3,342.0,100.0,0.0,12618.0,4,6.642,99.97,0.09,641.1,660.77
15.443,1,3,342.0,100.0,0.0,12618.0,4,6.642,99.97,0.09,638.06,660.72
15.459,1,3,342.0,100.0,0.0,12618.0,4,6.642,99.97,0.09,634.83,660.67
15.476,1,3,342.0,100.0,0.0,12618.0,4,6.642,99.97,0.09,631.6,660.61
15.493,1,3,342.0,100.0,0.0,12618.0,4,6.642,99.97,0.09,628.37,660.56
15.51,1,3,342.0,100.0,0.0,12618.0,4,6.642,99.97,0.09,625.33,660.51
15.526,1,3,342.0,100.0,0.0,12618.0,4,6.642,99.97,0.09,622.1,660.45
15.544,1,3,342.0,100.0,0.0,12618.0,4,6.642,99.97,0.09,618.87,660.4
15.559,1,3,342.0,100.0,0.0,12618.0,4,6.642,99.97,0.09,615.83,660.35
15.576,1,3,342.0,100.0,0.0,12618.0,4,6.642,99.97,0.09,612.6,660.29
15.592,1,3,342.0,100.0,0.0,12618.0,4,6.642,99.97,0.09,609.56,660.24
15.609,1,3,342.0,100.0,0.0,12618.0,4,6.642,99.97,0.09,606.52,660.19
15.624,1,3,342.0,100.0,0.0,12618.0,4,6.642,99.97,0.09,603.48,660.14
15.641,1,3,342.0,100.0,0.0,12618.0,4,6.642,99.97,0.09,600.25,660.08
15.658,1,3,342.0,100.0,0.0,12618.0,4,6.642,99.97,0.09,597.21,660.03
15.674,1,3,342.0,100.0,0.0,12618.0,4,6.642,99.97,0.09,593.98,659.98
15.69,1,3,342.0,100.0,0.0,12618.0,4,6.642,99.97,0.09,590.94,659.92
15.706,1,3,342.0,100.0,0.0,12618.0,4,6.642,99.97,0.09,587.9,659.87
15.723,1,3,342.0,100.0,0.0,12618.0,4,6.642,99.97,0.09,584.67,659.82
15.741,1,3,342.0,100.0,0.0,12618.0,4,6.642,99.97,0.09,581.25,659.76
15.757,1,3,342.0,100.0,0.0,12618.0,4,6.642,99.97,0.09,578.21,659.71
15.774,1,3,342.0,100.0,0.0,12618.0,4,6.642,99.97,0.09,574.99,659.65
15.791,1,3,342.0,100.0,0.0,12618.0,4,6.642,99.97,0.09,571.95,659.6
15.807,1,3,342.0,100.0,0.0,12618.0,4,6.642,99.97,0.09,568.91,659.55
15.823,1,3,342.0,100.0,0.0,12618.0,4,6.642,99.97,0.09,565.87,659.5
15.839,1,3,342.0,100.0,0.0,12618.0,4,6.642,99.97,0.09,562.64,659.44
15.856,1,3,342.0,100.0,0.0,12618.0,4,6.642,99.97,0.09,559.41,659.39
15.872,1,3,342.0,100.0,0.0,12618.0,4,6.642,99.97,0.09,556.37,659.34
15.889,1,3,342.0,100.0,0.0,12618.0,4,6.642,99.97,0.09,553.33,659.29
15.906,1,3,342.0,100.0,0.0,12618.0,4,6.642,99.97,0.09,550.1,659.23
15.922,1,3,342.0,100.0,0.0,12618.0,4,6.642,99.97,0.09,546.87,659.18
15.939,1,3,342.0,100.0,0.0,12618.0,4,6.642,99.97,0.09,543.64,659.12
15.956,1,3,342.0,100.0,0.0,12618.0,4,6.642,99.97,0.09,540.6,659.07
15.972,1,3,342.0,100.0,0.0,12618.0,4,6.642,99.97,0.09,537.56,659.02
15.988,1,3,342.0,100.0,0.0,12618.0,4,6.642,99.97,0.09,534.33,658.96
16.005,1,3,342.0,100.0,0.0,12618.0,4,6.642,99.97,0.09,531.1,658.91
16.022,1,3,342.0,100.0,0.0,12618.0,4,6.642,99.97,0.09,528.06,658.86
16.038,1,3,342.0,100.0,0.0,12618.0,4,6.642,99.97,0.09,524.83,658.8
16.056,1,3,342.0,100.0,0.0,12618.0,4,6.642,99.97,0.09,521.6,658.75
16.072,1,3,342.0,100.0,0.0,12618.0,4,6.642,99.97,0.09,518.37,658.69
16.089,1,3,342.0,100.0,0.0,12618.0,4,6.642,99.97,0.09,515.33,658.64
16.106,1,3,342.0,100.0,0.0,12618.0,4,6.642,99.97,0.09,512.1,658.59
16.122,1,3,342.0,100.0,0.0,12618.0,4,6.642,99.97,0.09,509.06,658.54
16.139,1,3,342.0,100.0,0.0,12618.0,4,6.642,99.97,0.09,505.84,658.48
16.155,1,3,342.0,100.0,0.0,12618.0,4,6.642,99.97,0.09,502.61,658.43
16.173,1,3,342.0,100.0,0.0,12618.0,4,6.642,99.97,0.09,499.38,658.37
16.189,1,3,342.0,100.0,0.0,12618.0,4,6.642,99.97,0.09,496.34,658.32
16.204,1,3,342.0,100.0,0.0,12618.0,4,6.642,99.97,0.09,493.3,658.27
16.221,1,3,342.0,100.0,0.0,12618.0,4,6.642,99.97,0.09,490.26,658.22
16.237,1,3,342.0,100.0,0.0,12618.0,4,6.642,99.97,0.09,487.03,658.16
16.253,1,3,342.0,100.0,0.0,12618.0,4,6.642,99.97,0.09,483.99,658.11
16.27,1,3,342.0,100.0,0.0,12618.0,4,6.642,99.97,0.09,480.76,658.06
16.287,1,3,342.0,100.0,0.0,12618.0,4,6.642,99.97,0.09,477.53,658.0
16.304,1,3,342.0,100.0,0.0,12618.0,4,6.642,99.97,0.09,474.3,657.95
16.321,1,3,342.0,100.0,0.0,12618.0,4,6.642,99.97,0.09,471.26,657.89
16.338,1,3,342.0,100.0,0.0,12618.0,4,6.642,99.97,0.09,468.03,657.84
16.353,1,3,342.0,100.0,0.0,12618.0,4,6.642,99.97,0.09,464.99,657.79
16.37,1,3,342.0,100.0,0.0,12618.0,4,6.642,99.97,0.09,461.95,657.74
16.386,1,3,342.0,100.0,0.0,12618.0,4,6.642,99.97,0.09,458.91,657.69
16.403,1,3,342.0,100.0,0.0,12618.0,4,6.642,99.97,0.09,455.68,657.63
16.419,1,3,342.0,100.0,0.0,12618.0,4,6.642,99.97,0.09,452.45,657.58
16.437,1,3,342.0,100.0,0.0,12618.0,4,6.642,99.97,0.09,449.22,657.52
16.453,1,3,342.0,100.0,0.0,12618.0,4,6.642,99.97,0.09,446.18,657.47
16.469,1,3,342.0,100.0,0.0,12618.0,4,6.642,99.97,0.09,442.95,657.41
16.487,1,3,342.0,100.0,0.0,12618.0,4,6.642,99.97,0.09,439.53,657.36
16.504,1,3,342.0,100.0,0.0,12618.0,4,6.642,99.97,0.09,436.5,657.3
16.52,1,3,342.0,100.0,0.0,12618.0,4,6.642,99.97,0.09,433.27,657.25
16.537,1,3,342.0,100.0,0.0,12618.0,4,6.642,99.97,0.09,430.04,657.2
16.555,1,3,342.0,100.0,0.0,12618.0,4,6.642,99.97,0.09,426.81,657.14
16.57,1,3,342.0,100.0,0.0,12618.0,4,6.642,99.97,0.09,423.77,657.09
16.587,1,3,342.0,100.0,0.0,12618.0,4,6.642,99.97,0.09,420.73,657.04
16.603,1,3,342.0,100.0,0.0,12618.0,4,6.642,99.97,0.09,417.69,656.99
16.619,1,3,342.0,100.0,0.0,12618.0,4,6.642,99.97,0.09,414.65,656.93
16.634,1,3,342.0,100.0,0.0,12618.0,4,6.642,99.97,0.09,411.61,656.88
16.651,1,3,342.0,100.0,0.0,12618.0,4,6.642,99.97,0.09,408.38,656.83
16.668,1,3,342.0,100.0,0.0,12618.0,4,6.642,99.97,0.09,405.15,656.77
16.685,1,3,342.0,100.0,0.0,12618.0,4,6.642,99.97,0.09,401.92,656.72
16.702,1,3,342.0,100.0,0.0,12618.0,4,6.642,99.97,0.09,398.69,656.66
16.719,1,3,342.0,100.0,0.0,12618.0,4,6.642,99.97,0.09,395.65,656.61
16.735,1,3,342.0,100.0,0.0,12618.0,4,6.642,99.97,0.09,392.42,656.56
16.752,1,3,342.0,100.0,0.0,12618.0,4,6.642,99.97,0.09,389.38,656.51
16.768,1,3,342.0,100.0,0.0,12618.0,4,6.642,99.97,0.09,386.15,656.45
16.784,1,3,342.0,100.0,0.0,12618.0,4,6.642,99.97,0.1,383.11,656.4
16.8,1,3,342.0,100.0,0.0,12618.0,4,6.642,99.97,0.1,380.07,656.35
16.817,1,3,342.0,100.0,0.0,12618.0,4,6.642,99.97,0.1,377.03,656.3
16.833,1,3,342.0,100.0,0.0,12618.0,4,6.642,99.97,0.1,373.99,656.25
16.848,1,3,342.0,100.0,0.0,12618.0,4,6.642,99.97,0.1,370.95,656.19
16.864,1,3,342.0,100.0,0.0,12618.0,4,6.642,99.97,0.1,367.91,656.14
16.88,1,3,342.0,100.0,0.0,12618.0,4,6.642,99.97,0.1,364.88,656.09
16.896,1,3,342.0,100.0,0.0,12618.0,4,6.642,99.97,0.1,361.84,656.04
16.914,1,3,342.0,100.0,0.0,12618.0,4,6.642,99.97,0.1,358.61,655.98
16.93,1,3,342.0,100.0,0.0,12618.0,4,6.642,99.97,0.1,355.57,655.93
16.946,1,3,342.0,100.0,0.0,12618.0,4,6.642,99.97,0.1,352.34,655.88
16.964,1,3,342.0,100.0,0.0,12618.0,4,6.642,99.97,0.1,349.11,655.82
16.98,1,3,342.0,100.0,0.0,12618.0,4,6.642,99.97,0.1,345.88,655.77
16.997,1,3,342.0,100.0,0.0,12618.0,4,6.642,99.97,0.1,342.84,655.72
17.012,1,3,342.0,100.0,0.0,12618.0,4,6.642,99.97,0.1,339.8,655.67
17.029,1,3,342.0,100.0,0.0,12618.0,4,6.642,99.97,0.1,336.76,655.61
17.046,1,3,342.0,100.0,0.0,12618.0,4,6.642,99.97,0.1,333.34,655.56
17.063,1,3,342.0,100.0,0.0,12618.0,4,6.642,99.97,0.1,330.3,655.5
17.079,1,3,342.0,100.0,0.0,12618.0,4,6.642,99.97,0.1,327.07,655.45
17.097,1,3,342.0,100.0,0.0,12618.0,4,6.642,99.97,0.1,323.84,655.39
17.113,1,3,342.0,100.0,0.0,12618.0,4,6.642,99.97,0.1,320.8,655.34
17.129,1,3,342.0,100.0,0.0,12618.0,4,6.642,99.97,0.1,317.57,655.29
17.146,1,3,342.0,100.0,0.0,12618.0,4,6.642,99.97,0.1,314.53,655.24
17.162,1,3,342.0,100.0,0.0,12618.0,4,6.642,99.97,0.1,311.3,655.18
17.179,1,3,342.0,100.0,0.0,12618.0,4,6.642,99.97,0.1,308.07,655.13
17.195,1,3,342.0,100.0,0.0,12618.0,4,6.642,99.97,0.1,305.03,655.08
17.211,1,3,342.0,100.0,0.0,12618.0,4,6.642,99.97,0.1,301.99,655.02
17.227,1,3,342.0,100.0,0.0,12618.0,4,6.642,99.97,0.1,298.95,654.97
17.244,1,3,342.0,100.0,0.0,12618.0,4,6.642,99.97,0.1,295.73,654.92
17.26,1,3,342.0,100.0,0.0,12618.0,4,6.642,99.97,0.1,292.69,654.87
17.276,1,3,342.0,100.0,0.0,12618.0,4,6.642,99.97,0.1,289.65,654.82
17.293,1,3,342.0,100.0,0.0,12618.0,4,6.642,99.97,0.1,286.61,654.76
17.309,1,3,342.0,100.0,0.0,12618.0,4,6.642,99.97,0.1,283.57,654.58
17.325,1,3,342.0,100.0,0.0,12618.0,4,6.642,99.97,0.1,280.55,654.26
17.341,1,3,342.0,100.0,0.0,12618.0,4,6.642,99.97,0.1,277.35,653.79
17.357,1,3,342.0,100.0,0.0,12618.0,4,6.642,99.97,0.1,274.37,653.21
17.373,1,3,342.0,100.0,0.0,12618.0,4,6.642,99.97,0.1,271.41,652.5
17.39,1,3,342.0,100.0,0.0,12618.0,4,6.642,99.97,0.1,268.49,651.66
17.406,1,3,342.0,100.0,0.0,12618.0,4,6.642,99.97,0.1,265.43,650.64
17.422,1,3,342.0,100.0,0.0,12618.0,4,6.642,99.97,0.1,262.59,649.55
17.438,1,3,342.0,100.0,0.0,12618.0,4,6.642,99.97,0.1,259.8,648.34
17.454,1,3,342.0,100.0,0.0,12618.0,4,6.642,99.97,0.1,257.07,647.01
17.471,1,3,342.0,100.0,0.0,12618.0,4,6.642,99.97,0.1,254.23,645.47
17.488,1,3,342.0,100.0,0.0,12618.0,4,6.642,99.97,0.1,251.46,643.81
17.504,1,3,342.0,100.0,0.0,12618.0,4,6.642,99.97,0.1,248.92,642.13
17.521,1,3,342.0,100.0,0.0,12618.0,4,6.642,99.97,0.1,246.31,640.24
17.538,1,3,342.0,100.0,0.0,12618.0,4,6.642,99.97,0.1,243.93,638.34
17.553,1,3,342.0,100.0,0.0,12618.0,4,6.642,99.97,0.1,241.55,636.45
17.569,1,3,342.0,100.0,0.0,12618.0,4,6.642,99.97,0.1,239.17,634.56
17.586,1,3,342.0,100.0,0.0,12618.0,4,6.642,99.97,0.1,236.64,632.55
17.602,1,3,342.0,100.0,0.0,12618.0,4,6.642,99.97,0.1,234.26,630.66
17.618,1,3,342.0,100.0,0.0,12618.0,4,6.642,99.97,0.1,231.88,628.77
17.635,1,3,342.0,100.0,0.0,12618.0,4,6.642,99.97,0.1,229.35,626.76
17.652,1,3,342.0,100.0,0.0,12618.0,4,6.642,99.97,0.1,226.82,624.75
17.669,1,3,342.0,100.0,0.0,12618.0,4,6.642,99.97,0.1,224.29,622.74
17.686,1,3,342.0,100.0,0.0,12618.0,4,6.642,99.97,0.1,221.91,620.85
17.702,1,3,342.0,100.0,0.0,12618.0,4,6.642,99.97,0.1,219.38,618.84
17.719,1,3,342.0,100.0,0.0,12618.0,4,6.642,99.97,0.1,216.85,616.83
17.735,1,3,342.0,100.0,0.0,12618.0,4,6.642,99.97,0.1,214.47,614.94
17.751,1,3,342.0,100.0,0.0,12618.0,4,6.642,99.97,0.1,212.09,613.05
17.768,1,3,342.0,100.0,0.0,12618.0,4,6.642,99.97,0.1,209.71,611.16
17.784,1,3,342.0,100.0,0.0,12618.0,4,6.642,99.97,0.1,207.19,609.15
17.801,1,3,342.0,100.0,0.0,12618.0,4,6.642,99.97,0.1,204.81,607.26
17.817,1,3,342.0,100.0,0.0,12618.0,4,6.642,99.97,0.1,202.28,605.25
17.834,1,3,342.0,100.0,0.0,12618.0,4,6.642,99.97,0.1,199.75,603.24
17.851,1,3,342.0,100.0,0.0,12618.0,4,6.642,99.97,0.1,197.37,601.35
17.866,1,3,342.0,100.0,0.0,12618.0,4,6.642,99.97,0.1,194.99,599.45
17.883,1,3,342.0,100.0,0.0,12618.0,4,6.642,99.97,0.1,192.61,597.56
17.898,1,3,342.0,100.0,0.0,12618.0,4,6.642,99.97,0.1,190.23,595.67
17.914,1,3,342.0,100.0,0.0,12618.0,4,6.642,99.97,0.1,187.85,593.78
17.93,1,3,342.0,100.0,0.0,12618.0,4,6.642,99.97,0.1,185.47,591.89
17.947,1,3,342.0,100.0,0.0,12618.0,4,6.642,99.97,0.1,183.09,590.0
17.963,1,3,342.0,100.0,0.0,12618.0,4,6.642,99.97,0.1,180.56,587.99
17.981,1,3,342.0,100.0,0.0,12618.0,4,6.642,99.97,0.1,178.03,585.98
17.997,1,3,342.0,100.0,0.0,12618.0,4,6.642,99.97,0.1,175.59,583.86
18.013,1,3,342.0,100.0,0.0,12618.0,4,6.642,99.97,0.1,173.38,581.77
18.029,1,3,342.0,100.0,0.0,12618.0,4,6.642,99.97,0.1,171.27,579.58
18.045,1,3,342.0,100.0,0.0,12618.0,4,6.642,99.97,0.1,169.26,577.31
18.061,1,3,342.0,100.0,0.0,12618.0,4,6.642,99.97,0.1,167.34,574.95
18.078,1,3,342.0,100.0,0.0,12618.0,4,6.642,99.97,0.1,165.42,572.35
18.095,1,3,342.0,100.0,0.0,12618.0,4,6.642,99.97,0.1,163.61,569.67
18.111,1,3,342.0,100.0,0.0,12618.0,4,6.642,99.97,0.1,162.02,567.08
18.127,1,3,342.0,100.0,0.0,12618.0,4,6.642,99.97,0.1,160.55,564.43
18.144,1,3,342.0,100.0,0.0,12618.0,4,6.642,99.97,0.1,159.19,561.71
18.16,1,3,342.0,100.0,0.0,12618.0,4,6.642,99.97,0.1,157.95,558.93
18.176,1,3,342.0,100.0,0.0,12618.0,4,6.642,99.97,0.1,156.84,556.1
18.191,1,3,342.0,100.0,0.0,12618.0,4,6.642,99.97,0.1,155.84,553.23
18.207,1,3,342.0,100.0,0.0,12618.0,4,6.642,99.97,0.1,154.98,550.31
18.223,1,3,342.0,100.0,0.0,12618.0,4,6.642,99.97,0.1,154.24,547.36
18.24,1,3,342.0,100.0,0.0,12618.0,4,6.642,99.97,0.1,153.6,544.2
18.257,1,3,342.0,100.0,0.0,12618.0,4,6.642,99.97,0.1,153.09,541.01
18.274,1,3,342.0,100.0,0.0,12618.0,4,6.642,99.97,0.1,152.74,537.99
18.29,1,3,342.0,100.0,0.0,12618.0,4,6.642,99.97,0.1,152.52,534.77
18.306,1,3,342.0,100.0,0.0,12618.0,4,6.642,99.97,0.1,152.44,531.73
18.323,1,3,342.0,100.0,0.0,12618.0,4,6.642,99.97,0.1,152.49,528.5
18.34,1,3,342.0,100.0,0.0,12618.0,4,6.642,99.97,0.1,152.69,525.27
18.357,1,3,342.0,100.0,0.0,12618.0,4,6.642,99.97,0.1,153.02,522.06
18.374,1,3,342.0,100.0,0.0,12618.0,4,6.642,99.97,0.1,153.5,518.87
18.391,1,3,342.0,100.0,0.0,12618.0,4,6.642,99.97,0.1,154.11,515.7
18.408,1,3,342.0,100.0,0.0,12618.0,4,6.642,99.97,0.1,154.87,512.55
18.425,1,3,342.0,100.0,0.0,12618.0,4,6.642,99.97,0.1,155.75,509.45
18.442,1,3,342.0,100.0,0.0,12618.0,4,6.642,99.97,0.1,156.78,506.39
18.458,1,3,342.0,100.0,0.0,12618.0,4,6.642,99.97,0.1,157.87,503.55
18.475,1,3,342.0,100.0,0.0,12618.0,4,6.642,99.97,0.1,159.15,500.58
18.493,1,3,342.0,100.0,0.0,12618.0,4,6.642,99.97,0.1,160.65,497.51
18.51,1,3,342.0,100.0,0.0,12618.0,4,6.642,99.97,0.1,162.1,494.84
18.527,1,3,342.0,100.0,0.0,12618.0,4,6.642,99.97,0.1,163.76,492.07
18.543,1,3,342.0,100.0,0.0,12618.0,4,6.642,99.97,0.1,165.54,489.37
18.56,1,3,342.0,100.0,0.0,12618.0,4,6.642,99.97,0.1,167.33,486.91
18.576,1,3,342.0,100.0,0.0,12618.0,4,6.642,99.97,0.1,169.34,484.38
18.594,1,3,342.0,100.0,0.0,12618.0,4,6.642,99.97,0.11,171.35,481.86
18.61,1,3,342.0,100.0,0.0,12618.0,4,6.642,99.97,0.11,173.36,479.33
18.628,1,3,342.0,100.0,0.0,12618.0,4,6.642,99.97,0.11,175.37,476.8
18.643,1,3,342.0,100.0,0.0,12618.0,4,6.642,99.97,0.11,177.26,474.42
18.66,1,3,342.0,100.0,0.0,12618.0,4,6.642,99.97,0.11,179.15,472.04
18.676,1,3,342.0,100.0,0.0,12618.0,4,6.642,99.97,0.11,181.16,469.51
18.693,1,3,342.0,100.0,0.0,12618.0,4,6.642,99.97,0.11,183.17,466.98
18.71,1,3,342.0,100.0,0.0,12618.0,4,6.642,99.97,0.11,185.06,464.6
18.726,1,3,342.0,100.0,0.0,12618.0,4,6.642,99.97,0.11,186.95,462.22
18.741,1,3,342.0,100.0,0.0,12618.0,4,6.642,99.97,0.11,188.84,459.84
18.758,1,3,342.0,100.0,0.0,12618.0,4,6.642,99.97,0.11,190.63,457.38
18.775,1,3,342.0,100.0,0.0,12618.0,4,6.642,99.97,0.11,192.41,454.69
18.79,1,3,342.0,100.0,0.0,12618.0,4,6.642,99.97,0.11,193.97,452.08
18.806,1,3,342.0,100.0,0.0,12618.0,4,6.642,99.97,0.11,195.42,449.41
18.823,1,3,342.0,100.0,0.0,12618.0,4,6.642,99.97,0.11,196.84,446.5
18.84,1,3,342.0,100.0,0.0,12618.0,4,6.642,99.97,0.11,198.05,443.71
18.856,1,3,342.0,100.0,0.0,12618.0,4,6.642,99.97,0.11,199.14,440.88
18.872,1,3,342.0,100.0,0.0,12618.0,4,6.642,99.97,0.11,200.16,437.81
18.889,1,3,342.0,100.0,0.0,12618.0,4,6.642,99.97,0.11,201.05,434.71
18.906,1,3,342.0,100.0,0.0,12618.0,4,6.642,99.97,0.11,201.8,431.57
18.923,1,3,342.0,100.0,0.0,12618.0,4,6.642,99.97,0.11,202.42,428.39
18.94,1,3,342.0,100.0,0.0,12618.0,4,6.642,99.97,0.11,202.86,425.39
18.956,1,3,342.0,100.0,0.0,12618.0,4,6.642,99.97,0.11,203.2,422.18
18.973,1,3,342.0,100.0,0.0,12618.0,4,6.642,99.97,0.11,203.39,418.95
18.99,1,3,342.0,100.0,0.0,12618.0,4,6.642,99.97,0.11,203.45,415.91
19.006,1,3,342.0,100.0,0.0,12618.0,4,6.642,99.97,0.11,203.37,412.87
19.021,1,3,342.0,100.0,0.0,12618.0,4,6.642,99.97,0.11,203.15,409.84
19.037,1,3,342.0,100.0,0.0,12618.0,4,6.642,99.97,0.11,202.81,406.82
19.054,1,3,342.0,100.0,0.0,12618.0,4,6.642,99.97,0.11,202.33,403.82
19.07,1,3,342.0,100.0,0.0,12618.0,4,6.642,99.97,0.11,201.72,400.84
19.085,1,3,342.0,100.0,0.0,12618.0,4,6.642,99.97,0.11,200.98,397.89
19.102,1,3,342.0,100.0,0.0,12618.0,4,6.642,99.97,0.11,200.07,394.79
19.119,1,3,342.0,100.0,0.0,12618.0,4,6.642,99.97,0.11,199.15,391.7
19.136,1,3,342.0,100.0,0.0,12618.0,4,6.642,99.97,0.11,198.28,388.78
19.151,1,3,342.0,100.0,0.0,12618.0,4,6.642,99.97,0.11,197.42,385.87
19.167,1,3,342.0,100.0,0.0,12618.0,4,6.642,99.97,0.11,196.55,382.95
19.184,1,3,342.0,100.0,0.0,12618.0,4,6.642,99.97,0.11,195.63,379.86
19.201,1,3,342.0,100.0,0.0,12618.0,4,6.642,99.97,0.11,194.71,376.76
19.218,1,3,342.0,100.0,0.0,12618.0,4,6.642,99.97,0.11,193.8,373.66
19.235,1,3,342.0,100.0,0.0,12618.0,4,6.642,99.97,0.11,192.88,370.57
19.251,1,3,342.0,100.0,0.0,12618.0,4,6.642,99.97,0.11,192.01,367.65
19.268,1,3,342.0,100.0,0.0,12618.0,4,6.642,99.97,0.11,191.15,364.74
19.283,1,3,342.0,100.0,0.0,12618.0,4,6.642,99.97,0.11,190.28,361.82
19.301,1,3,342.0,100.0,0.0,12618.0,4,6.642,99.97,0.11,189.36,358.73
19.317,1,3,342.0,100.0,0.0,12618.0,4,6.642,99.97,0.11,188.5,355.81
19.333,1,3,342.0,100.0,0.0,12618.0,4,6.642,99.97,0.11,187.58,352.72
19.35,1,3,342.0,100.0,0.0,12618.0,4,6.642,99.97,0.11,186.71,349.8
19.366,1,3,342.0,100.0,0.0,12618.0,4,6.642,99.97,0.11,185.8,346.71
19.383,1,3,342.0,100.0,0.0,12618.0,4,6.642,99.97,0.11,184.88,343.61
19.4,1,3,342.0,100.0,0.0,12618.0,4,6.642,99.96,0.11,183.96,340.51
19.417,1,3,342.0,100.0,0.0,12618.0,4,6.642,99.96,0.11,183.09,337.6
19.433,1,3,342.0,100.0,0.0,12618.0,4,6.642,99.96,0.11,182.23,334.68
19.448,1,3,342.0,100.0,0.0,12618.0,4,6.642,99.96,0.11,181.36,331.77
19.465,1,3,342.0,100.0,0.0,12618.0,4,6.642,99.96,0.11,180.44,328.67
19.481,1,3,342.0,100.0,0.0,12618.0,4,6.642,99.96,0.11,179.58,325.76
19.498,1,3,342.0,100.0,0.0,12618.0,4,6.642,99.96,0.11,178.66,322.66
19.514,1,3,342.0,100.0,0.0,12618.0,4,6.642,99.96,0.11,177.8,319.75
19.531,1,3,342.0,100.0,0.0,12618.0,4,6.642,99.96,0.11,176.93,316.83
19.546,1,3,342.0,100.0,0.0,12618.0,4,6.642,99.96,0.11,176.07,313.92
19.562,1,3,342.0,100.0,0.0,12618.0,4,6.642,99.96,0.11,175.2,311.0
19.578,1,3,342.0,100.0,0.0,12618.0,4,6.642,99.96,0.11,174.34,308.09
19.594,1,3,342.0,100.0,0.0,12618.0,4,6.642,99.96,0.11,173.47,305.18
19.611,1,3,342.0,100.0,0.0,12618.0,4,6.642,99.96,0.11,172.55,302.08
19.627,1,3,342.0,100.0,0.0,12618.0,4,6.642,99.96,0.11,171.69,299.16
19.644,1,3,342.0,100.0,0.0,12618.0,4,6.642,99.96,0.11,170.82,296.25
19.66,1,3,342.0,100.0,0.0,12618.0,4,6.642,99.96,0.11,169.96,293.34
19.676,1,3,342.0,100.0,0.0,12618.0,4,6.642,99.96,0.11,169.09,290.42
19.691,1,3,342.0,100.0,0.0,12618.0,4,6.642,99.96,0.11,168.23,287.51
19.708,1,3,342.0,100.0,0.0,12618.0,4,6.642,99.96,0.11,167.49,284.56
19.724,1,3,342.0,100.0,0.0,12618.0,4,6.642,99.96,0.11,166.85,281.39
19.741,1,3,342.0,100.0,0.0,12618.0,4,6.642,99.96,0.11,166.34,278.2
19.757,1,3,342.0,100.0,0.0,12618.0,4,6.642,99.96,0.11,165.99,275.18
19.774,1,3,342.0,100.0,0.0,12618.0,4,6.642,99.96,0.11,165.77,271.96
19.791,1,3,342.0,100.0,0.0,12618.0,4,6.642,99.96,0.11,165.68,268.73
19.807,1,3,342.0,100.0,0.0,12618.0,4,6.642,99.96,0.11,165.73,265.69
19.824,1,3,342.0,100.0,0.0,12618.0,4,6.642,99.96,0.11,165.91,262.66
19.84,1,3,342.0,100.0,0.0,12618.0,4,6.642,99.96,0.11,166.25,259.45
19.856,1,3,342.0,100.0,0.0,12618.0,4,6.642,99.96,0.11,166.7,256.44
19.873,1,3,342.0,100.0,0.0,12618.0,4,6.642,99.96,0.11,167.31,253.27
19.89,1,3,342.0,100.0,0.0,12618.0,4,6.642,99.96,0.11,168.07,250.13
19.906,1,3,342.0,100.0,0.0,12618.0,4,6.642,99.96,0.11,168.9,247.2
19.923,1,3,342.0,100.0,0.0,12618.0,4,6.642,99.96,0.11,169.79,244.1
19.94,1,3,342.0,100.0,0.0,12618.0,4,6.642,99.96,0.11,170.68,240.99
19.957,1,3,342.0,100.0,0.0,12618.0,4,6.642,99.96,0.11,171.57,237.89
19.974,1,3,342.0,100.0,0.0,12618.0,4,6.642,99.96,0.11,172.41,234.97
19.989,1,3,342.0,100.0,0.0,12618.0,4,6.642,99.96,0.11,173.24,232.04
20.006,1,3,342.0,100.0,0.0,12618.0,4,6.642,99.96,0.11,174.13,228.94
20.023,1,3,342.0,100.0,0.0,12618.0,4,6.642,99.96,0.11,175.02,225.83
20.04,1,3,342.0,100.0,0.0,12618.0,4,6.642,99.96,0.11,175.91,222.73
20.057,1,3,342.0,100.0,0.0,12618.0,4,6.642,99.96,0.11,176.74,219.8
20.073,1,3,342.0,100.0,0.0,12618.0,4,6.642,99.96,0.11,177.58,216.88
20.088,1,3,342.0,100.0,0.0,12618.0,4,6.642,99.96,0.11,178.42,213.96
20.105,1,3,342.0,100.0,0.0,12618.0,4,6.642,99.96,0.11,179.25,211.04
20.121,1,3,342.0,100.0,0.0,12618.0,4,6.642,99.96,0.11,180.14,207.93
20.137,1,3,342.0,100.0,0.0,12618.0,4,6.642,99.96,0.11,180.98,205.01
20.154,2,1,342.0,100.0,0.0,12618.0,4,6.642,99.96,0.11,181.94,202.12
20.17,2,1,342.0,100.0,0.0,12618.0,4,6.642,99.96,0.11,183.1,199.11
20.186,2,1,342.0,100.0,0.0,12618.0,4,6.642,99.96,0.11,184.31,196.32
20.203,2,1,342.0,100.0,0.0,12618.0,4,6.642,99.96,0.11,185.64,193.59
20.218,2,1,342.0,100.0,0.0,12618.0,4,6.642,99.96,0.11,187.09,190.91
20.235,2,1,342.0,100.0,0.0,12618.0,4,6.642,99.96,0.11,188.75,188.15
20.251,2,1,342.0,100.0,0.0,12618.0,4,6.642,99.96,0.11,190.43,185.61
20.267,2,1,342.0,100.0,0.0,12618.0,4,6.642,99.96,0.11,192.21,183.15
20.284,2,1,342.0,100.0,0.0,12618.0,4,6.642,99.96,0.11,194.22,180.62
20.3,2,1,342.0,100.0,0.0,12618.0,4,6.642,99.96,0.11,196.22,178.33
20.316,2,1,342.0,100.0,0.0,12618.0,4,6.642,99.96,0.11,198.31,176.12
20.334,2,1,342.0,100.0,0.0,12618.0,4,6.642,99.96,0.11,200.63,173.87
20.35,2,1,342.0,100.0,0.0,12618.0,4,6.642,99.96,0.11,203.05,171.73
20.366,2,1,342.0,100.0,0.0,12618.0,4,6.642,99.96,0.11,205.41,169.82
20.383,2,1,342.0,100.0,0.0,12618.0,4,6.642,99.96,0.11,208.01,167.9
20.4,2,1,342.0,100.0,0.0,12618.0,4,6.642,99.96,0.11,210.68,166.09
20.417,2,1,342.0,100.0,0.0,12618.0,4,6.642,99.96,0.12,213.44,164.4
20.434,2,1,342.0,100.0,0.0,12618.0,4,6.642,99.96,0.12,216.26,162.83
20.45,2,1,342.0,100.0,0.0,12618.0,4,6.642,99.96,0.12,218.98,161.47
20.466,2,1,342.0,100.0,0.0,12618.0,4,6.642,99.96,0.12,221.76,160.24
20.483,2,1,342.0,100.0,0.0,12618.0,4,6.642,99.96,0.12,224.58,159.12
20.499,2,1,342.0,100.0,0.0,12618.0,4,6.642,99.96,0.12,227.64,158.07
20.516,2,1,342.0,100.0,0.0,12618.0,4,6.642,99.96,0.12,230.55,157.2
20.531,2,1,342.0,100.0,0.0,12618.0,4,6.642,99.96,0.12,233.5,156.47
20.547,2,1,342.0,100.0,0.0,12618.0,4,6.642,99.96,0.12,236.48,155.86
20.564,2,1,342.0,100.0,0.0,12618.0,4,6.642,99.96,0.12,239.46,155.25
20.58,2,1,342.0,100.0,0.0,12618.0,4,6.642,99.96,0.12,242.44,154.64
20.596,2,1,342.0,100.0,0.0,12618.0,4,6.642,99.96,0.12,245.6,154.0
20.613,2,1,342.0,100.0,0.0,12618.0,4,6.642,99.96,0.12,248.58,153.39
20.628,2,1,342.0,100.0,0.0,12618.0,4,6.642,99.96,0.12,251.56,152.78
20.644,2,1,342.0,100.0,0.0,12618.0,4,6.642,99.96,0.12,254.54,152.17
20.661,2,1,342.0,100.0,0.0,12618.0,4,6.642,99.96,0.12,257.7,151.53
20.678,2,1,342.0,100.0,0.0,12618.0,4,6.642,99.96,0.12,260.87,150.88
20.694,2,1,342.0,100.0,0.0,12618.0,4,6.642,99.96,0.12,263.85,150.28
20.712,2,1,342.0,100.0,0.0,12618.0,4,6.642,99.96,0.12,267.01,149.63
20.728,2,1,342.0,100.0,0.0,12618.0,4,6.642,99.96,0.12,270.18,148.98
20.745,2,1,342.0,100.0,0.0,12618.0,4,6.642,99.96,0.12,273.34,148.34
20.761,2,1,342.0,100.0,0.0,12618.0,4,6.642,99.96,0.12,276.32,147.73
20.778,2,1,342.0,100.0,0.0,12618.0,4,6.642,99.96,0.12,279.48,147.09
20.795,2,1,342.0,100.0,0.0,12618.0,4,6.642,99.96,0.12,282.46,146.48
20.81,2,1,342.0,100.0,0.0,12618.0,4,6.642,99.96,0.12,285.44,145.87
20.828,2,1,342.0,100.0,0.0,12618.0,4,6.642,99.96,0.12,288.61,145.23
20.844,2,1,342.0,100.0,0.0,12618.0,4,6.642,99.96,0.12,291.59,144.62
20.86,2,1,342.0,100.0,0.0,12618.0,4,6.642,99.96,0.12,294.75,143.97
20.877,2,1,342.0,100.0,0.0,12618.0,4,6.642,99.96,0.12,297.92,143.33
20.893,2,1,342.0,100.0,0.0,12618.0,4,6.642,99.96,0.12,300.86,142.59
20.91,2,1,342.0,100.0,0.0,12618.0,4,6.642,99.96,0.12,303.96,141.67
20.927,2,1,342.0,100.0,0.0,12618.0,4,6.642,99.96,0.12,306.84,140.68
20.942,2,1,342.0,100.0,0.0,12618.0,4,6.642,99.96,0.12,309.66,139.56
20.959,2,1,342.0,100.0,0.0,12618.0,4,6.642,99.96,0.12,312.44,138.33
20.975,2,1,342.0,100.0,0.0,12618.0,4,6.642,99.96,0.12,315.33,136.88
20.991,2,1,342.0,100.0,0.0,12618.0,4,6.642,99.96,0.12,317.99,135.41
21.007,2,1,342.0,100.0,0.0,12618.0,4,6.642,99.96,0.12,320.58,133.82
21.023,2,1,342.0,100.0,0.0,12618.0,4,6.642,99.96,0.12,323.1,132.12
21.039,2,1,342.0,100.0,0.0,12618.0,4,6.642,99.96,0.12,325.54,130.31
21.055,2,1,342.0,100.0,0.0,12618.0,4,6.642,99.96,0.12,327.9,128.39
21.071,2,1,342.0,100.0,0.0,12618.0,4,6.642,99.96,0.12,330.18,126.38
21.088,2,1,342.0,100.0,0.0,12618.0,4,6.642,99.96,0.12,332.5,124.13
21.105,2,1,342.0,100.0,0.0,12618.0,4,6.642,99.96,0.12,334.72,121.79
21.122,2,1,342.0,100.0,0.0,12618.0,4,6.642,99.96,0.12,336.84,119.35
21.138,2,1,342.0,100.0,0.0,12618.0,4,6.642,99.96,0.12,338.73,116.97
21.154,2,1,342.0,100.0,0.0,12618.0,4,6.642,99.96,0.12,340.52,114.51
21.172,2,1,342.0,100.0,0.0,12618.0,4,6.642,99.96,0.12,342.3,111.82
21.189,2,1,342.0,100.0,0.0,12618.0,4,6.642,99.96,0.12,344.08,109.12
21.205,2,1,342.0,100.0,0.0,12618.0,4,6.642,99.96,0.12,345.76,106.59
21.222,2,1,342.0,100.0,0.0,12618.0,4,6.642,99.96,0.12,347.54,103.89
21.239,2,1,342.0,100.0,0.0,12618.0,4,6.642,99.96,0.12,349.44,101.28
21.255,2,1,342.0,100.0,0.0,12618.0,4,6.642,99.96,0.12,351.45,98.75
21.271,2,1,342.0,100.0,0.0,12618.0,4,6.642,99.96,0.12,353.44,96.45
21.287,2,1,342.0,100.0,0.0,12618.0,4,6.642,99.96,0.12,355.53,94.25
21.304,2,1,342.0,100.0,0.0,12618.0,4,6.642,99.96,0.12,357.85,92.0
21.321,2,1,342.0,100.0,0.0,12618.0,4,6.642,99.96,0.12,360.27,89.86
21.338,2,1,342.0,100.0,0.0,12618.0,4,6.642,99.96,0.12,362.78,87.83
21.355,2,1,342.0,100.0,0.0,12618.0,4,6.642,99.96,0.12,365.38,85.9
21.372,2,1,342.0,100.0,0.0,12618.0,4,6.642,99.96,0.12,368.05,84.1
21.389,2,1,342.0,100.0,0.0,12618.0,4,6.642,99.96,0.12,370.81,82.41
21.406,2,1,342.0,100.0,0.0,12618.0,4,6.642,99.96,0.12,373.63,80.84
21.422,2,1,342.0,100.0,0.0,12618.0,4,6.642,99.96,0.12,376.35,79.48
21.439,2,1,342.0,100.0,0.0,12618.0,4,6.642,99.96,0.12,379.3,78.17
21.455,2,1,342.0,100.0,0.0,12618.0,4,6.642,99.96,0.12,382.13,77.05
21.471,2,1,342.0,100.0,0.0,12618.0,4,6.642,99.96,0.12,385.0,76.06
21.488,2,1,342.0,100.0,0.0,12618.0,4,6.642,99.96,0.12,388.1,75.14
21.505,2,1,342.0,100.0,0.0,12618.0,4,6.642,99.96,0.12,391.23,74.36
21.522,2,1,342.0,100.0,0.0,12618.0,4,6.642,99.96,0.12,394.21,73.75
21.538,2,1,342.0,100.0,0.0,12618.0,4,6.642,99.96,0.12,397.4,73.24
21.555,2,1,342.0,100.0,0.0,12618.0,4,6.642,99.96,0.12,400.42,72.9
21.57,2,1,342.0,100.0,0.0,12618.0,4,6.642,99.96,0.12,403.45,72.68
21.587,2,1,342.0,100.0,0.0,12618.0,4,6.642,99.96,0.12,406.68,72.6
21.604,2,1,342.0,100.0,0.0,12618.0,4,6.642,99.96,0.12,409.91,72.65
21.621,2,1,342.0,100.0,0.0,12618.0,4,6.642,99.96,0.12,413.14,72.85
21.637,2,1,342.0,100.0,0.0,12618.0,4,6.642,99.96,0.12,416.16,73.17
21.654,2,1,342.0,100.0,0.0,12618.0,4,6.642,99.96,0.12,419.17,73.61
21.67,2,1,342.0,100.0,0.0,12618.0,4,6.642,99.96,0.12,422.34,74.23
21.686,2,1,342.0,100.0,0.0,12618.0,4,6.642,99.96,0.12,425.29,74.94
21.702,2,1,342.0,100.0,0.0,12618.0,4,6.642,99.96,0.12,428.22,75.77
21.718,2,1,342.0,100.0,0.0,12618.0,4,6.642,99.96,0.12,431.1,76.74
21.734,2,1,342.0,100.0,0.0,12618.0,4,6.642,99.96,0.12,433.94,77.82
21.752,2,1,342.0,100.0,0.0,12618.0,4,6.642,99.96,0.12,436.9,79.11
21.768,2,1,342.0,100.0,0.0,12618.0,4,6.642,99.96,0.12,439.8,80.52
21.785,2,1,342.0,100.0,0.0,12618.0,4,6.642,99.96,0.12,442.71,81.94
21.801,2,1,342.0,100.0,0.0,12618.0,4,6.642,99.96,0.12,445.44,83.27
21.817,2,1,342.0,100.0,0.0,12618.0,4,6.642,99.96,0.12,448.17,84.6
21.834,2,1,342.0,100.0,0.0,12618.0,4,6.642,99.96,0.12,451.08,86.02
21.851,2,1,342.0,100.0,0.0,12618.0,4,6.642,99.96,0.12,453.98,87.43
21.868,2,1,342.0,100.0,0.0,12618.0,4,6.642,99.96,0.12,456.71,88.76
21.884,2,1,342.0,100.0,0.0,12618.0,4,6.642,99.96,0.12,459.62,90.18
21.901,2,1,342.0,100.0,0.0,12618.0,4,6.642,99.96,0.12,462.52,91.59
21.918,2,1,342.0,100.0,0.0,12618.0,4,6.642,99.96,0.12,465.43,93.01
21.935,2,1,342.0,100.0,0.0,12618.0,4,6.642,99.96,0.12,468.33,94.42
21.951,2,1,342.0,100.0,0.0,12618.0,4,6.642,99.96,0.12,471.06,95.75
21.967,2,1,342.0,100.0,0.0,12618.0,4,6.642,99.96,0.12,473.8,97.08
21.984,2,1,342.0,100.0,0.0,12618.0,4,6.642,99.96,0.12,476.53,98.41
21.999,2,1,342.0,100.0,0.0,12618.0,4,6.642,99.96,0.12,479.26,99.74
22.016,2,1,342.0,100.0,0.0,12618.0,4,6.642,99.96,0.12,481.99,101.08
22.032,2,1,342.0,100.0,0.0,12618.0,4,6.642,99.96,0.12,484.9,102.49
22.048,2,1,342.0,100.0,0.0,12618.0,4,6.642,99.96,0.12,487.63,103.82
22.065,2,1,342.0,100.0,0.0,12618.0,4,6.642,99.96,0.12,490.36,105.15
22.081,2,1,342.0,100.0,0.0,12618.0,4,6.642,99.96,0.12,493.27,106.57
22.098,2,1,342.0,100.0,0.0,12618.0,4,6.642,99.96,0.12,496.17,107.98
22.115,2,1,342.0,100.0,0.0,12618.0,4,6.642,99.96,0.12,499.08,109.4
22.131,2,1,342.0,100.0,0.0,12618.0,4,6.642,99.96,0.12,501.81,110.73
22.148,2,1,342.0,100.0,0.0,12618.0,4,6.642,99.96,0.12,504.71,112.14
22.165,2,1,342.0,100.0,0.0,12618.0,4,6.642,99.96,0.12,507.45,113.47
22.181,2,1,342.0,100.0,0.0,12618.0,4,6.642,99.96,0.12,510.18,114.8
22.196,2,1,342.0,100.0,0.0,12618.0,4,6.642,99.96,0.12,512.91,116.14
22.213,2,1,342.0,100.0,0.0,12618.0,4,6.642,99.96,0.12,515.7,117.35
22.229,2,1,342.0,100.0,0.0,12618.0,4,6.642,99.96,0.13,518.54,118.44
22.245,2,1,342.0,100.0,0.0,12618.0,4,6.642,99.96,0.13,521.6,119.46
22.262,2,1,342.0,100.0,0.0,12618.0,4,6.642,99.96,0.13,524.71,120.35
22.279,2,1,342.0,100.0,0.0,12618.0,4,6.642,99.96,0.13,527.85,121.1
22.295,2,1,342.0,100.0,0.0,12618.0,4,6.642,99.96,0.13,530.83,121.68
22.312,2,1,342.0,100.0,0.0,12618.0,4,6.642,99.96,0.13,534.03,122.15
22.329,2,1,342.0,100.0,0.0,12618.0,4,6.642,99.96,0.13,537.24,122.49
22.345,2,1,342.0,100.0,0.0,12618.0,4,6.642,99.96,0.13,540.28,122.67
22.361,2,1,342.0,100.0,0.0,12618.0,4,6.642,99.96,0.13,543.31,122.73
22.377,2,1,342.0,100.0,0.0,12618.0,4,6.642,99.96,0.13,546.35,122.64
22.393,2,1,342.0,100.0,0.0,12618.0,4,6.642,99.96,0.13,549.39,122.43
22.41,2,1,342.0,100.0,0.0,12618.0,4,6.642,99.96,0.13,552.6,122.06
22.427,2,1,342.0,100.0,0.0,12618.0,4,6.642,99.96,0.13,555.62,121.72
22.443,2,1,342.0,100.0,0.0,12618.0,4,6.642,99.96,0.13,558.82,121.35
22.46,2,1,342.0,100.0,0.0,12618.0,4,6.642,99.96,0.13,562.03,120.98
22.477,2,1,342.0,100.0,0.0,12618.0,4,6.642,99.96,0.13,565.24,120.62
22.494,2,1,342.0,100.0,0.0,12618.0,4,6.642,99.96,0.13,568.26,120.27
22.509,2,1,342.0,100.0,0.0,12618.0,4,6.642,99.96,0.13,571.28,119.93
22.525,2,1,342.0,100.0,0.0,12618.0,4,6.642,99.96,0.13,574.3,119.58
22.542,2,1,342.0,100.0,0.0,12618.0,4,6.642,99.96,0.13,577.51,119.21
22.559,2,1,342.0,100.0,0.0,12618.0,4,6.642,99.96,0.13,580.72,118.84
22.575,2,1,342.0,100.0,0.0,12618.0,4,6.642,99.96,0.13,583.74,118.5
22.591,2,1,342.0,100.0,0.0,12618.0,4,6.642,99.96,0.13,586.76,118.15
22.608,2,1,342.0,100.0,0.0,12618.0,4,6.642,99.96,0.13,589.97,117.79
22.626,2,1,342.0,100.0,0.0,12618.0,4,6.642,99.96,0.13,593.18,117.42
22.641,2,1,342.0,100.0,0.0,12618.0,4,6.642,99.96,0.13,596.2,117.07
22.658,2,1,342.0,100.0,0.0,12618.0,4,6.642,99.96,0.13,599.41,116.71
22.674,2,1,342.0,100.0,0.0,12618.0,4,6.642,99.96,0.13,602.43,116.36
22.691,2,1,342.0,100.0,0.0,12618.0,4,6.642,99.96,0.13,605.64,115.99
22.708,2,1,342.0,100.0,0.0,12618.0,4,6.642,99.96,0.13,608.85,115.63
22.724,2,1,342.0,100.0,0.0,12618.0,4,6.642,99.96,0.13,611.87,115.28
22.74,2,1,342.0,100.0,0.0,12618.0,4,6.642,99.96,0.13,614.89,114.93
22.757,2,1,342.0,100.0,0.0,12618.0,4,6.642,99.96,0.13,617.91,114.59
22.772,2,1,342.0,100.0,0.0,12618.0,4,6.642,99.96,0.13,620.93,114.24
22.789,2,1,342.0,100.0,0.0,12618.0,4,6.642,99.96,0.13,623.95,113.9
22.805,2,1,342.0,100.0,0.0,12618.0,4,6.642,99.96,0.13,627.16,113.53
22.822,2,1,342.0,100.0,0.0,12618.0,4,6.642,99.96,0.13,630.19,113.32
22.838,2,1,342.0,100.0,0.0,12618.0,4,6.642,99.96,0.13,633.42,113.23
22.855,2,1,342.0,100.0,0.0,12618.0,4,6.642,99.96,0.13,636.65,113.29
22.871,2,1,342.0,100.0,0.0,12618.0,4,6.642,99.96,0.13,639.68,113.47
22.888,2,1,342.0,100.0,0.0,12618.0,4,6.642,99.96,0.13,642.9,113.81
22.904,2,1,342.0,100.0,0.0,12618.0,4,6.642,99.96,0.13,645.9,114.25
22.92,2,1,342.0,100.0,0.0,12618.0,4,6.642,99.96,0.13,648.89,114.83
22.936,2,1,342.0,100.0,0.0,12618.0,4,6.642,99.96,0.13,651.84,115.54
22.953,2,1,342.0,100.0,0.0,12618.0,4,6.642,99.96,0.13,654.95,116.43
22.97,2,1,342.0,100.0,0.0,12618.0,4,6.642,99.96,0.13,658.01,117.45
22.987,2,1,342.0,100.0,0.0,12618.0,4,6.642,99.96,0.13,661.03,118.61
23.004,2,1,342.0,100.0,0.0,12618.0,4,6.642,99.96,0.13,663.99,119.89
23.021,2,1,342.0,100.0,0.0,12618.0,4,6.642,99.96,0.13,666.9,121.31
23.037,2,1,342.0,100.0,0.0,12618.0,4,6.642,99.96,0.13,669.57,122.76
23.054,2,1,342.0,100.0,0.0,12618.0,4,6.642,99.96,0.13,672.34,124.42
23.072,2,1,342.0,100.0,0.0,12618.0,4,6.642,99.96,0.13,675.11,126.08
23.087,2,1,342.0,100.0,0.0,12618.0,4,6.642,99.96,0.13,677.71,127.65
23.105,2,1,342.0,100.0,0.0,12618.0,4,6.642,99.96,0.13,680.48,129.31
23.121,2,1,342.0,100.0,0.0,12618.0,4,6.642,99.96,0.13,683.25,130.97
23.138,2,1,342.0,100.0,0.0,12618.0,4,6.642,99.96,0.13,686.02,132.63
23.154,2,1,342.0,100.0,0.0,12618.0,4,6.642,99.96,0.13,688.63,134.2
23.171,2,1,342.0,100.0,0.0,12618.0,4,6.642,99.96,0.13,691.4,135.86
23.188,2,1,342.0,100.0,0.0,12618.0,4,6.642,99.96,0.13,694.17,137.52
23.204,2,1,342.0,100.0,0.0,12618.0,4,6.642,99.96,0.13,696.77,139.09
23.221,2,1,342.0,100.0,0.0,12618.0,4,6.642,99.96,0.13,699.54,140.75
23.237,2,1,342.0,100.0,0.0,12618.0,4,6.642,99.96,0.13,702.15,142.31
23.254,2,1,342.0,100.0,0.0,12618.0,4,6.642,99.96,0.13,704.92,143.98
23.271,2,1,342.0,100.0,0.0,12618.0,4,6.642,99.96,0.13,707.69,145.64
23.288,2,1,342.0,100.0,0.0,12618.0,4,6.642,99.96,0.13,710.3,147.2
23.304,2,1,342.0,100.0,0.0,12618.0,4,6.642,99.96,0.13,713.06,148.86
23.321,2,1,342.0,100.0,0.0,12618.0,4,6.642,99.96,0.13,715.74,150.31
23.337,2,1,342.0,100.0,0.0,12618.0,4,6.642,99.96,0.13,718.47,151.65
23.353,2,1,342.0,100.0,0.0,12618.0,4,6.642,99.96,0.13,721.43,152.93
23.37,2,1,342.0,100.0,0.0,12618.0,4,6.642,99.96,0.13,724.27,154.02
23.385,2,1,342.0,100.0,0.0,12618.0,4,6.642,99.96,0.13,727.15,154.98
23.401,2,1,342.0,100.0,0.0,12618.0,4,6.642,99.96,0.13,730.08,155.82
23.418,2,1,342.0,100.0,0.0,12618.0,4,6.642,99.96,0.13,733.03,156.53
23.434,2,1,342.0,100.0,0.0,12618.0,4,6.642,99.96,0.13,736.2,157.14
23.451,2,1,342.0,100.0,0.0,12618.0,4,6.642,99.96,0.13,739.4,157.62
23.468,2,1,342.0,100.0,0.0,12618.0,4,6.642,99.96,0.13,742.61,157.95
23.484,2,1,342.0,100.0,0.0,12618.0,4,6.642,99.96,0.13,745.65,158.14
23.501,2,1,342.0,100.0,0.0,12618.0,4,6.642,99.96,0.13,748.88,158.19
23.518,2,1,342.0,100.0,0.0,12618.0,4,6.642,99.96,0.13,752.11,158.11
23.535,2,1,342.0,100.0,0.0,12618.0,4,6.642,99.96,0.13,755.33,157.88
23.552,2,1,342.0,100.0,0.0,12618.0,4,6.642,99.96,0.13,758.54,157.51
23.569,2,1,342.0,100.0,0.0,12618.0,4,6.642,99.96,0.13,761.73,157.01
23.586,2,1,342.0,100.0,0.0,12618.0,4,6.642,99.96,0.13,764.89,156.36
23.603,2,1,342.0,100.0,0.0,12618.0,4,6.642,99.96,0.13,767.84,155.62
23.618,2,1,342.0,100.0,0.0,12618.0,4,6.642,99.96,0.13,770.75,154.76
23.635,2,1,342.0,100.0,0.0,12618.0,4,6.642,99.96,0.13,773.81,153.71
23.652,2,1,342.0,100.0,0.0,12618.0,4,6.642,99.96,0.13,776.81,152.52
23.669,2,1,342.0,100.0,0.0,12618.0,4,6.642,99.96,0.13,779.76,151.2
23.685,2,1,342.0,100.0,0.0,12618.0,4,6.642,99.96,0.13,782.48,149.85
23.702,2,1,342.0,100.0,0.0,12618.0,4,6.642,99.96,0.13,785.2,148.49
23.717,2,1,342.0,100.0,0.0,12618.0,4,6.642,99.96,0.13,787.92,147.13
23.734,2,1,342.0,100.0,0.0,12618.0,4,6.642,99.96,0.13,790.7,145.89
23.752,2,1,342.0,100.0,0.0,12618.0,4,6.642,99.96,0.13,793.88,144.64
23.768,2,1,342.0,100.0,0.0,12618.0,4,6.642,99.96,0.13,796.93,143.59
23.785,2,1,342.0,100.0,0.0,12618.0,4,6.642,99.96,0.13,800.03,142.67
23.802,2,1,342.0,100.0,0.0,12618.0,4,6.642,99.96,0.13,803.16,141.88
23.819,2,1,342.0,100.0,0.0,12618.0,4,6.642,99.96,0.13,806.33,141.24
23.837,2,1,342.0,100.0,0.0,12618.0,4,6.642,99.96,0.13,809.52,140.73
23.852,2,1,342.0,100.0,0.0,12618.0,4,6.642,99.96,0.13,812.54,140.39
23.87,2,1,342.0,100.0,0.0,12618.0,4,6.642,99.96,0.13,815.76,140.16
23.886,2,1,342.0,100.0,0.0,12618.0,4,6.642,99.96,0.13,818.99,140.07
23.903,2,1,342.0,100.0,0.0,12618.0,4,6.642,99.96,0.13,822.22,140.13
23.92,2,1,342.0,100.0,0.0,12618.0,4,6.642,99.96,0.13,825.44,140.32
23.937,2,1,342.0,100.0,0.0,12618.0,4,6.642,99.96,0.13,828.66,140.66
23.954,2,1,342.0,100.0,0.0,12618.0,4,6.642,99.96,0.13,831.85,141.13
23.971,2,1,342.0,100.0,0.0,12618.0,4,6.642,99.96,0.13,835.02,141.75
23.987,2,1,342.0,100.0,0.0,12618.0,4,6.642,99.96,0.13,837.98,142.46
24.003,2,1,342.0,100.0,0.0,12618.0,4,6.642,99.96,0.13,840.9,143.29
24.02,2,1,342.0,100.0,0.0,12618.0,4,6.642,99.96,0.13,843.96,144.32
24.037,2,1,342.0,100.0,0.0,12618.0,4,6.642,99.96,0.14,846.8,145.41
24.053,2,1,342.0,100.0,0.0,12618.0,4,6.642,99.96,0.14,849.77,146.69
24.07,2,1,342.0,100.0,0.0,12618.0,4,6.642,99.96,0.14,852.67,148.11
24.087,2,1,342.0,100.0,0.0,12618.0,4,6.642,99.96,0.14,855.34,149.56
24.103,2,1,342.0,100.0,0.0,12618.0,4,6.642,99.96,0.14,857.95,151.12
24.119,2,1,342.0,100.0,0.0,12618.0,4,6.642,99.96,0.14,860.48,152.8
24.135,2,1,342.0,100.0,0.0,12618.0,4,6.642,99.96,0.14,863.1,154.69
24.152,2,1,342.0,100.0,0.0,12618.0,4,6.642,99.96,0.14,865.63,156.7
24.169,2,1,342.0,100.0,0.0,12618.0,4,6.642,99.96,0.14,868.07,158.82
24.187,2,1,342.0,100.0,0.0,12618.0,4,6.642,99.96,0.14,870.41,161.04
24.203,2,1,342.0,100.0,0.0,12618.0,4,6.642,99.96,0.14,872.66,163.37
24.22,2,1,342.0,100.0,0.0,12618.0,4,6.642,99.96,0.14,874.8,165.78
24.237,2,1,342.0,100.0,0.0,12618.0,4,6.642,99.96,0.14,876.71,168.15
24.253,2,1,342.0,100.0,0.0,12618.0,4,6.642,99.96,0.14,878.63,170.74
24.27,2,1,342.0,100.0,0.0,12618.0,4,6.642,99.96,0.14,880.44,173.42
24.286,2,1,342.0,100.0,0.0,12618.0,4,6.642,99.96,0.14,882.03,176.01
24.302,2,1,342.0,100.0,0.0,12618.0,4,6.642,99.96,0.14,883.51,178.67
24.319,2,1,342.0,100.0,0.0,12618.0,4,6.642,99.96,0.14,884.95,181.56
24.336,2,1,342.0,100.0,0.0,12618.0,4,6.642,99.96,0.14,886.26,184.51
24.353,2,1,342.0,100.0,0.0,12618.0,4,6.642,99.96,0.14,887.5,187.28
24.369,2,1,342.0,100.0,0.0,12618.0,4,6.642,99.96,0.14,888.82,190.23
24.386,2,1,342.0,100.0,0.0,12618.0,4,6.642,99.96,0.14,890.13,193.18
24.402,2,1,342.0,100.0,0.0,12618.0,4,6.642,99.95,0.14,891.37,195.96
24.418,2,1,342.0,100.0,0.0,12618.0,4,6.642,99.95,0.14,892.61,198.74
24.436,2,1,342.0,100.0,0.0,12618.0,4,6.642,99.95,0.14,893.92,201.69
24.453,2,1,342.0,100.0,0.0,12618.0,4,6.642,99.95,0.14,895.37,204.58
24.47,2,1,342.0,100.0,0.0,12618.0,4,6.642,99.95,0.14,896.93,207.4
24.487,2,1,342.0,100.0,0.0,12618.0,4,6.642,99.95,0.14,898.62,210.15
24.502,2,1,342.0,100.0,0.0,12618.0,4,6.642,99.95,0.14,900.32,212.67
24.518,2,1,342.0,100.0,0.0,12618.0,4,6.642,99.95,0.14,902.13,215.12
24.535,2,1,342.0,100.0,0.0,12618.0,4,6.642,99.95,0.14,904.17,217.63
24.552,2,1,342.0,100.0,0.0,12618.0,4,6.642,99.95,0.14,906.18,219.9
24.568,2,1,342.0,100.0,0.0,12618.0,4,6.642,99.95,0.14,908.43,222.22
24.585,2,1,342.0,100.0,0.0,12618.0,4,6.642,99.95,0.14,910.77,224.45
24.602,2,1,342.0,100.0,0.0,12618.0,4,6.642,99.95,0.14,913.07,226.44
24.618,2,1,342.0,100.0,0.0,12618.0,4,6.642,99.95,0.14,915.6,228.45
24.635,2,1,342.0,100.0,0.0,12618.0,4,6.642,99.95,0.14,918.06,230.23
24.65,2,1,342.0,100.0,0.0,12618.0,4,6.642,99.95,0.14,920.59,231.91
24.667,2,1,342.0,100.0,0.0,12618.0,4,6.642,99.95,0.14,923.36,233.57
24.683,2,1,342.0,100.0,0.0,12618.0,4,6.642,99.95,0.14,926.03,235.02
24.7,2,1,342.0,100.0,0.0,12618.0,4,6.642,99.95,0.14,928.94,236.44
24.717,2,2,342.0,100.0,0.0,12618.0,4,6.642,99.95,0.14,931.9,237.72
24.734,2,2,342.0,100.0,0.0,12618.0,4,6.642,99.95,0.14,934.74,238.81
24.75,2,2,342.0,100.0,0.0,12618.0,4,6.642,99.95,0.14,937.62,239.77
24.766,2,2,342.0,100.0,0.0,12618.0,4,6.642,99.95,0.14,940.73,240.66
24.783,2,2,342.0,100.0,0.0,12618.0,4,6.642,99.95,0.14,943.68,241.37
24.798,2,2,342.0,100.0,0.0,12618.0,4,6.642,99.95,0.14,946.67,241.95
24.816,2,2,342.0,100.0,0.0,12618.0,4,6.642,99.95,0.14,950.05,242.45
24.833,2,2,342.0,100.0,0.0,12618.0,4,6.642,99.95,0.14,953.25,242.93
24.849,2,2,342.0,100.0,0.0,12618.0,4,6.642,99.95,0.14,956.23,243.51
24.866,2,2,342.0,100.0,0.0,12618.0,4,6.642,99.95,0.14,959.37,244.26
24.883,2,2,342.0,100.0,0.0,12618.0,4,6.642,99.95,0.14,962.48,245.15
24.9,2,2,342.0,100.0,0.0,12618.0,4,6.642,99.95,0.14,965.54,246.17
24.917,2,2,342.0,100.0,0.0,12618.0,4,6.642,99.95,0.14,968.38,247.26
24.933,2,2,342.0,100.0,0.0,12618.0,4,6.642,99.95,0.14,971.17,248.47
24.948,2,2,342.0,100.0,0.0,12618.0,4,6.642,99.95,0.14,973.9,249.8
24.965,2,2,342.0,100.0,0.0,12618.0,4,6.642,99.95,0.14,976.74,251.34
24.981,2,2,342.0,100.0,0.0,12618.0,4,6.642,99.95,0.14,979.35,252.91
24.998,2,2,342.0,100.0,0.0,12618.0,4,6.642,99.95,0.14,982.04,254.69
25.014,2,2,342.0,100.0,0.0,12618.0,4,6.642,99.95,0.14,984.5,256.47
25.03,2,2,342.0,100.0,0.0,12618.0,4,6.642,99.95,0.14,986.88,258.37
25.047,2,2,342.0,100.0,0.0,12618.0,4,6.642,99.95,0.14,989.18,260.36
25.063,2,2,342.0,100.0,0.0,12618.0,4,6.642,99.95,0.14,991.52,262.58
25.08,2,2,342.0,100.0,0.0,12618.0,4,6.642,99.95,0.14,993.77,264.9
25.097,2,2,342.0,100.0,0.0,12618.0,4,6.642,99.95,0.14,995.78,267.18
25.113,2,2,342.0,100.0,0.0,12618.0,4,6.642,99.95,0.14,997.7,269.54
25.128,2,2,342.0,100.0,0.0,12618.0,4,6.642,99.95,0.14,999.5,271.98
25.145,2,2,342.0,100.0,0.0,12618.0,4,6.642,99.95,0.14,1001.31,274.66
25.162,2,2,342.0,100.0,0.0,12618.0,4,6.642,99.95,0.14,1003.0,277.41
25.179,2,2,342.0,100.0,0.0,12618.0,4,6.642,99.95,0.14,1004.48,280.07
25.195,2,2,342.0,100.0,0.0,12618.0,4,6.642,99.95,0.14,1005.92,282.96
25.211,2,2,342.0,100.0,0.0,12618.0,4,6.642,99.95,0.14,1007.16,285.74
25.228,2,2,342.0,100.0,0.0,12618.0,4,6.642,99.95,0.14,1008.27,288.57
25.244,2,2,342.0,100.0,0.0,12618.0,4,6.642,99.95,0.14,1009.33,291.62
25.26,2,2,342.0,100.0,0.0,12618.0,4,6.642,99.95,0.14,1010.19,294.53
25.276,2,2,342.0,100.0,0.0,12618.0,4,6.642,99.95,0.14,1010.93,297.48
25.292,2,2,342.0,100.0,0.0,12618.0,4,6.642,99.95,0.14,1011.53,300.46
25.309,2,2,342.0,100.0,0.0,12618.0,4,6.642,99.95,0.14,1012.04,303.65
25.326,2,2,342.0,100.0,0.0,12618.0,4,6.642,99.95,0.14,1012.41,306.86
25.344,2,2,342.0,100.0,0.0,12618.0,4,6.642,99.95,0.14,1012.64,310.08
25.36,2,2,342.0,100.0,0.0,12618.0,4,6.642,99.95,0.14,1012.72,313.31
25.377,2,2,342.0,100.0,0.0,12618.0,4,6.642,99.95,0.14,1012.67,316.54
25.393,2,2,342.0,100.0,0.0,12618.0,4,6.642,99.95,0.14,1012.48,319.58
25.41,2,2,342.0,100.0,0.0,12618.0,4,6.642,99.95,0.14,1012.17,322.6
25.426,2,2,342.0,100.0,0.0,12618.0,4,6.642,99.95,0.14,1011.69,325.79
25.443,2,2,342.0,100.0,0.0,12618.0,4,6.642,99.95,0.14,1011.08,328.96
25.46,2,2,342.0,100.0,0.0,12618.0,4,6.642,99.95,0.14,1010.37,331.92
25.476,2,2,342.0,100.0,0.0,12618.0,4,6.642,99.95,0.14,1009.48,335.03
25.494,2,2,342.0,100.0,0.0,12618.0,4,6.642,99.95,0.14,1008.46,338.09
25.51,2,2,342.0,100.0,0.0,12618.0,4,6.642,99.95,0.14,1007.37,340.93
25.526,2,2,342.0,100.0,0.0,12618.0,4,6.642,99.95,0.14,1006.16,343.72
25.542,2,2,342.0,100.0,0.0,12618.0,4,6.642,99.95,0.14,1004.74,346.62
25.559,2,2,342.0,100.0,0.0,12618.0,4,6.642,99.95,0.14,1003.2,349.46
25.576,2,2,342.0,100.0,0.0,12618.0,4,6.642,99.95,0.14,1001.64,352.07
25.592,2,2,342.0,100.0,0.0,12618.0,4,6.642,99.95,0.14,999.86,354.76
25.609,2,2,342.0,100.0,0.0,12618.0,4,6.642,99.95,0.14,997.96,357.38
25.626,2,2,342.0,100.0,0.0,12618.0,4,6.642,99.95,0.14,995.95,359.9
25.644,2,2,342.0,100.0,0.0,12618.0,4,6.642,99.95,0.14,993.83,362.34
25.659,2,2,342.0,100.0,0.0,12618.0,4,6.642,99.95,0.14,991.74,364.55
25.676,2,2,342.0,100.0,0.0,12618.0,4,6.642,99.95,0.14,989.56,366.66
25.692,2,2,342.0,100.0,0.0,12618.0,4,6.642,99.95,0.14,987.37,368.77
25.709,2,2,342.0,100.0,0.0,12618.0,4,6.642,99.95,0.14,985.05,371.02
25.724,2,2,342.0,100.0,0.0,12618.0,4,6.642,99.95,0.14,982.96,373.23
25.741,2,2,342.0,100.0,0.0,12618.0,4,6.642,99.95,0.14,980.84,375.66
25.757,2,2,342.0,100.0,0.0,12618.0,4,6.642,99.95,0.14,978.95,378.04
25.775,2,2,342.0,100.0,0.0,12618.0,4,6.642,99.95,0.14,977.05,380.66
25.791,2,2,342.0,100.0,0.0,12618.0,4,6.642,99.95,0.14,975.27,383.35
25.808,2,2,342.0,100.0,0.0,12618.0,4,6.642,99.95,0.14,973.61,386.12
25.824,2,2,342.0,100.0,0.0,12618.0,4,6.642,99.95,0.14,972.16,388.8
25.841,2,2,342.0,100.0,0.0,12618.0,4,6.642,99.95,0.14,970.74,391.7
25.858,2,2,342.0,100.0,0.0,12618.0,4,6.642,99.95,0.15,969.46,394.66
25.874,2,2,342.0,100.0,0.0,12618.0,4,6.642,99.95,0.15,968.37,397.5
25.891,2,2,342.0,100.0,0.0,12618.0,4,6.642,99.95,0.15,967.34,400.56
25.908,2,2,342.0,100.0,0.0,12618.0,4,6.642,99.95,0.15,966.51,403.49
25.924,2,2,342.0,100.0,0.0,12618.0,4,6.642,99.95,0.15,965.76,406.63
25.941,2,2,342.0,100.0,0.0,12618.0,4,6.642,99.95,0.15,965.14,409.8
25.958,2,2,342.0,100.0,0.0,12618.0,4,6.642,99.95,0.15,964.66,412.99
25.975,2,2,342.0,100.0,0.0,12618.0,4,6.642,99.95,0.15,964.33,416.21
25.992,2,2,342.0,100.0,0.0,12618.0,4,6.642,99.95,0.15,964.13,419.43
26.008,2,2,342.0,100.0,0.0,12618.0,4,6.642,99.95,0.15,964.08,422.47
26.025,2,2,342.0,100.0,0.0,12618.0,4,6.642,99.95,0.15,964.17,425.7
26.041,2,2,342.0,100.0,0.0,12618.0,4,6.642,99.95,0.15,964.38,428.73
26.058,2,2,342.0,100.0,0.0,12618.0,4,6.642,99.95,0.15,964.75,431.94
26.075,2,2,342.0,100.0,0.0,12618.0,4,6.642,99.95,0.15,965.23,434.94
26.091,2,2,342.0,100.0,0.0,12618.0,4,6.642,99.95,0.15,965.87,438.11
26.108,2,2,342.0,100.0,0.0,12618.0,4,6.642,99.95,0.15,966.61,441.06
26.124,2,2,342.0,100.0,0.0,12618.0,4,6.642,99.95,0.15,967.53,444.15
26.141,2,2,342.0,100.0,0.0,12618.0,4,6.642,99.95,0.15,968.58,447.21
26.157,2,2,342.0,100.0,0.0,12618.0,4,6.642,99.95,0.15,969.7,450.03
26.174,2,2,342.0,100.0,0.0,12618.0,4,6.642,99.95,0.15,970.81,452.86
26.19,2,2,342.0,100.0,0.0,12618.0,4,6.642,99.95,0.15,971.86,455.92
26.207,2,2,342.0,100.0,0.0,12618.0,4,6.642,99.95,0.15,972.78,459.01
26.224,2,2,342.0,100.0,0.0,12618.0,4,6.642,99.95,0.15,973.57,462.15
26.241,2,2,342.0,100.0,0.0,12618.0,4,6.642,99.95,0.15,974.21,465.31
26.258,2,2,342.0,100.0,0.0,12618.0,4,6.642,99.95,0.15,974.72,468.5
26.275,2,2,342.0,100.0,0.0,12618.0,4,6.642,99.95,0.15,975.09,471.71
26.292,2,2,342.0,100.0,0.0,12618.0,4,6.642,99.95,0.15,975.31,474.93
26.309,2,2,342.0,100.0,0.0,12618.0,4,6.642,99.95,0.15,975.4,478.16
26.326,2,2,342.0,100.0,0.0,12618.0,4,6.642,99.95,0.15,975.34,481.39
26.343,2,2,342.0,100.0,0.0,12618.0,4,6.642,99.95,0.15,975.15,484.61
26.36,2,2,342.0,100.0,0.0,12618.0,4,6.642,99.95,0.15,974.81,487.83
26.378,2,2,342.0,100.0,0.0,12618.0,4,6.642,99.95,0.15,974.34,491.02
26.393,2,2,342.0,100.0,0.0,12618.0,4,6.642,99.95,0.15,973.76,494.01
26.41,2,2,342.0,100.0,0.0,12618.0,4,6.642,99.95,0.15,973.01,497.15
26.426,2,2,342.0,100.0,0.0,12618.0,4,6.642,99.95,0.15,972.17,500.07
26.442,2,2,342.0,100.0,0.0,12618.0,4,6.642,99.95,0.15,971.21,502.95
26.46,2,2,342.0,100.0,0.0,12618.0,4,6.642,99.95,0.15,970.05,505.97
26.475,2,2,342.0,100.0,0.0,12618.0,4,6.642,99.95,0.15,968.84,508.76
26.492,2,2,342.0,100.0,0.0,12618.0,4,6.642,99.95,0.15,967.43,511.66
26.509,2,2,342.0,100.0,0.0,12618.0,4,6.642,99.95,0.15,965.89,514.5
26.526,2,2,342.0,100.0,0.0,12618.0,4,6.642,99.95,0.15,964.22,517.27
26.542,2,2,342.0,100.0,0.0,12618.0,4,6.642,99.95,0.15,962.55,519.81
26.559,2,2,342.0,100.0,0.0,12618.0,4,6.642,99.95,0.15,960.65,522.42
26.576,2,2,342.0,100.0,0.0,12618.0,4,6.642,99.95,0.15,958.64,524.95
26.594,2,2,342.0,100.0,0.0,12618.0,4,6.642,99.95,0.15,956.52,527.39
26.611,2,2,342.0,100.0,0.0,12618.0,4,6.642,99.95,0.15,954.17,529.87
26.628,2,2,342.0,100.0,0.0,12618.0,4,6.642,99.95,0.15,951.98,531.98
26.644,2,2,342.0,100.0,0.0,12618.0,4,6.642,99.95,0.15,949.57,534.12
26.66,2,2,342.0,100.0,0.0,12618.0,4,6.642,99.95,0.15,947.2,536.04
26.676,2,2,342.0,100.0,0.0,12618.0,4,6.642,99.95,0.15,944.76,537.85
26.693,2,2,342.0,100.0,0.0,12618.0,4,6.642,99.95,0.15,942.08,539.66
26.71,2,2,342.0,100.0,0.0,12618.0,4,6.642,99.95,0.15,939.33,541.34
26.726,2,2,342.0,100.0,0.0,12618.0,4,6.642,99.95,0.15,936.67,542.82
26.743,2,2,342.0,100.0,0.0,12618.0,4,6.642,99.95,0.15,933.78,544.26
26.76,2,2,342.0,100.0,0.0,12618.0,4,6.642,99.95,0.15,931.01,545.5
26.776,2,2,342.0,100.0,0.0,12618.0,4,6.642,99.95,0.15,928.0,546.69
26.793,2,2,342.0,100.0,0.0,12618.0,4,6.642,99.95,0.15,924.95,547.74
26.81,2,2,342.0,100.0,0.0,12618.0,4,6.642,99.95,0.15,922.03,548.6
26.826,2,2,342.0,100.0,0.0,12618.0,4,6.642,99.95,0.15,918.9,549.39
26.843,2,2,342.0,100.0,0.0,12618.0,4,6.642,99.95,0.15,915.92,549.99
26.859,2,2,342.0,100.0,0.0,12618.0,4,6.642,99.95,0.15,912.73,550.5
26.877,2,2,342.0,100.0,0.0,12618.0,4,6.642,99.95,0.15,909.52,550.87
26.892,2,2,342.0,100.0,0.0,12618.0,4,6.642,99.95,0.15,906.49,551.08
26.91,2,2,342.0,100.0,0.0,12618.0,4,6.642,99.95,0.15,903.26,551.17
26.927,2,2,342.0,100.0,0.0,12618.0,4,6.642,99.95,0.15,900.03,551.11
26.943,2,2,342.0,100.0,0.0,12618.0,4,6.642,99.95,0.15,897.0,550.93
26.959,2,2,342.0,100.0,0.0,12618.0,4,6.642,99.95,0.15,893.97,550.61
26.975,2,2,342.0,100.0,0.0,12618.0,4,6.642,99.95,0.15,890.78,550.14
26.993,2,2,342.0,100.0,0.0,12618.0,4,6.642,99.95,0.15,887.4,549.63
27.011,2,2,342.0,100.0,0.0,12618.0,4,6.642,99.95,0.15,884.01,549.13
27.028,2,2,342.0,100.0,0.0,12618.0,4,6.642,99.95,0.15,881.01,548.68
27.044,2,2,342.0,100.0,0.0,12618.0,4,6.642,99.95,0.15,877.81,548.21
27.061,2,2,342.0,100.0,0.0,12618.0,4,6.642,99.95,0.15,874.6,547.87
27.078,2,2,342.0,100.0,0.0,12618.0,4,6.642,99.95,0.15,871.56,547.69
27.093,2,2,342.0,100.0,0.0,12618.0,4,6.642,99.95,0.15,868.53,547.63
27.109,2,2,342.0,100.0,0.0,12618.0,4,6.642,99.95,0.15,865.49,547.72
27.126,2,2,342.0,100.0,0.0,12618.0,4,6.642,99.95,0.15,862.26,547.94
27.143,2,2,342.0,100.0,0.0,12618.0,4,6.642,99.95,0.15,859.24,548.29
27.158,2,2,342.0,100.0,0.0,12618.0,4,6.642,99.95,0.15,856.24,548.76
27.175,2,2,342.0,100.0,0.0,12618.0,4,6.642,99.95,0.15,853.08,549.41
27.191,2,2,342.0,100.0,0.0,12618.0,4,6.642,99.95,0.15,850.13,550.15
27.208,2,2,342.0,100.0,0.0,12618.0,4,6.642,99.95,0.15,847.03,551.07
27.224,2,2,342.0,100.0,0.0,12618.0,4,6.642,99.95,0.15,844.16,552.06
27.241,2,2,342.0,100.0,0.0,12618.0,4,6.642,99.95,0.15,841.15,553.24
27.258,2,2,342.0,100.0,0.0,12618.0,4,6.642,99.95,0.15,838.2,554.56
27.274,2,2,342.0,100.0,0.0,12618.0,4,6.642,99.95,0.15,835.48,555.92
27.29,2,2,342.0,100.0,0.0,12618.0,4,6.642,99.95,0.15,832.82,557.39
27.307,2,2,342.0,100.0,0.0,12618.0,4,6.642,99.95,0.15,830.23,558.98
27.323,2,2,342.0,100.0,0.0,12618.0,4,6.642,99.95,0.15,827.56,560.79
27.34,2,2,342.0,100.0,0.0,12618.0,4,6.642,99.95,0.15,825.11,562.6
27.356,2,2,342.0,100.0,0.0,12618.0,4,6.642,99.95,0.15,822.75,564.51
27.371,2,2,342.0,100.0,0.0,12618.0,4,6.642,99.95,0.15,820.48,566.53
27.388,2,2,342.0,100.0,0.0,12618.0,4,6.642,99.95,0.15,818.15,568.77
27.405,2,2,342.0,100.0,0.0,12618.0,4,6.642,99.95,0.15,815.93,571.12
27.422,2,2,342.0,100.0,0.0,12618.0,4,6.642,99.95,0.15,813.81,573.56
27.439,2,2,342.0,100.0,0.0,12618.0,4,6.642,99.95,0.15,811.8,576.08
27.456,2,2,342.0,100.0,0.0,12618.0,4,6.642,99.95,0.15,810.02,578.54
27.471,2,2,342.0,100.0,0.0,12618.0,4,6.642,99.95,0.15,808.34,581.08
27.488,2,2,342.0,100.0,0.0,12618.0,4,6.642,99.95,0.15,806.78,583.69
27.504,2,2,342.0,100.0,0.0,12618.0,4,6.642,99.95,0.15,805.24,586.53
27.521,2,2,342.0,100.0,0.0,12618.0,4,6.642,99.95,0.15,803.82,589.43
27.539,2,2,342.0,100.0,0.0,12618.0,4,6.642,99.95,0.15,802.54,592.39
27.555,2,2,342.0,100.0,0.0,12618.0,4,6.642,99.95,0.15,801.38,595.41
27.573,2,2,342.0,100.0,0.0,12618.0,4,6.642,99.95,0.15,800.36,598.47
27.589,2,2,342.0,100.0,0.0,12618.0,4,6.642,99.95,0.15,799.47,601.58
27.606,2,2,342.0,100.0,0.0,12618.0,4,6.642,99.95,0.15,798.76,604.53
27.621,2,2,342.0,100.0,0.0,12618.0,4,6.642,99.95,0.15,798.18,607.52
27.638,2,2,342.0,100.0,0.0,12618.0,4,6.642,99.95,0.15,797.73,610.53
27.653,2,2,342.0,100.0,0.0,12618.0,4,6.642,99.95,0.15,797.29,613.53
27.67,2,2,342.0,100.0,0.0,12618.0,4,6.642,99.95,0.16,796.81,616.73
27.686,2,2,342.0,100.0,0.0,12618.0,4,6.642,99.95,0.16,796.36,619.73
27.703,2,2,342.0,100.0,0.0,12618.0,4,6.642,99.95,0.16,795.75,622.9
27.72,2,2,342.0,100.0,0.0,12618.0,4,6.642,99.95,0.16,795.04,625.86
27.736,2,2,342.0,100.0,0.0,12618.0,4,6.642,99.95,0.16,794.15,628.97
27.753,2,2,342.0,100.0,0.0,12618.0,4,6.642,99.95,0.16,793.13,632.03
27.769,2,2,342.0,100.0,0.0,12618.0,4,6.642,99.95,0.16,792.04,634.87
27.785,2,2,342.0,100.0,0.0,12618.0,4,6.642,99.95,0.16,790.83,637.66
27.802,2,2,342.0,100.0,0.0,12618.0,4,6.642,99.95,0.16,789.41,640.56
27.82,2,2,342.0,100.0,0.0,12618.0,4,6.642,99.95,0.16,787.87,643.4
27.835,2,2,342.0,100.0,0.0,12618.0,4,6.642,99.95,0.16,786.31,646.01
27.851,2,2,342.0,100.0,0.0,12618.0,4,6.642,99.95,0.16,784.63,648.54
27.868,2,2,342.0,100.0,0.0,12618.0,4,6.642,99.95,0.16,782.74,651.16
27.884,2,2,342.0,100.0,0.0,12618.0,4,6.642,99.95,0.16,780.84,653.54
27.9,2,2,342.0,100.0,0.0,12618.0,4,6.642,99.95,0.16,778.85,655.83
27.917,2,2,342.0,100.0,0.0,12618.0,4,6.642,99.95,0.16,776.63,658.18
27.934,2,3,342.0,100.0,0.0,12618.0,4,6.642,99.95,0.16,774.31,660.42
27.951,2,3,342.0,100.0,0.0,12618.0,4,6.642,99.95,0.16,771.89,662.56
27.968,2,3,342.0,100.0,0.0,12618.0,4,6.642,99.95,0.16,769.38,664.6
27.984,2,3,342.0,100.0,0.0,12618.0,4,6.642,99.95,0.16,766.94,666.41
28.001,2,3,342.0,100.0,0.0,12618.0,4,6.642,99.95,0.16,764.26,668.21
28.018,2,3,342.0,100.0,0.0,12618.0,4,6.642,99.95,0.16,761.67,669.8
28.034,2,3,342.0,100.0,0.0,12618.0,4,6.642,99.95,0.16,759.01,671.28
28.05,2,3,342.0,100.0,0.0,12618.0,4,6.642,99.95,0.16,756.12,672.72
28.067,2,3,342.0,100.0,0.0,12618.0,4,6.642,99.95,0.16,753.17,674.04
28.084,2,3,342.0,100.0,0.0,12618.0,4,6.642,99.95,0.16,750.17,675.22
28.101,2,3,342.0,100.0,0.0,12618.0,4,6.642,99.95,0.16,747.11,676.27
28.118,2,3,342.0,100.0,0.0,12618.0,4,6.642,99.95,0.16,744.02,677.19
28.135,2,3,342.0,100.0,0.0,12618.0,4,6.642,99.95,0.16,740.88,677.98
28.151,2,3,342.0,100.0,0.0,12618.0,4,6.642,99.95,0.16,737.9,678.58
28.168,2,3,342.0,100.0,0.0,12618.0,4,6.642,99.95,0.16,734.71,679.09
28.184,2,3,342.0,100.0,0.0,12618.0,4,6.642,99.95,0.16,731.69,679.44
28.2,2,3,342.0,100.0,0.0,12618.0,4,6.642,99.95,0.16,728.66,679.65
28.217,2,3,342.0,100.0,0.0,12618.0,4,6.642,99.95,0.16,725.62,679.73
28.233,2,3,342.0,100.0,0.0,12618.0,4,6.642,99.95,0.16,722.58,679.68
28.249,2,3,342.0,100.0,0.0,12618.0,4,6.642,99.95,0.16,719.55,679.5
28.264,2,3,342.0,100.0,0.0,12618.0,4,6.642,99.95,0.16,716.52,679.18
28.281,2,3,342.0,100.0,0.0,12618.0,4,6.642,99.95,0.16,713.33,678.7
28.298,2,3,342.0,100.0,0.0,12618.0,4,6.642,99.95,0.16,710.35,678.13
28.314,2,3,342.0,100.0,0.0,12618.0,4,6.642,99.95,0.16,707.39,677.42
28.33,2,3,342.0,100.0,0.0,12618.0,4,6.642,99.95,0.16,704.28,676.53
28.347,2,3,342.0,100.0,0.0,12618.0,4,6.642,99.95,0.16,701.4,675.56
28.364,2,3,342.0,100.0,0.0,12618.0,4,6.642,99.95,0.16,698.21,674.34
28.381,2,3,342.0,100.0,0.0,12618.0,4,6.643,99.95,0.16,695.24,673.05
28.397,2,3,342.0,100.0,0.0,12618.0,4,6.643,99.95,0.16,692.51,671.72
28.414,2,3,342.0,100.0,0.0,12618.0,4,6.643,99.95,0.16,689.67,670.18
28.43,2,3,342.0,100.0,0.0,12618.0,4,6.643,99.95,0.16,687.07,668.62
28.446,2,3,342.0,100.0,0.0,12618.0,4,6.643,99.95,0.16,684.53,666.94
28.462,2,3,342.0,100.0,0.0,12618.0,4,6.643,99.95,0.16,682.07,665.16
28.478,2,3,342.0,100.0,0.0,12618.0,4,6.643,99.95,0.16,679.69,663.27
28.494,2,3,342.0,100.0,0.0,12618.0,4,6.643,99.95,0.16,677.39,661.27
28.511,2,3,342.0,100.0,0.0,12618.0,4,6.643,99.95,0.16,675.05,659.05
28.529,2,3,342.0,100.0,0.0,12618.0,4,6.643,99.95,0.16,672.8,656.73
28.545,2,3,342.0,100.0,0.0,12618.0,4,6.643,99.95,0.16,670.66,654.31
28.562,2,3,342.0,100.0,0.0,12618.0,4,6.643,99.95,0.16,668.63,651.8
28.579,2,3,342.0,100.0,0.0,12618.0,4,6.643,99.95,0.16,666.71,649.2
28.596,2,3,342.0,100.0,0.0,12618.0,4,6.643,99.95,0.16,664.9,646.76
28.612,2,3,342.0,100.0,0.0,12618.0,4,6.643,99.95,0.16,662.98,644.4
28.628,2,3,342.0,100.0,0.0,12618.0,4,6.643,99.95,0.16,660.97,642.12
28.644,2,3,342.0,100.0,0.0,12618.0,4,6.643,99.95,0.16,658.72,639.8
28.66,2,3,342.0,100.0,0.0,12618.0,4,6.643,99.95,0.16,656.52,637.71
28.676,2,3,342.0,100.0,0.0,12618.0,4,6.643,99.95,0.16,654.22,635.72
28.693,2,3,342.0,100.0,0.0,12618.0,4,6.643,99.95,0.16,651.69,633.71
28.71,2,3,342.0,100.0,0.0,12618.0,4,6.643,99.95,0.16,649.08,631.81
28.727,2,3,342.0,100.0,0.0,12618.0,4,6.643,99.95,0.16,646.38,630.03
28.744,2,3,342.0,100.0,0.0,12618.0,4,6.643,99.95,0.16,643.61,628.37
28.761,2,3,342.0,100.0,0.0,12618.0,4,6.643,99.95,0.16,640.77,626.83
28.777,2,3,342.0,100.0,0.0,12618.0,4,6.643,99.95,0.16,638.04,625.5
28.793,2,3,342.0,100.0,0.0,12618.0,4,6.643,99.95,0.16,635.25,624.29
28.809,2,3,342.0,100.0,0.0,12618.0,4,6.643,99.95,0.16,632.41,623.2
28.826,2,3,342.0,100.0,0.0,12618.0,4,6.643,99.95,0.16,629.35,622.17
28.842,2,3,342.0,100.0,0.0,12618.0,4,6.643,99.95,0.16,626.43,621.34
28.859,2,3,342.0,100.0,0.0,12618.0,4,6.643,99.95,0.16,623.29,620.59
28.876,2,3,342.0,100.0,0.0,12618.0,4,6.643,99.95,0.16,620.12,619.97
28.892,2,3,342.0,100.0,0.0,12618.0,4,6.643,99.95,0.16,617.11,619.52
28.909,2,3,342.0,100.0,0.0,12618.0,4,6.643,99.95,0.16,613.9,619.19
28.925,2,3,342.0,100.0,0.0,12618.0,4,6.643,99.95,0.16,610.86,619.0
28.942,2,3,342.0,100.0,0.0,12618.0,4,6.643,99.95,0.16,607.63,618.95
28.959,2,3,342.0,100.0,0.0,12618.0,4,6.643,99.95,0.16,604.4,619.03
28.976,2,3,342.0,100.0,0.0,12618.0,4,6.643,99.95,0.16,601.18,619.26
28.993,2,3,342.0,100.0,0.0,12618.0,4,6.643,99.95,0.16,598.16,619.61
29.008,2,3,342.0,100.0,0.0,12618.0,4,6.643,99.95,0.16,595.16,620.08
29.024,2,3,342.0,100.0,0.0,12618.0,4,6.643,99.95,0.16,592.18,620.69
29.041,2,3,342.0,100.0,0.0,12618.0,4,6.643,99.95,0.16,589.05,621.47
29.057,2,3,342.0,100.0,0.0,12618.0,4,6.643,99.95,0.16,586.13,622.34
29.074,2,3,342.0,100.0,0.0,12618.0,4,6.643,99.95,0.16,583.08,623.39
29.091,2,3,342.0,100.0,0.0,12618.0,4,6.643,99.95,0.16,580.07,624.58
29.109,2,3,342.0,100.0,0.0,12618.0,4,6.643,99.95,0.16,577.12,625.89
29.125,2,3,342.0,100.0,0.0,12618.0,4,6.643,99.95,0.16,574.23,627.34
29.141,2,3,342.0,100.0,0.0,12618.0,4,6.643,99.95,0.16,571.58,628.81
29.158,2,3,342.0,100.0,0.0,12618.0,4,6.643,99.95,0.16,568.99,630.4
29.173,2,3,342.0,100.0,0.0,12618.0,4,6.643,99.95,0.16,566.47,632.1
29.191,2,3,342.0,100.0,0.0,12618.0,4,6.643,99.95,0.16,563.87,634.02
29.208,2,3,342.0,100.0,0.0,12618.0,4,6.643,99.95,0.16,561.36,636.06
29.224,2,3,342.0,100.0,0.0,12618.0,4,6.643,99.95,0.16,558.94,638.2
29.241,2,3,342.0,100.0,0.0,12618.0,4,6.643,99.95,0.16,556.53,640.34
29.258,2,3,342.0,100.0,0.0,12618.0,4,6.643,99.95,0.16,554.11,642.48
29.275,2,3,342.0,100.0,0.0,12618.0,4,6.643,99.95,0.16,551.69,644.62
29.291,2,3,342.0,100.0,0.0,12618.0,4,6.643,99.95,0.16,549.41,646.64
29.307,2,3,342.0,100.0,0.0,12618.0,4,6.643,99.95,0.16,547.14,648.65
29.323,2,3,342.0,100.0,0.0,12618.0,4,6.643,99.95,0.16,544.86,650.67
29.341,2,3,342.0,100.0,0.0,12618.0,4,6.643,99.95,0.16,542.35,652.7
29.357,2,3,342.0,100.0,0.0,12618.0,4,6.643,99.95,0.16,539.76,654.63
29.373,2,3,342.0,100.0,0.0,12618.0,4,6.643,99.95,0.16,537.24,656.33
29.39,2,3,342.0,100.0,0.0,12618.0,4,6.643,99.94,0.16,534.48,658.02
29.407,2,3,342.0,100.0,0.0,12618.0,4,6.643,99.94,0.16,531.83,659.49
29.423,2,3,342.0,100.0,0.0,12618.0,4,6.643,99.94,0.16,528.94,660.93
29.44,2,3,342.0,100.0,0.0,12618.0,4,6.643,99.94,0.16,525.99,662.25
29.457,2,3,342.0,100.0,0.0,12618.0,4,6.643,99.94,0.16,523.16,663.37
29.473,2,3,342.0,100.0,0.0,12618.0,4,6.643,99.94,0.17,520.1,664.42
29.489,2,3,342.0,100.0,0.0,12618.0,4,6.643,99.94,0.17,517.19,665.28
29.506,2,3,342.0,100.0,0.0,12618.0,4,6.643,99.94,0.17,514.06,666.07
29.523,2,3,342.0,100.0,0.0,12618.0,4,6.643,99.94,0.17,510.89,666.71
29.54,2,3,342.0,100.0,0.0,12618.0,4,6.643,99.94,0.17,507.7,667.22
29.556,2,3,342.0,100.0,0.0,12618.0,4,6.643,99.94,0.17,504.68,667.56
29.573,2,3,342.0,100.0,0.0,12618.0,4,6.643,99.94,0.17,501.46,667.79
29.59,2,3,342.0,100.0,0.0,12618.0,4,6.643,99.94,0.17,498.42,667.87
29.605,2,3,342.0,100.0,0.0,12618.0,4,6.643,99.94,0.17,495.38,667.82
29.621,2,3,342.0,100.0,0.0,12618.0,4,6.643,99.94,0.17,492.35,667.64
29.638,2,3,342.0,100.0,0.0,12618.0,4,6.643,99.94,0.17,489.13,667.3
29.654,2,3,342.0,100.0,0.0,12618.0,4,6.643,99.94,0.17,486.13,666.85
29.671,2,3,342.0,100.0,0.0,12618.0,4,6.643,99.94,0.17,482.96,666.24
29.688,2,3,342.0,100.0,0.0,12618.0,4,6.643,99.94,0.17,479.82,665.49
29.704,2,3,342.0,100.0,0.0,12618.0,4,6.643,99.94,0.17,476.89,664.65
29.721,2,3,342.0,100.0,0.0,12618.0,4,6.643,99.94,0.17,473.83,663.63
29.738,2,3,342.0,100.0,0.0,12618.0,4,6.643,99.94,0.17,470.81,662.47
29.755,2,3,342.0,100.0,0.0,12618.0,4,6.643,99.94,0.17,467.85,661.18
29.772,2,3,342.0,100.0,0.0,12618.0,4,6.643,99.94,0.17,464.95,659.77
29.788,2,3,342.0,100.0,0.0,12618.0,4,6.643,99.94,0.17,462.27,658.32
29.804,2,3,342.0,100.0,0.0,12618.0,4,6.643,99.94,0.17,459.67,656.76
29.82,2,3,342.0,100.0,0.0,12618.0,4,6.643,99.94,0.17,457.13,655.08
29.837,2,3,342.0,100.0,0.0,12618.0,4,6.643,99.94,0.17,454.67,653.29
29.852,2,3,342.0,100.0,0.0,12618.0,4,6.643,99.94,0.17,452.29,651.4
29.868,2,3,342.0,100.0,0.0,12618.0,4,6.643,99.94,0.17,450.0,649.41
29.886,2,3,342.0,100.0,0.0,12618.0,4,6.643,99.94,0.17,447.65,647.19
29.901,2,3,342.0,100.0,0.0,12618.0,4,6.643,99.94,0.17,445.54,645.0
29.917,2,3,342.0,100.0,0.0,12618.0,4,6.643,99.94,0.17,443.52,642.73
29.934,2,3,342.0,100.0,0.0,12618.0,4,6.643,99.94,0.17,441.61,640.36
29.95,2,3,342.0,100.0,0.0,12618.0,4,6.643,99.94,0.17,439.8,637.92
29.966,2,3,342.0,100.0,0.0,12618.0,4,6.643,99.94,0.17,437.99,635.24
29.983,2,3,342.0,100.0,0.0,12618.0,4,6.643,99.94,0.17,436.4,632.65
30.0,2,3,342.0,100.0,0.0,12618.0,4,6.643,99.94,0.17,434.84,629.83
30.015,2,3,342.0,100.0,0.0,12618.0,4,6.643,99.94,0.17,433.48,627.11
30.032,2,3,342.0,100.0,0.0,12618.0,4,6.643,99.94,0.17,432.0,624.45
30.048,2,3,342.0,100.0,0.0,12618.0,4,6.643,99.94,0.17,430.31,621.7
30.065,2,3,342.0,100.0,0.0,12618.0,4,6.643,99.94,0.17,428.51,619.02
30.082,2,3,342.0,100.0,0.0,12618.0,4,6.643,99.94,0.17,426.58,616.42
30.098,2,3,342.0,100.0,0.0,12618.0,4,6.643,99.94,0.17,424.67,614.06
30.114,2,3,342.0,100.0,0.0,12618.0,4,6.643,99.94,0.17,422.65,611.79
30.131,2,3,342.0,100.0,0.0,12618.0,4,6.643,99.94,0.17,420.41,609.46
30.148,2,3,342.0,100.0,0.0,12618.0,4,6.643,99.94,0.17,418.06,607.24
30.165,2,3,342.0,100.0,0.0,12618.0,4,6.643,99.94,0.17,415.77,605.25
30.181,2,3,342.0,100.0,0.0,12618.0,4,6.643,99.94,0.17,413.24,603.24
30.198,2,3,342.0,100.0,0.0,12618.0,4,6.643,99.94,0.17,410.63,601.34
30.215,2,3,342.0,100.0,0.0,12618.0,4,6.643,99.94,0.17,408.09,599.67
30.231,2,3,342.0,100.0,0.0,12618.0,4,6.643,99.94,0.17,405.32,598.0
30.248,2,3,342.0,100.0,0.0,12618.0,4,6.643,99.94,0.17,402.48,596.46
30.264,2,3,342.0,100.0,0.0,12618.0,4,6.643,99.94,0.17,399.75,595.13
30.281,2,3,342.0,100.0,0.0,12618.0,4,6.643,99.94,0.17,396.79,593.85
30.298,2,3,342.0,100.0,0.0,12618.0,4,6.643,99.94,0.17,393.95,592.76
30.314,2,3,342.0,100.0,0.0,12618.0,4,6.643,99.94,0.17,390.88,591.74
30.33,2,3,342.0,100.0,0.0,12618.0,4,6.643,99.94,0.17,387.96,590.9
30.347,2,3,342.0,100.0,0.0,12618.0,4,6.643,99.94,0.17,384.82,590.15
30.364,2,3,342.0,100.0,0.0,12618.0,4,6.643,99.94,0.17,381.65,589.53
30.38,2,3,342.0,100.0,0.0,12618.0,4,6.643,99.94,0.17,378.64,589.08
30.397,2,3,342.0,100.0,0.0,12618.0,4,6.643,99.94,0.17,375.43,588.75
30.414,2,3,342.0,100.0,0.0,12618.0,4,6.643,99.94,0.17,372.21,588.55
30.43,2,3,342.0,100.0,0.0,12618.0,4,6.643,99.94,0.17,369.17,588.5
30.447,2,3,342.0,100.0,0.0,12618.0,4,6.643,99.94,0.17,366.13,588.58
30.463,2,3,342.0,100.0,0.0,12618.0,4,6.643,99.94,0.17,363.09,588.8
30.479,2,3,342.0,100.0,0.0,12618.0,4,6.643,99.94,0.17,359.89,589.16
30.495,2,3,342.0,100.0,0.0,12618.0,4,6.643,99.94,0.17,356.88,589.64
30.512,2,3,342.0,100.0,0.0,12618.0,4,6.643,99.94,0.17,353.72,590.28
30.529,2,3,342.0,100.0,0.0,12618.0,4,6.643,99.94,0.17,350.58,591.07
30.546,2,3,342.0,100.0,0.0,12618.0,4,6.643,99.94,0.17,347.67,591.93
30.561,2,3,342.0,100.0,0.0,12618.0,4,6.643,99.94,0.17,344.8,592.92
30.578,2,3,342.0,100.0,0.0,12618.0,4,6.643,99.94,0.17,341.79,594.11
30.595,2,3,342.0,100.0,0.0,12618.0,4,6.643,99.94,0.17,338.84,595.42
30.611,2,3,342.0,100.0,0.0,12618.0,4,6.643,99.94,0.17,336.12,596.78
30.627,2,3,342.0,100.0,0.0,12618.0,4,6.643,99.94,0.17,333.46,598.26
30.644,2,3,342.0,100.0,0.0,12618.0,4,6.643,99.94,0.17,330.87,599.85
30.659,2,3,342.0,100.0,0.0,12618.0,4,6.643,99.94,0.17,328.35,601.55
30.675,2,3,342.0,100.0,0.0,12618.0,4,6.643,99.94,0.17,325.91,603.36
30.692,2,3,342.0,100.0,0.0,12618.0,4,6.643,99.94,0.17,323.4,605.39
30.709,2,3,342.0,100.0,0.0,12618.0,4,6.643,99.94,0.17,320.98,607.53
30.726,2,3,342.0,100.0,0.0,12618.0,4,6.643,99.94,0.17,318.66,609.78
30.743,2,3,342.0,100.0,0.0,12618.0,4,6.643,99.94,0.17,316.44,612.12
30.76,2,3,342.0,100.0,0.0,12618.0,4,6.643,99.94,0.17,314.44,614.42
30.776,2,3,342.0,100.0,0.0,12618.0,4,6.643,99.94,0.17,312.55,616.8
30.792,2,3,342.0,100.0,0.0,12618.0,4,6.643,99.94,0.17,310.66,619.41
30.809,2,3,342.0,100.0,0.0,12618.0,4,6.643,99.94,0.17,308.88,622.11
30.826,2,3,342.0,100.0,0.0,12618.0,4,6.643,99.94,0.17,307.09,624.8
30.843,2,3,342.0,100.0,0.0,12618.0,4,6.643,99.94,0.17,305.31,627.49
30.86,2,3,342.0,100.0,0.0,12618.0,4,6.643,99.94,0.17,303.53,630.19
30.877,2,3,342.0,100.0,0.0,12618.0,4,6.643,99.94,0.17,301.75,632.88
30.894,2,3,342.0,100.0,0.0,12618.0,4,6.643,99.94,0.17,299.97,635.58
30.911,2,3,342.0,100.0,0.0,12618.0,4,6.643,99.94,0.17,298.19,638.27
30.928,2,3,342.0,100.0,0.0,12618.0,4,6.643,99.94,0.17,296.51,640.81
30.944,2,3,342.0,100.0,0.0,12618.0,4,6.643,99.94,0.17,294.73,643.5
30.961,2,3,342.0,100.0,0.0,12618.0,4,6.643,99.94,0.17,292.95,646.2
30.978,2,3,342.0,100.0,0.0,12618.0,4,6.643,99.94,0.17,291.27,648.73
30.994,2,3,342.0,100.0,0.0,12618.0,4,6.643,99.94,0.17,289.49,651.43
31.011,2,3,342.0,100.0,0.0,12618.0,4,6.643,99.94,0.17,287.7,653.89
31.026,2,3,342.0,100.0,0.0,12618.0,4,6.643,99.94,0.17,285.81,656.27
31.043,2,3,342.0,100.0,0.0,12618.0,4,6.643,99.94,0.17,283.69,658.71
31.061,2,3,342.0,100.0,0.0,12618.0,4,6.643,99.94,0.17,281.34,661.19
31.078,2,3,342.0,100.0,0.0,12618.0,4,6.643,99.94,0.17,279.02,663.43
31.095,2,3,342.0,100.0,0.0,12618.0,4,6.643,99.94,0.17,276.6,665.57
31.112,2,3,342.0,100.0,0.0,12618.0,4,6.643,99.94,0.17,274.09,667.61
31.128,2,3,342.0,100.0,0.0,12618.0,4,6.643,99.94,0.17,271.65,669.42
31.145,2,3,342.0,100.0,0.0,12618.0,4,6.643,99.94,0.17,268.97,671.23
31.162,2,3,342.0,100.0,0.0,12618.0,4,6.643,99.94,0.17,266.22,672.91
31.179,2,3,342.0,100.0,0.0,12618.0,4,6.643,99.94,0.17,263.39,674.48
31.195,2,3,342.0,100.0,0.0,12618.0,4,6.643,99.94,0.17,260.67,675.84
31.212,2,3,342.0,100.0,0.0,12618.0,4,6.643,99.94,0.17,257.72,677.15
31.228,2,3,342.0,100.0,0.0,12618.0,4,6.643,99.94,0.17,254.9,678.27
31.245,2,3,342.0,100.0,0.0,12618.0,4,6.643,99.94,0.17,251.84,679.32
31.263,2,3,342.0,100.0,0.0,12618.0,4,6.643,99.94,0.17,248.75,680.24
31.278,2,3,342.0,100.0,0.0,12618.0,4,6.643,99.94,0.17,245.8,680.98
31.294,2,3,342.0,100.0,0.0,12618.0,4,6.643,99.94,0.18,242.82,681.59
31.311,2,3,342.0,100.0,0.0,12618.0,4,6.643,99.94,0.18,239.63,682.09
31.328,2,3,342.0,100.0,0.0,12618.0,4,6.643,99.94,0.18,236.42,682.46
31.345,2,3,342.0,100.0,0.0,12618.0,4,6.643,99.94,0.18,233.2,682.69
31.362,2,3,342.0,100.0,0.0,12618.0,4,6.643,99.94,0.18,229.97,682.77
31.379,2,3,342.0,100.0,0.0,12618.0,4,6.643,99.94,0.18,226.93,682.72
31.394,2,3,342.0,100.0,0.0,12618.0,4,6.643,99.94,0.18,223.89,682.54
31.411,2,3,342.0,100.0,0.0,12618.0,4,6.643,99.94,0.18,220.68,682.2
31.428,2,3,342.0,100.0,0.0,12618.0,4,6.643,99.94,0.18,217.49,681.73
31.444,2,3,342.0,100.0,0.0,12618.0,4,6.643,99.94,0.18,214.5,681.15
31.461,2,3,342.0,100.0,0.0,12618.0,4,6.643,99.94,0.18,211.36,680.4
31.477,2,3,342.0,100.0,0.0,12618.0,4,6.643,99.94,0.18,208.44,679.56
31.493,2,3,342.0,100.0,0.0,12618.0,4,6.643,99.94,0.18,205.56,678.6
31.51,2,3,342.0,100.0,0.0,12618.0,4,6.643,99.94,0.18,202.54,677.44
31.527,2,3,342.0,100.0,0.0,12618.0,4,6.643,99.94,0.18,199.75,676.23
31.543,2,3,342.0,100.0,0.0,12618.0,4,6.643,99.94,0.18,197.02,674.9
31.559,2,3,342.0,100.0,0.0,12618.0,4,6.643,99.94,0.18,194.18,673.36
31.576,2,3,342.0,100.0,0.0,12618.0,4,6.643,99.94,0.18,191.41,671.7
31.592,2,3,342.0,100.0,0.0,12618.0,4,6.643,99.94,0.18,188.87,670.02
31.608,2,3,342.0,100.0,0.0,12618.0,4,6.643,99.94,0.18,186.41,668.23
31.625,2,3,342.0,100.0,0.0,12618.0,4,6.643,99.94,0.18,183.88,666.22
31.642,2,3,342.0,100.0,0.0,12618.0,4,6.643,99.94,0.18,181.45,664.11
31.658,2,3,342.0,100.0,0.0,12618.0,4,6.643,99.94,0.18,179.24,662.01
31.675,2,3,342.0,100.0,0.0,12618.0,4,6.643,99.94,0.18,177.13,659.83
31.691,2,3,342.0,100.0,0.0,12618.0,4,6.643,99.94,0.18,174.99,657.41
31.708,2,3,342.0,100.0,0.0,12618.0,4,6.643,99.94,0.18,173.07,655.05
31.724,2,3,342.0,100.0,0.0,12618.0,4,6.643,99.94,0.18,171.26,652.61
31.741,2,3,342.0,100.0,0.0,12618.0,4,6.643,99.94,0.18,169.35,649.77
31.758,2,3,342.0,100.0,0.0,12618.0,4,6.643,99.94,0.18,167.76,647.18
31.774,2,3,342.0,100.0,0.0,12618.0,4,6.643,99.94,0.18,166.19,644.36
31.791,2,3,342.0,100.0,0.0,12618.0,4,6.643,99.94,0.18,164.75,641.47
31.808,2,3,342.0,100.0,0.0,12618.0,4,6.643,99.94,0.18,163.43,638.52
31.825,2,3,342.0,100.0,0.0,12618.0,4,6.643,99.94,0.18,162.25,635.51
31.841,2,3,342.0,100.0,0.0,12618.0,4,6.643,99.94,0.18,161.26,632.64
31.858,2,3,342.0,100.0,0.0,12618.0,4,6.643,99.94,0.18,160.34,629.54
31.875,2,3,342.0,100.0,0.0,12618.0,4,6.643,99.94,0.18,159.55,626.41
31.892,2,3,342.0,100.0,0.0,12618.0,4,6.643,99.94,0.18,158.82,623.46
31.908,2,3,342.0,100.0,0.0,12618.0,4,6.643,99.94,0.18,158.03,620.33
31.925,2,3,342.0,100.0,0.0,12618.0,4,6.643,99.94,0.18,157.25,617.19
31.941,2,3,342.0,100.0,0.0,12618.0,4,6.643,99.94,0.18,156.51,614.24
31.958,2,3,342.0,100.0,0.0,12618.0,4,6.643,99.94,0.18,155.73,611.11
31.975,2,3,342.0,100.0,0.0,12618.0,4,6.643,99.94,0.18,154.95,607.97
31.993,2,3,342.0,100.0,0.0,12618.0,4,6.643,99.94,0.18,154.17,604.84
32.008,2,3,342.0,100.0,0.0,12618.0,4,6.643,99.94,0.18,153.43,601.89
32.026,2,3,342.0,100.0,0.0,12618.0,4,6.643,99.94,0.18,152.65,598.76
32.042,2,3,342.0,100.0,0.0,12618.0,4,6.643,99.94,0.18,151.86,595.62
32.059,2,3,342.0,100.0,0.0,12618.0,4,6.643,99.94,0.18,151.13,592.68
32.075,2,3,342.0,100.0,0.0,12618.0,4,6.643,99.94,0.18,150.34,589.54
32.092,2,3,342.0,100.0,0.0,12618.0,4,6.643,99.94,0.18,149.48,586.63
32.108,2,3,342.0,100.0,0.0,12618.0,4,6.643,99.94,0.18,148.43,583.57
32.126,2,3,342.0,100.0,0.0,12618.0,4,6.643,99.94,0.18,147.24,580.57
32.141,2,3,342.0,100.0,0.0,12618.0,4,6.643,99.94,0.18,146.0,577.79
32.158,2,3,342.0,100.0,0.0,12618.0,4,6.643,99.94,0.18,144.56,574.9
32.175,2,3,342.0,100.0,0.0,12618.0,4,6.643,99.94,0.18,143.08,572.24
32.191,2,3,342.0,100.0,0.0,12618.0,4,6.643,99.94,0.18,141.4,569.49
32.207,2,3,342.0,100.0,0.0,12618.0,4,6.643,99.94,0.18,139.69,566.97
32.223,2,3,342.0,100.0,0.0,12618.0,4,6.643,99.94,0.18,137.88,564.53
32.24,2,3,342.0,100.0,0.0,12618.0,4,6.643,99.94,0.18,135.85,562.02
32.256,2,3,342.0,100.0,0.0,12618.0,4,6.643,99.94,0.18,133.83,559.74
32.273,2,3,342.0,100.0,0.0,12618.0,4,6.643,99.94,0.18,131.72,557.56
32.288,2,3,342.0,100.0,0.0,12618.0,4,6.643,99.94,0.18,129.52,555.47
32.305,2,3,342.0,100.0,0.0,12618.0,4,6.643,99.94,0.18,127.08,553.35
32.323,2,3,342.0,100.0,0.0,12618.0,4,6.643,99.94,0.18,124.55,551.34
32.339,2,3,342.0,100.0,0.0,12618.0,4,6.643,99.94,0.18,121.93,549.44
32.356,2,3,342.0,100.0,0.0,12618.0,4,6.643,99.94,0.18,119.32,547.54
32.374,2,3,342.0,100.0,0.0,12618.0,4,6.643,99.94,0.18,116.79,545.54
32.39,2,3,342.0,100.0,0.0,12618.0,4,6.643,99.94,0.18,114.35,543.42
32.407,2,3,342.0,100.0,0.0,12618.0,4,6.643,99.94,0.18,112.15,541.33
32.423,2,3,342.0,100.0,0.0,12618.0,4,6.643,99.94,0.18,109.9,539.0
32.439,2,3,342.0,100.0,0.0,12618.0,4,6.643,99.94,0.18,107.89,536.73
32.456,2,3,342.0,100.0,0.0,12618.0,4,6.643,99.94,0.18,105.85,534.22
32.473,2,3,342.0,100.0,0.0,12618.0,4,6.643,99.94,0.18,103.93,531.62
32.489,2,3,342.0,100.0,0.0,12618.0,4,6.643,99.94,0.18,102.23,529.1
32.506,2,3,342.0,100.0,0.0,12618.0,4,6.643,99.94,0.18,100.64,526.51
32.523,2,3,342.0,100.0,0.0,12618.0,4,6.643,99.94,0.18,98.98,523.52
32.54,2,3,342.0,100.0,0.0,12618.0,4,6.643,99.94,0.18,97.54,520.63
32.557,2,3,342.0,100.0,0.0,12618.0,4,6.643,99.94,0.18,96.22,517.68
32.574,2,3,342.0,100.0,0.0,12618.0,4,6.643,99.94,0.18,95.04,514.68
32.591,2,3,342.0,100.0,0.0,12618.0,4,6.643,99.94,0.18,93.98,511.62
32.608,2,3,342.0,100.0,0.0,12618.0,4,6.643,99.94,0.18,93.06,508.53
32.625,2,3,342.0,100.0,0.0,12618.0,4,6.643,99.94,0.18,92.28,505.39
32.642,2,3,342.0,100.0,0.0,12618.0,4,6.643,99.94,0.18,91.64,502.23
32.659,2,3,342.0,100.0,0.0,12618.0,4,6.643,99.94,0.18,91.13,499.04
32.676,2,3,342.0,100.0,0.0,12618.0,4,6.643,99.94,0.18,90.78,496.02
32.692,2,3,342.0,100.0,0.0,12618.0,4,6.643,99.94,0.18,90.56,492.8
32.709,2,3,342.0,100.0,0.0,12618.0,4,6.643,99.94,0.18,90.47,489.57
32.725,2,3,342.0,100.0,0.0,12618.0,4,6.643,99.94,0.18,90.52,486.53
32.741,2,3,342.0,100.0,0.0,12618.0,4,6.643,99.94,0.18,90.71,483.49
32.758,2,3,342.0,100.0,0.0,12618.0,4,6.643,99.94,0.18,91.02,480.47
32.774,2,3,342.0,100.0,0.0,12618.0,4,6.643,99.94,0.18,91.5,477.28
32.791,2,3,342.0,100.0,0.0,12618.0,4,6.643,99.94,0.18,92.11,474.1
32.807,2,3,342.0,100.0,0.0,12618.0,4,6.643,99.94,0.18,92.82,471.15
32.824,2,3,342.0,100.0,0.0,12618.0,4,6.643,99.94,0.18,93.71,468.04
32.841,2,3,342.0,100.0,0.0,12618.0,4,6.643,99.94,0.18,94.73,464.98
32.858,2,3,342.0,100.0,0.0,12618.0,4,6.643,99.94,0.18,95.89,461.96
32.875,2,3,342.0,100.0,0.0,12618.0,4,6.643,99.94,0.18,97.17,459.0
32.893,2,3,342.0,100.0,0.0,12618.0,4,6.643,99.94,0.18,98.59,456.1
32.91,2,3,342.0,100.0,0.0,12618.0,4,6.643,99.94,0.18,100.13,453.26
32.926,2,3,342.0,100.0,0.0,12618.0,4,6.643,99.94,0.18,101.69,450.65
32.943,2,3,342.0,100.0,0.0,12618.0,4,6.643,99.94,0.18,103.47,447.96
32.959,2,3,342.0,100.0,0.0,12618.0,4,6.643,99.94,0.18,105.26,445.5
32.974,2,3,342.0,100.0,0.0,12618.0,4,6.643,99.94,0.18,107.15,443.12
32.99,2,3,342.0,100.0,0.0,12618.0,4,6.643,99.94,0.18,109.14,440.82
33.007,2,3,342.0,100.0,0.0,12618.0,4,6.643,99.94,0.18,111.24,438.61
33.023,2,3,342.0,100.0,0.0,12618.0,4,6.643,99.94,0.18,113.42,436.5
33.04,2,3,342.0,100.0,0.0,12618.0,4,6.643,99.94,0.18,115.84,434.36
33.056,2,3,342.0,100.0,0.0,12618.0,4,6.643,99.94,0.18,118.35,432.33
33.073,2,3,342.0,100.0,0.0,12618.0,4,6.643,99.94,0.18,120.79,430.52
33.089,2,3,342.0,100.0,0.0,12618.0,4,6.643,99.94,0.18,123.47,428.71
33.106,2,3,342.0,100.0,0.0,12618.0,4,6.643,99.94,0.19,126.22,427.02
33.123,2,3,342.0,100.0,0.0,12618.0,4,6.643,99.94,0.19,129.05,425.45
33.14,2,3,342.0,100.0,0.0,12618.0,4,6.643,99.94,0.19,131.77,424.1
33.157,2,3,342.0,100.0,0.0,12618.0,4,6.643,99.94,0.19,134.72,422.78
33.173,2,3,342.0,100.0,0.0,12618.0,4,6.643,99.94,0.19,137.72,421.59
33.19,2,3,342.0,100.0,0.0,12618.0,4,6.643,99.94,0.19,140.6,420.6
33.206,2,3,342.0,100.0,0.0,12618.0,4,6.643,99.94,0.19,143.69,419.68
33.223,2,3,342.0,100.0,0.0,12618.0,4,6.643,99.94,0.19,146.79,418.77
33.241,2,3,342.0,100.0,0.0,12618.0,4,6.643,99.94,0.19,149.84,417.71
33.257,2,3,342.0,100.0,0.0,12618.0,4,6.643,99.94,0.19,152.85,416.53
33.274,2,3,342.0,100.0,0.0,12618.0,4,6.643,99.94,0.19,155.8,415.21
33.291,2,3,342.0,100.0,0.0,12618.0,4,6.643,99.94,0.19,158.69,413.77
33.308,2,3,342.0,100.0,0.0,12618.0,4,6.643,99.94,0.19,161.51,412.2
33.325,2,3,342.0,100.0,0.0,12618.0,4,6.643,99.94,0.19,164.26,410.51
33.342,2,3,342.0,100.0,0.0,12618.0,4,6.643,99.94,0.19,166.94,408.71
33.358,2,3,342.0,100.0,0.0,12618.0,4,6.643,99.94,0.19,169.38,406.9
33.374,2,3,342.0,100.0,0.0,12618.0,4,6.643,99.94,0.19,171.75,404.98
33.391,2,3,342.0,100.0,0.0,12618.0,4,6.643,99.94,0.19,174.16,402.84
33.407,2,3,342.0,100.0,0.0,12618.0,4,6.643,99.94,0.19,176.35,400.73
33.424,2,3,342.0,100.0,0.0,12618.0,4,6.643,99.94,0.19,178.44,398.52
33.439,2,3,342.0,100.0,0.0,12618.0,4,6.643,99.94,0.19,180.43,396.23
33.456,2,3,342.0,100.0,0.0,12618.0,4,6.643,99.94,0.19,182.44,393.7
33.472,2,3,342.0,100.0,0.0,12618.0,4,6.643,99.94,0.19,184.23,391.24
33.488,2,3,342.0,100.0,0.0,12618.0,4,6.643,99.94,0.19,185.91,388.7
33.505,2,3,342.0,100.0,0.0,12618.0,4,6.643,99.94,0.19,187.57,385.93
33.522,2,3,342.0,100.0,0.0,12618.0,4,6.643,99.94,0.19,189.11,383.09
33.538,2,3,342.0,100.0,0.0,12618.0,4,6.643,99.94,0.19,190.44,380.36
33.555,2,3,342.0,100.0,0.0,12618.0,4,6.643,99.94,0.19,191.73,377.4
33.571,2,3,342.0,100.0,0.0,12618.0,4,6.643,99.94,0.19,192.81,374.56
33.588,2,3,342.0,100.0,0.0,12618.0,4,6.643,99.94,0.19,193.84,371.49
33.605,2,3,342.0,100.0,0.0,12618.0,4,6.643,99.94,0.19,194.73,368.39
33.621,2,3,342.0,100.0,0.0,12618.0,4,6.643,99.94,0.19,195.43,365.43
33.638,2,3,342.0,100.0,0.0,12618.0,4,6.643,99.94,0.19,196.05,362.26
33.655,2,3,342.0,100.0,0.0,12618.0,4,6.643,99.94,0.19,196.52,359.07
33.671,2,3,342.0,100.0,0.0,12618.0,4,6.643,99.94,0.19,196.84,356.04
33.687,2,3,342.0,100.0,0.0,12618.0,4,6.643,99.94,0.19,197.02,353.01
33.703,2,3,342.0,100.0,0.0,12618.0,4,6.643,99.94,0.19,197.08,349.97
33.721,2,3,342.0,100.0,0.0,12618.0,4,6.643,99.94,0.19,196.98,346.55
33.739,2,3,342.0,100.0,0.0,12618.0,4,6.643,99.94,0.19,196.76,343.33
33.754,2,3,342.0,100.0,0.0,12618.0,4,6.643,99.94,0.19,196.41,340.31
33.771,2,3,342.0,100.0,0.0,12618.0,4,6.643,99.94,0.19,195.91,337.12
33.787,2,3,342.0,100.0,0.0,12618.0,4,6.643,99.94,0.19,195.3,334.14
33.803,2,3,342.0,100.0,0.0,12618.0,4,6.643,99.94,0.19,194.56,331.19
33.821,2,3,342.0,100.0,0.0,12618.0,4,6.643,99.94,0.19,193.64,328.09
33.836,2,3,342.0,100.0,0.0,12618.0,4,6.643,99.94,0.19,192.65,325.22
33.854,2,3,342.0,100.0,0.0,12618.0,4,6.643,99.94,0.19,191.47,322.21
33.87,2,3,342.0,100.0,0.0,12618.0,4,6.643,99.94,0.19,190.23,319.44
33.886,2,3,342.0,100.0,0.0,12618.0,4,6.643,99.94,0.19,188.78,316.55
33.903,2,3,342.0,100.0,0.0,12618.0,4,6.643,99.94,0.19,187.22,313.72
33.92,2,3,342.0,100.0,0.0,12618.0,4,6.643,99.94,0.19,185.53,310.97
33.937,2,3,342.0,100.0,0.0,12618.0,4,6.643,99.94,0.19,183.94,308.38
33.953,2,3,342.0,100.0,0.0,12618.0,4,6.643,99.94,0.19,182.25,305.63
33.97,2,3,342.0,100.0,0.0,12618.0,4,6.643,99.94,0.19,180.66,303.04
33.986,2,3,342.0,100.0,0.0,12618.0,4,6.643,99.94,0.19,178.97,300.28
34.003,2,3,342.0,100.0,0.0,12618.0,4,6.643,99.94,0.19,177.28,297.53
34.021,2,3,342.0,100.0,0.0,12618.0,4,6.643,99.94,0.19,175.49,294.61
34.039,2,3,342.0,100.0,0.0,12618.0,4,6.643,99.94,0.19,173.8,291.86
34.055,2,3,342.0,100.0,0.0,12618.0,4,6.643,99.94,0.19,172.12,289.11
34.071,2,3,342.0,100.0,0.0,12618.0,4,6.643,99.94,0.19,170.53,286.52
34.089,2,3,342.0,100.0,0.0,12618.0,4,6.643,99.94,0.19,168.84,283.76
34.104,2,3,342.0,100.0,0.0,12618.0,4,6.643,99.94,0.19,167.25,281.17
34.121,2,3,342.0,100.0,0.0,12618.0,4,6.643,99.94,0.19,165.66,278.58
34.137,2,3,342.0,100.0,0.0,12618.0,4,6.643,99.94,0.19,164.18,275.92
34.153,2,3,342.0,100.0,0.0,12618.0,4,6.643,99.94,0.19,162.74,273.03
34.17,2,3,342.0,100.0,0.0,12618.0,4,6.643,99.94,0.19,161.42,270.08
34.188,2,3,342.0,100.0,0.0,12618.0,4,6.643,99.94,0.19,160.24,267.08
34.203,2,3,342.0,100.0,0.0,12618.0,4,6.643,99.94,0.19,159.25,264.2
34.219,2,3,342.0,100.0,0.0,12618.0,4,6.643,99.94,0.19,158.38,261.29
34.235,2,3,342.0,100.0,0.0,12618.0,4,6.643,99.94,0.19,157.65,258.34
34.252,2,3,342.0,100.0,0.0,12618.0,4,6.643,99.94,0.19,157.0,255.18
34.269,2,3,342.0,100.0,0.0,12618.0,4,6.643,99.94,0.19,156.49,251.99
34.285,2,3,342.0,100.0,0.0,12618.0,4,6.643,99.94,0.19,156.15,248.97
34.302,2,3,342.0,100.0,0.0,12618.0,4,6.643,99.94,0.19,155.92,245.74
34.319,2,3,342.0,100.0,0.0,12618.0,4,6.643,99.94,0.19,155.83,242.51
34.336,2,3,342.0,100.0,0.0,12618.0,4,6.643,99.94,0.19,155.89,239.28
34.353,2,3,342.0,100.0,0.0,12618.0,4,6.643,99.94,0.19,156.08,236.06
34.37,2,3,342.0,100.0,0.0,12618.0,4,6.643,99.94,0.19,156.4,233.04
34.386,2,3,342.0,100.0,0.0,12618.0,4,6.643,99.94,0.19,156.88,229.84
34.403,2,3,342.0,100.0,0.0,12618.0,4,6.643,99.93,0.19,157.49,226.67
34.42,2,3,342.0,100.0,0.0,12618.0,4,6.643,99.93,0.19,158.2,223.72
34.436,2,3,342.0,100.0,0.0,12618.0,4,6.643,99.93,0.19,159.09,220.61
34.452,2,3,342.0,100.0,0.0,12618.0,4,6.643,99.93,0.19,160.05,217.73
34.468,2,3,342.0,100.0,0.0,12618.0,4,6.643,99.93,0.19,161.14,214.89
34.484,2,3,342.0,100.0,0.0,12618.0,4,6.643,99.93,0.19,162.35,212.1
34.501,2,3,342.0,100.0,0.0,12618.0,4,6.643,99.93,0.19,163.77,209.2
34.518,2,3,342.0,100.0,0.0,12618.0,4,6.643,99.93,0.19,165.31,206.36
34.535,2,3,342.0,100.0,0.0,12618.0,4,6.643,99.93,0.19,166.97,203.59
34.552,2,3,342.0,100.0,0.0,12618.0,4,6.643,99.93,0.19,168.75,200.89
34.569,3,1,342.0,100.0,0.0,12618.0,4,6.643,99.93,0.19,170.65,198.28
34.585,3,1,342.0,100.0,0.0,12618.0,4,6.643,99.93,0.19,172.54,195.9
34.602,3,1,342.0,100.0,0.0,12618.0,4,6.643,99.93,0.19,174.65,193.46
34.619,3,1,342.0,100.0,0.0,12618.0,4,6.643,99.93,0.19,176.75,191.25
34.635,3,1,342.0,100.0,0.0,12618.0,4,6.643,99.93,0.19,179.07,189.01
34.652,3,1,342.0,100.0,0.0,12618.0,4,6.643,99.93,0.19,181.49,186.87
34.67,3,1,342.0,100.0,0.0,12618.0,4,6.643,99.93,0.19,184.0,184.83
34.686,3,1,342.0,100.0,0.0,12618.0,4,6.643,99.93,0.19,186.59,182.91
34.703,3,1,342.0,100.0,0.0,12618.0,4,6.643,99.93,0.19,189.11,181.21
34.719,3,1,342.0,100.0,0.0,12618.0,4,6.643,99.93,0.19,191.86,179.52
34.736,3,1,342.0,100.0,0.0,12618.0,4,6.643,99.93,0.19,194.52,178.04
34.751,3,1,342.0,100.0,0.0,12618.0,4,6.643,99.93,0.19,197.24,176.69
34.768,3,1,342.0,100.0,0.0,12618.0,4,6.643,99.93,0.19,200.02,175.45
34.784,3,1,342.0,100.0,0.0,12618.0,4,6.643,99.93,0.19,203.02,174.26
34.801,3,1,342.0,100.0,0.0,12618.0,4,6.643,99.93,0.19,206.08,173.21
34.818,3,1,342.0,100.0,0.0,12618.0,4,6.643,99.93,0.19,209.17,172.29
34.836,3,1,342.0,100.0,0.0,12618.0,4,6.643,99.93,0.19,212.31,171.51
34.852,3,1,342.0,100.0,0.0,12618.0,4,6.643,99.93,0.19,215.47,170.86
34.869,3,1,342.0,100.0,0.0,12618.0,4,6.643,99.93,0.19,218.47,170.39
34.886,3,1,342.0,100.0,0.0,12618.0,4,6.643,99.93,0.19,221.68,170.02
34.901,3,1,342.0,100.0,0.0,12618.0,4,6.643,99.93,0.19,224.72,169.81
34.918,3,1,342.0,100.0,0.0,12618.0,4,6.643,99.93,0.2,227.94,169.58
34.935,3,1,342.0,100.0,0.0,12618.0,4,6.643,99.93,0.2,231.16,169.35
34.953,3,1,342.0,100.0,0.0,12618.0,4,6.643,99.93,0.2,234.39,169.27
34.968,3,1,342.0,100.0,0.0,12618.0,4,6.643,99.93,0.2,237.43,169.32
34.985,3,1,342.0,100.0,0.0,12618.0,4,6.643,99.93,0.2,240.65,169.51
35.001,3,1,342.0,100.0,0.0,12618.0,4,6.643,99.93,0.2,243.68,169.83
35.018,3,1,342.0,100.0,0.0,12618.0,4,6.643,99.93,0.2,246.68,170.28
35.033,3,1,342.0,100.0,0.0,12618.0,4,6.643,99.93,0.2,249.67,170.86
35.049,3,1,342.0,100.0,0.0,12618.0,4,6.643,99.93,0.2,252.62,171.56
35.066,3,1,342.0,100.0,0.0,12618.0,4,6.643,99.93,0.2,255.76,172.32
35.083,3,1,342.0,100.0,0.0,12618.0,4,6.643,99.93,0.2,258.91,173.07
35.1,3,1,342.0,100.0,0.0,12618.0,4,6.643,99.93,0.2,262.05,173.82
35.117,3,1,342.0,100.0,0.0,12618.0,4,6.643,99.93,0.2,265.19,174.57
35.134,3,1,342.0,100.0,0.0,12618.0,4,6.643,99.93,0.2,268.33,175.33
35.151,3,1,342.0,100.0,0.0,12618.0,4,6.643,99.93,0.2,271.47,176.08
35.168,3,1,342.0,100.0,0.0,12618.0,4,6.643,99.93,0.2,274.64,176.69
35.185,3,1,342.0,100.0,0.0,12618.0,4,6.643,99.93,0.2,277.65,177.14
35.201,3,1,342.0,100.0,0.0,12618.0,4,6.643,99.93,0.2,280.86,177.48
35.218,3,1,342.0,100.0,0.0,12618.0,4,6.643,99.93,0.2,284.08,177.67
35.234,3,1,342.0,100.0,0.0,12618.0,4,6.643,99.93,0.2,287.12,177.72
35.25,3,1,342.0,100.0,0.0,12618.0,4,6.643,99.93,0.2,290.16,177.64
35.267,3,1,342.0,100.0,0.0,12618.0,4,6.643,99.93,0.2,293.2,177.43
35.283,3,1,342.0,100.0,0.0,12618.0,4,6.643,99.93,0.2,296.4,177.06
35.3,3,1,342.0,100.0,0.0,12618.0,4,6.643,99.93,0.2,299.41,176.58
35.316,3,1,342.0,100.0,0.0,12618.0,4,6.643,99.93,0.2,302.57,175.94
35.333,3,1,342.0,100.0,0.0,12618.0,4,6.643,99.93,0.2,305.71,175.16
35.349,3,1,342.0,100.0,0.0,12618.0,4,6.643,99.93,0.2,308.62,174.29
35.365,3,1,342.0,100.0,0.0,12618.0,4,6.643,99.93,0.2,311.49,173.3
35.382,3,1,342.0,100.0,0.0,12618.0,4,6.643,99.93,0.2,314.5,172.12
35.399,3,1,342.0,100.0,0.0,12618.0,4,6.643,99.93,0.2,317.27,170.88
35.415,3,1,342.0,100.0,0.0,12618.0,4,6.643,99.93,0.2,320.16,169.43
35.432,3,1,342.0,100.0,0.0,12618.0,4,6.643,99.93,0.2,322.99,167.87
35.449,3,1,342.0,100.0,0.0,12618.0,4,6.643,99.93,0.2,325.74,166.18
35.466,3,1,342.0,100.0,0.0,12618.0,4,6.643,99.93,0.2,328.42,164.37
35.483,3,1,342.0,100.0,0.0,12618.0,4,6.643,99.93,0.2,331.01,162.45
35.499,3,1,342.0,100.0,0.0,12618.0,4,6.643,99.93,0.2,333.38,160.53
35.516,3,1,342.0,100.0,0.0,12618.0,4,6.643,99.93,0.2,335.79,158.39
35.533,3,1,342.0,100.0,0.0,12618.0,4,6.643,99.93,0.2,338.12,156.15
35.55,3,1,342.0,100.0,0.0,12618.0,4,6.643,99.93,0.2,340.34,153.8
35.567,3,1,342.0,100.0,0.0,12618.0,4,6.643,99.93,0.2,342.46,151.36
35.583,3,1,342.0,100.0,0.0,12618.0,4,6.643,99.93,0.2,344.35,148.98
35.6,3,1,342.0,100.0,0.0,12618.0,4,6.643,99.93,0.2,346.25,146.37
35.617,3,1,342.0,100.0,0.0,12618.0,4,6.643,99.93,0.2,348.03,143.68
35.634,3,1,342.0,100.0,0.0,12618.0,4,6.643,99.93,0.2,349.81,140.98
35.65,3,1,342.0,100.0,0.0,12618.0,4,6.643,99.93,0.2,351.48,138.45
35.667,3,1,342.0,100.0,0.0,12618.0,4,6.643,99.93,0.2,353.27,135.75
35.684,3,1,342.0,100.0,0.0,12618.0,4,6.643,99.93,0.2,355.16,133.14
35.701,3,1,342.0,100.0,0.0,12618.0,4,6.643,99.93,0.2,357.17,130.61
35.718,3,1,342.0,100.0,0.0,12618.0,4,6.643,99.93,0.2,359.29,128.17
35.735,3,1,342.0,100.0,0.0,12618.0,4,6.643,99.93,0.2,361.51,125.83
35.751,3,1,342.0,100.0,0.0,12618.0,4,6.643,99.93,0.2,363.7,123.71
35.767,3,1,342.0,100.0,0.0,12618.0,4,6.643,99.93,0.2,365.97,121.7
35.784,3,1,342.0,100.0,0.0,12618.0,4,6.643,99.93,0.2,368.48,119.66
35.801,3,1,342.0,100.0,0.0,12618.0,4,6.643,99.93,0.2,371.08,117.74
35.818,3,1,342.0,100.0,0.0,12618.0,4,6.643,99.93,0.2,373.76,115.93
35.834,3,1,342.0,100.0,0.0,12618.0,4,6.643,99.93,0.2,376.35,114.34
35.851,3,1,342.0,100.0,0.0,12618.0,4,6.643,99.93,0.2,379.17,112.78
35.867,3,1,342.0,100.0,0.0,12618.0,4,6.643,99.93,0.2,381.89,111.42
35.884,3,1,342.0,100.0,0.0,12618.0,4,6.643,99.93,0.2,384.84,110.1
35.9,3,1,342.0,100.0,0.0,12618.0,4,6.643,99.93,0.2,387.67,108.99
35.917,3,1,342.0,100.0,0.0,12618.0,4,6.643,99.93,0.2,390.72,107.93
35.933,3,1,342.0,100.0,0.0,12618.0,4,6.643,99.93,0.2,393.64,107.07
35.95,3,1,342.0,100.0,0.0,12618.0,4,6.643,99.93,0.2,396.77,106.29
35.967,3,1,342.0,100.0,0.0,12618.0,4,6.643,99.93,0.2,399.94,105.64
35.984,3,1,342.0,100.0,0.0,12618.0,4,6.643,99.93,0.2,403.13,105.13
36.001,3,1,342.0,100.0,0.0,12618.0,4,6.643,99.93,0.2,406.33,104.77
36.018,3,1,342.0,100.0,0.0,12618.0,4,6.643,99.93,0.2,409.37,104.55
36.034,3,1,342.0,100.0,0.0,12618.0,4,6.643,99.93,0.2,412.6,104.47
36.051,3,1,342.0,100.0,0.0,12618.0,4,6.643,99.93,0.2,415.83,104.52
36.067,3,1,342.0,100.0,0.0,12618.0,4,6.643,99.93,0.2,418.86,104.71
36.084,3,1,342.0,100.0,0.0,12618.0,4,6.643,99.93,0.2,422.07,105.04
36.101,3,1,342.0,100.0,0.0,12618.0,4,6.643,99.93,0.2,425.27,105.52
36.117,3,1,342.0,100.0,0.0,12618.0,4,6.643,99.93,0.2,428.25,106.1
36.133,3,1,342.0,100.0,0.0,12618.0,4,6.643,99.93,0.2,431.21,106.8
36.149,3,1,342.0,100.0,0.0,12618.0,4,6.643,99.93,0.2,434.13,107.64
36.165,3,1,342.0,100.0,0.0,12618.0,4,6.643,99.93,0.2,437.01,108.6
36.182,3,1,342.0,100.0,0.0,12618.0,4,6.643,99.93,0.2,440.03,109.76
36.2,3,1,342.0,100.0,0.0,12618.0,4,6.643,99.93,0.2,443.17,111.12
36.217,3,1,342.0,100.0,0.0,12618.0,4,6.643,99.93,0.2,446.07,112.54
36.234,3,1,342.0,100.0,0.0,12618.0,4,6.643,99.93,0.2,448.74,113.99
36.249,3,1,342.0,100.0,0.0,12618.0,4,6.643,99.93,0.2,451.35,115.55
36.266,3,1,342.0,100.0,0.0,12618.0,4,6.643,99.93,0.2,453.89,117.23
36.282,3,1,342.0,100.0,0.0,12618.0,4,6.643,99.93,0.2,456.5,119.12
36.3,3,1,342.0,100.0,0.0,12618.0,4,6.643,99.93,0.2,459.03,121.13
36.316,3,1,342.0,100.0,0.0,12618.0,4,6.643,99.93,0.2,461.47,123.25
36.333,3,1,342.0,100.0,0.0,12618.0,4,6.643,99.93,0.2,463.81,125.47
36.35,3,1,342.0,100.0,0.0,12618.0,4,6.643,99.93,0.2,465.92,127.66
36.366,3,1,342.0,100.0,0.0,12618.0,4,6.643,99.93,0.2,468.07,130.08
36.383,3,1,342.0,100.0,0.0,12618.0,4,6.643,99.93,0.2,470.1,132.59
36.399,3,1,342.0,100.0,0.0,12618.0,4,6.643,99.93,0.2,471.91,135.03
36.416,3,1,342.0,100.0,0.0,12618.0,4,6.643,99.93,0.2,473.72,137.71
36.433,3,1,342.0,100.0,0.0,12618.0,4,6.643,99.93,0.2,475.41,140.46
36.449,3,1,342.0,100.0,0.0,12618.0,4,6.643,99.93,0.2,476.88,143.12
36.467,3,1,342.0,100.0,0.0,12618.0,4,6.643,99.93,0.2,478.32,146.01
36.483,3,1,342.0,100.0,0.0,12618.0,4,6.643,99.93,0.2,479.64,148.96
36.5,3,1,342.0,100.0,0.0,12618.0,4,6.643,99.93,0.2,480.88,151.73
36.516,3,1,342.0,100.0,0.0,12618.0,4,6.643,99.93,0.2,482.19,154.68
36.533,3,1,342.0,100.0,0.0,12618.0,4,6.643,99.93,0.2,483.55,157.4
36.548,3,1,342.0,100.0,0.0,12618.0,4,6.643,99.93,0.2,485.02,160.06
36.565,3,1,342.0,100.0,0.0,12618.0,4,6.643,99.93,0.2,486.71,162.82
36.581,3,1,342.0,100.0,0.0,12618.0,4,6.643,99.93,0.2,488.42,165.34
36.598,3,1,342.0,100.0,0.0,12618.0,4,6.643,99.93,0.2,490.34,167.93
36.615,3,1,342.0,100.0,0.0,12618.0,4,6.643,99.93,0.2,492.37,170.44
36.632,3,1,342.0,100.0,0.0,12618.0,4,6.643,99.93,0.2,494.51,172.86
36.649,3,1,342.0,100.0,0.0,12618.0,4,6.643,99.93,0.2,496.76,175.18
36.666,3,1,342.0,100.0,0.0,12618.0,4,6.643,99.93,0.2,499.1,177.4
36.682,3,1,342.0,100.0,0.0,12618.0,4,6.643,99.93,0.2,501.4,179.4
36.699,3,1,342.0,100.0,0.0,12618.0,4,6.643,99.93,0.2,503.93,181.41
36.716,3,1,342.0,100.0,0.0,12618.0,4,6.643,99.93,0.2,506.54,183.3
36.732,3,1,342.0,100.0,0.0,12618.0,4,6.643,99.93,0.21,509.08,184.98
36.75,3,1,342.0,100.0,0.0,12618.0,4,6.643,99.93,0.21,511.85,186.64
36.765,3,1,342.0,100.0,0.0,12618.0,4,6.643,99.93,0.21,514.52,188.09
36.781,3,1,342.0,100.0,0.0,12618.0,4,6.643,99.93,0.21,517.25,189.42
36.798,3,1,342.0,100.0,0.0,12618.0,4,6.643,99.93,0.21,520.21,190.71
36.815,3,1,342.0,100.0,0.0,12618.0,4,6.643,99.93,0.21,523.23,191.86
36.832,3,1,342.0,100.0,0.0,12618.0,4,6.643,99.93,0.21,526.29,192.89
36.848,3,1,342.0,100.0,0.0,12618.0,4,6.643,99.93,0.21,529.22,193.72
36.865,3,1,342.0,100.0,0.0,12618.0,4,6.643,99.93,0.21,532.17,194.43
36.881,3,1,342.0,100.0,0.0,12618.0,4,6.643,99.93,0.21,535.34,195.05
36.897,3,1,342.0,100.0,0.0,12618.0,4,6.643,99.93,0.21,538.35,195.49
36.914,3,1,342.0,100.0,0.0,12618.0,4,6.643,99.93,0.21,541.56,195.83
36.931,3,1,342.0,100.0,0.0,12618.0,4,6.643,99.93,0.21,544.79,196.03
36.948,3,1,342.0,100.0,0.0,12618.0,4,6.643,99.93,0.21,548.02,196.08
36.964,3,1,342.0,100.0,0.0,12618.0,4,6.643,99.93,0.21,551.06,196.0
36.981,3,1,342.0,100.0,0.0,12618.0,4,6.643,99.93,0.21,554.28,195.77
36.998,3,1,342.0,100.0,0.0,12618.0,4,6.643,99.93,0.21,557.3,195.43
37.015,3,1,342.0,100.0,0.0,12618.0,4,6.643,99.93,0.21,560.49,194.92
37.031,3,1,342.0,100.0,0.0,12618.0,4,6.643,99.93,0.21,563.65,194.28
37.048,3,1,342.0,100.0,0.0,12618.0,4,6.643,99.93,0.21,566.6,193.54
37.064,3,1,342.0,100.0,0.0,12618.0,4,6.643,99.93,0.21,569.52,192.67
37.08,3,1,342.0,100.0,0.0,12618.0,4,6.643,99.93,0.21,572.39,191.68
37.096,3,1,342.0,100.0,0.0,12618.0,4,6.643,99.93,0.21,575.39,190.5
37.112,3,1,342.0,100.0,0.0,12618.0,4,6.643,99.93,0.21,578.17,189.26
37.129,3,1,342.0,100.0,0.0,12618.0,4,6.643,99.93,0.21,581.06,187.82
37.147,3,1,342.0,100.0,0.0,12618.0,4,6.643,99.93,0.21,583.89,186.25
37.163,3,1,342.0,100.0,0.0,12618.0,4,6.643,99.93,0.21,586.64,184.56
37.18,3,1,342.0,100.0,0.0,12618.0,4,6.643,99.93,0.21,589.16,182.86
37.197,3,1,342.0,100.0,0.0,12618.0,4,6.643,99.93,0.21,591.75,180.94
37.213,3,1,342.0,100.0,0.0,12618.0,4,6.643,99.93,0.21,594.11,179.02
37.229,3,1,342.0,100.0,0.0,12618.0,4,6.643,99.93,0.21,596.53,176.88
37.246,3,1,342.0,100.0,0.0,12618.0,4,6.643,99.93,0.21,598.72,174.77
37.263,3,1,342.0,100.0,0.0,12618.0,4,6.643,99.93,0.21,600.94,172.42
37.278,3,1,342.0,100.0,0.0,12618.0,4,6.643,99.93,0.21,602.93,170.13
37.294,3,1,342.0,100.0,0.0,12618.0,4,6.643,99.93,0.21,604.83,167.75
37.311,3,1,342.0,100.0,0.0,12618.0,4,6.643,99.93,0.21,606.72,165.13
37.328,3,1,342.0,100.0,0.0,12618.0,4,6.643,99.93,0.21,608.5,162.44
37.344,3,1,342.0,100.0,0.0,12618.0,4,6.643,99.93,0.21,610.18,159.9
37.361,3,1,342.0,100.0,0.0,12618.0,4,6.643,99.93,0.21,611.96,157.21
37.378,3,1,342.0,100.0,0.0,12618.0,4,6.643,99.93,0.21,613.75,154.75
37.394,3,1,342.0,100.0,0.0,12618.0,4,6.643,99.93,0.21,615.76,152.22
37.411,3,1,342.0,100.0,0.0,12618.0,4,6.643,99.93,0.21,617.88,149.78
37.428,3,1,342.0,100.0,0.0,12618.0,4,6.643,99.93,0.21,620.1,147.44
37.445,3,1,342.0,100.0,0.0,12618.0,4,6.643,99.93,0.21,622.42,145.19
37.462,3,1,342.0,100.0,0.0,12618.0,4,6.643,99.93,0.21,624.84,143.05
37.479,3,1,342.0,100.0,0.0,12618.0,4,6.643,99.93,0.21,627.35,141.02
37.496,3,1,342.0,100.0,0.0,12618.0,4,6.643,99.93,0.21,629.94,139.09
37.513,3,1,342.0,100.0,0.0,12618.0,4,6.643,99.93,0.21,632.62,137.29
37.529,3,1,342.0,100.0,0.0,12618.0,4,6.643,99.93,0.21,635.21,135.7
37.546,3,1,342.0,100.0,0.0,12618.0,4,6.643,99.93,0.21,638.03,134.13
37.563,3,1,342.0,100.0,0.0,12618.0,4,6.643,99.93,0.21,640.75,132.77
37.578,3,1,342.0,100.0,0.0,12618.0,4,6.643,99.93,0.21,643.53,131.53
37.594,3,1,342.0,100.0,0.0,12618.0,4,6.643,99.93,0.21,646.36,130.42
37.611,3,1,342.0,100.0,0.0,12618.0,4,6.643,99.93,0.21,649.41,129.37
37.627,3,1,342.0,100.0,0.0,12618.0,4,6.643,99.93,0.21,652.33,128.5
37.644,3,1,342.0,100.0,0.0,12618.0,4,6.643,99.93,0.21,655.46,127.72
37.661,3,1,342.0,100.0,0.0,12618.0,4,6.643,99.93,0.21,658.63,127.07
37.677,3,1,342.0,100.0,0.0,12618.0,4,6.643,99.93,0.21,661.63,126.6
37.693,3,1,342.0,100.0,0.0,12618.0,4,6.643,99.93,0.21,664.65,126.25
37.709,3,1,342.0,100.0,0.0,12618.0,4,6.643,99.93,0.21,667.68,126.04
37.726,3,1,342.0,100.0,0.0,12618.0,4,6.643,99.93,0.21,670.91,125.95
37.742,3,1,342.0,100.0,0.0,12618.0,4,6.643,99.93,0.21,673.95,126.0
37.758,3,1,342.0,100.0,0.0,12618.0,4,6.643,99.93,0.21,676.98,126.19
37.776,3,1,342.0,100.0,0.0,12618.0,4,6.643,99.93,0.21,680.2,126.52
37.793,3,1,342.0,100.0,0.0,12618.0,4,6.643,99.93,0.21,683.39,127.0
37.809,3,1,342.0,100.0,0.0,12618.0,4,6.643,99.93,0.21,686.56,127.61
37.826,3,1,342.0,100.0,0.0,12618.0,4,6.643,99.93,0.21,689.7,128.36
37.843,3,1,342.0,100.0,0.0,12618.0,4,6.643,99.93,0.21,692.81,129.25
37.86,3,1,342.0,100.0,0.0,12618.0,4,6.643,99.93,0.21,695.87,130.28
37.877,3,1,342.0,100.0,0.0,12618.0,4,6.643,99.93,0.21,698.89,131.43
37.894,3,1,342.0,100.0,0.0,12618.0,4,6.643,99.93,0.21,701.68,132.64
37.91,3,1,342.0,100.0,0.0,12618.0,4,6.643,99.93,0.21,704.41,133.97
37.926,3,1,342.0,100.0,0.0,12618.0,4,6.643,99.93,0.21,707.25,135.51
37.943,3,1,342.0,100.0,0.0,12618.0,4,6.643,99.93,0.21,710.02,137.18
37.96,3,1,342.0,100.0,0.0,12618.0,4,6.643,99.93,0.21,712.71,138.96
37.976,3,1,342.0,100.0,0.0,12618.0,4,6.643,99.93,0.21,715.17,140.74
37.992,3,1,342.0,100.0,0.0,12618.0,4,6.643,99.93,0.21,717.55,142.63
38.009,3,1,342.0,100.0,0.0,12618.0,4,6.643,99.93,0.21,719.99,144.75
38.026,3,1,342.0,100.0,0.0,12618.0,4,6.643,99.93,0.21,722.2,146.84
38.042,3,1,342.0,100.0,0.0,12618.0,4,6.643,99.93,0.21,724.44,149.17
38.059,3,1,342.0,100.0,0.0,12618.0,4,6.643,99.93,0.21,726.58,151.58
38.075,3,1,342.0,100.0,0.0,12618.0,4,6.643,99.93,0.21,728.5,153.95
38.092,3,1,342.0,100.0,0.0,12618.0,4,6.643,99.93,0.21,730.42,156.54
38.109,3,1,342.0,100.0,0.0,12618.0,4,6.643,99.93,0.21,732.12,159.06
38.125,3,1,342.0,100.0,0.0,12618.0,4,6.643,99.93,0.21,733.82,161.58
38.141,3,1,342.0,100.0,0.0,12618.0,4,6.643,99.93,0.21,735.63,164.26
38.158,3,1,342.0,100.0,0.0,12618.0,4,6.643,99.93,0.21,737.44,166.93
38.176,3,1,342.0,100.0,0.0,12618.0,4,6.643,99.93,0.21,739.25,169.61
38.192,3,1,342.0,100.0,0.0,12618.0,4,6.643,99.93,0.21,741.17,172.21
38.209,3,1,342.0,100.0,0.0,12618.0,4,6.643,99.93,0.21,743.08,174.57
38.225,3,1,342.0,100.0,0.0,12618.0,4,6.643,99.93,0.21,745.22,176.99
38.241,3,1,342.0,100.0,0.0,12618.0,4,6.643,99.93,0.21,747.34,179.17
38.259,3,1,342.0,100.0,0.0,12618.0,4,6.643,99.93,0.21,749.82,181.52
38.275,3,1,342.0,100.0,0.0,12618.0,4,6.643,99.93,0.21,752.11,183.52
38.292,3,1,342.0,100.0,0.0,12618.0,4,6.643,99.93,0.21,754.64,185.53
38.309,3,1,342.0,100.0,0.0,12618.0,4,6.643,99.93,0.21,757.26,187.42
38.326,3,1,342.0,100.0,0.0,12618.0,4,6.643,99.93,0.21,759.79,189.1
38.342,3,1,342.0,100.0,0.0,12618.0,4,6.643,99.93,0.21,762.56,190.76
38.358,3,1,342.0,100.0,0.0,12618.0,4,6.643,99.93,0.21,765.24,192.21
38.374,3,1,342.0,100.0,0.0,12618.0,4,6.643,99.93,0.21,767.97,193.54
38.391,3,1,342.0,100.0,0.0,12618.0,4,6.643,99.93,0.21,770.93,194.83
38.408,3,1,342.0,100.0,0.0,12618.0,4,6.643,99.93,0.21,773.95,195.99
38.425,3,1,342.0,100.0,0.0,12618.0,4,6.643,99.93,0.21,777.01,197.01
38.442,3,1,342.0,100.0,0.0,12618.0,4,6.643,99.93,0.21,780.12,197.9
38.46,3,1,342.0,100.0,0.0,12618.0,4,6.643,99.93,0.21,783.26,198.65
38.476,3,1,342.0,100.0,0.0,12618.0,4,6.643,99.93,0.21,786.43,199.27
38.492,3,1,342.0,100.0,0.0,12618.0,4,6.643,99.93,0.21,789.43,199.71
38.508,3,1,342.0,100.0,0.0,12618.0,4,6.643,99.93,0.21,792.46,200.03
38.525,3,1,342.0,100.0,0.0,12618.0,4,6.643,99.93,0.21,795.68,200.23
38.541,3,1,342.0,100.0,0.0,12618.0,4,6.643,99.93,0.22,798.72,200.28
38.558,3,1,342.0,100.0,0.0,12618.0,4,6.643,99.93,0.22,801.95,200.19
38.574,3,1,342.0,100.0,0.0,12618.0,4,6.643,99.93,0.22,804.98,199.98
38.591,3,1,342.0,100.0,0.0,12618.0,4,6.643,99.93,0.22,808.19,199.61
38.607,3,1,342.0,100.0,0.0,12618.0,4,6.643,99.93,0.22,811.19,199.13
38.623,3,1,342.0,100.0,0.0,12618.0,4,6.643,99.93,0.22,814.17,198.53
38.639,3,1,342.0,100.0,0.0,12618.0,4,6.643,99.93,0.22,817.12,197.79
38.655,3,1,342.0,100.0,0.0,12618.0,4,6.643,99.93,0.22,820.04,196.92
38.671,3,1,342.0,100.0,0.0,12618.0,4,6.643,99.93,0.22,822.91,195.93
38.688,3,1,342.0,100.0,0.0,12618.0,4,6.643,99.93,0.22,825.74,194.82
38.704,3,1,342.0,100.0,0.0,12618.0,4,6.643,99.93,0.22,828.74,193.63
38.72,3,1,342.0,100.0,0.0,12618.0,4,6.643,99.93,0.22,831.57,192.52
38.736,3,1,342.0,100.0,0.0,12618.0,4,6.643,99.93,0.22,834.4,191.4
38.753,3,1,342.0,100.0,0.0,12618.0,4,6.643,99.93,0.22,837.45,190.35
38.771,3,1,342.0,100.0,0.0,12618.0,4,6.643,99.93,0.22,840.73,189.37
38.788,3,1,342.0,100.0,0.0,12618.0,4,6.643,99.93,0.22,843.87,188.59
38.805,3,1,342.0,100.0,0.0,12618.0,4,6.643,99.93,0.22,847.03,187.95
38.822,3,1,342.0,100.0,0.0,12618.0,4,6.643,99.93,0.22,850.22,187.44
38.839,3,1,342.0,100.0,0.0,12618.0,4,6.643,99.93,0.22,853.43,187.07
38.856,3,1,342.0,100.0,0.0,12618.0,4,6.643,99.93,0.22,856.65,186.84
38.873,3,1,342.0,100.0,0.0,12618.0,4,6.643,99.93,0.22,859.88,186.76
38.89,3,1,342.0,100.0,0.0,12618.0,4,6.643,99.93,0.22,863.11,186.81
38.906,3,1,342.0,100.0,0.0,12618.0,4,6.643,99.93,0.22,866.14,187.0
38.923,3,1,342.0,100.0,0.0,12618.0,4,6.643,99.93,0.22,869.36,187.33
38.939,3,1,342.0,100.0,0.0,12618.0,4,6.643,99.93,0.22,872.36,187.78
38.956,3,1,342.0,100.0,0.0,12618.0,4,6.643,99.93,0.22,875.53,188.4
38.973,3,1,342.0,100.0,0.0,12618.0,4,6.643,99.93,0.22,878.68,189.15
38.99,3,1,342.0,100.0,0.0,12618.0,4,6.643,99.93,0.22,881.78,190.04
39.007,3,1,342.0,100.0,0.0,12618.0,4,6.643,99.93,0.22,884.84,191.06
39.023,3,1,342.0,100.0,0.0,12618.0,4,6.643,99.93,0.22,887.68,192.15
39.039,3,1,342.0,100.0,0.0,12618.0,4,6.643,99.93,0.22,890.47,193.36
39.056,3,1,342.0,100.0,0.0,12618.0,4,6.643,99.93,0.22,893.37,194.77
39.073,3,1,342.0,100.0,0.0,12618.0,4,6.643,99.93,0.22,896.21,196.31
39.089,3,1,342.0,100.0,0.0,12618.0,4,6.643,99.93,0.22,898.82,197.88
39.106,3,1,342.0,100.0,0.0,12618.0,4,6.643,99.93,0.22,901.52,199.66
39.123,3,1,342.0,100.0,0.0,12618.0,4,6.643,99.93,0.22,904.13,201.56
39.139,3,1,342.0,100.0,0.0,12618.0,4,6.643,99.93,0.22,906.51,203.45
39.155,3,1,342.0,100.0,0.0,12618.0,4,6.643,99.93,0.22,908.8,205.44
39.171,3,1,342.0,100.0,0.0,12618.0,4,6.643,99.93,0.22,911.01,207.53
39.188,3,1,342.0,100.0,0.0,12618.0,4,6.643,99.93,0.22,913.26,209.86
39.205,3,1,342.0,100.0,0.0,12618.0,4,6.643,99.93,0.22,915.4,212.27
39.222,3,1,342.0,100.0,0.0,12618.0,4,6.643,99.93,0.22,917.43,214.78
39.239,3,1,342.0,100.0,0.0,12618.0,4,6.643,99.93,0.22,919.35,217.38
39.256,3,1,342.0,100.0,0.0,12618.0,4,6.643,99.93,0.22,921.16,220.05
39.273,3,1,342.0,100.0,0.0,12618.0,4,6.643,99.93,0.22,922.75,222.65
39.29,3,1,342.0,100.0,0.0,12618.0,4,6.643,99.93,0.22,924.32,225.47
39.306,3,1,342.0,100.0,0.0,12618.0,4,6.643,99.93,0.22,925.68,228.19
39.322,3,1,342.0,100.0,0.0,12618.0,4,6.643,99.93,0.22,926.99,231.14
39.339,3,1,342.0,100.0,0.0,12618.0,4,6.643,99.93,0.22,928.18,234.15
39.355,3,2,342.0,100.0,0.0,12618.0,4,6.643,99.93,0.22,929.17,237.02
39.371,3,2,342.0,100.0,0.0,12618.0,4,6.643,99.93,0.22,930.03,239.93
39.387,3,2,342.0,100.0,0.0,12618.0,4,6.643,99.93,0.22,930.77,242.88
39.404,3,2,342.0,100.0,0.0,12618.0,4,6.643,99.92,0.22,931.42,246.05
39.42,3,2,342.0,100.0,0.0,12618.0,4,6.643,99.92,0.22,931.89,249.05
39.437,3,2,342.0,100.0,0.0,12618.0,4,6.643,99.92,0.22,932.26,252.26
39.454,3,2,342.0,100.0,0.0,12618.0,4,6.643,99.92,0.22,932.49,255.48
39.471,3,2,342.0,100.0,0.0,12618.0,4,6.643,99.92,0.22,932.57,258.71
39.488,3,2,342.0,100.0,0.0,12618.0,4,6.643,99.92,0.22,932.52,261.94
39.505,3,2,342.0,100.0,0.0,12618.0,4,6.643,99.92,0.22,932.32,265.16
39.522,3,2,342.0,100.0,0.0,12618.0,4,6.643,99.92,0.22,932.13,268.39
39.539,3,2,342.0,100.0,0.0,12618.0,4,6.643,99.92,0.22,931.94,271.42
39.555,3,2,342.0,100.0,0.0,12618.0,4,6.643,99.92,0.22,931.75,274.65
39.571,3,2,342.0,100.0,0.0,12618.0,4,6.643,99.92,0.22,931.56,277.68
39.588,3,2,342.0,100.0,0.0,12618.0,4,6.643,99.92,0.22,931.37,280.9
39.605,3,2,342.0,100.0,0.0,12618.0,4,6.643,99.92,0.22,931.17,284.13
39.622,3,2,342.0,100.0,0.0,12618.0,4,6.643,99.92,0.22,930.98,287.35
39.639,3,2,342.0,100.0,0.0,12618.0,4,6.643,99.92,0.22,930.78,290.58
39.655,3,2,342.0,100.0,0.0,12618.0,4,6.643,99.92,0.22,930.6,293.61
39.671,3,2,342.0,100.0,0.0,12618.0,4,6.643,99.92,0.22,930.55,296.65
39.687,3,2,342.0,100.0,0.0,12618.0,4,6.643,99.92,0.22,930.63,299.69
39.704,3,2,342.0,100.0,0.0,12618.0,4,6.643,99.92,0.22,930.85,302.91
39.72,3,2,342.0,100.0,0.0,12618.0,4,6.643,99.92,0.22,931.2,305.93
39.736,3,2,342.0,100.0,0.0,12618.0,4,6.643,99.92,0.22,931.68,308.93
39.753,3,2,342.0,100.0,0.0,12618.0,4,6.643,99.92,0.22,932.32,312.1
39.77,3,2,342.0,100.0,0.0,12618.0,4,6.643,99.92,0.22,933.1,315.23
39.787,3,2,342.0,100.0,0.0,12618.0,4,6.643,99.92,0.22,933.97,318.15
39.803,3,2,342.0,100.0,0.0,12618.0,4,6.643,99.92,0.22,935.02,321.2
39.821,3,2,342.0,100.0,0.0,12618.0,4,6.643,99.92,0.22,936.21,324.21
39.836,3,2,342.0,100.0,0.0,12618.0,4,6.643,99.92,0.22,937.45,326.98
39.852,3,2,342.0,100.0,0.0,12618.0,4,6.643,99.92,0.22,938.8,329.7
39.869,3,2,342.0,100.0,0.0,12618.0,4,6.643,99.92,0.22,940.37,332.53
39.886,3,2,342.0,100.0,0.0,12618.0,4,6.643,99.92,0.22,942.06,335.28
39.902,3,2,342.0,100.0,0.0,12618.0,4,6.643,99.92,0.22,943.76,337.8
39.918,3,2,342.0,100.0,0.0,12618.0,4,6.643,99.92,0.22,945.57,340.24
39.935,3,2,342.0,100.0,0.0,12618.0,4,6.643,99.92,0.22,947.6,342.75
39.952,3,2,342.0,100.0,0.0,12618.0,4,6.643,99.92,0.22,949.75,345.17
39.969,3,2,342.0,100.0,0.0,12618.0,4,6.643,99.92,0.22,951.99,347.49
39.986,3,2,342.0,100.0,0.0,12618.0,4,6.643,99.92,0.22,954.33,349.71
40.002,3,2,342.0,100.0,0.0,12618.0,4,6.643,99.92,0.22,956.63,351.71
40.019,3,2,342.0,100.0,0.0,12618.0,4,6.643,99.92,0.22,959.01,353.6
40.035,3,2,342.0,100.0,0.0,12618.0,4,6.643,99.92,0.22,961.47,355.38
40.051,3,2,342.0,100.0,0.0,12618.0,4,6.643,99.92,0.22,964.16,357.16
40.068,3,2,342.0,100.0,0.0,12618.0,4,6.643,99.92,0.22,966.93,358.83
40.085,3,2,342.0,100.0,0.0,12618.0,4,6.643,99.92,0.22,969.77,360.37
40.102,3,2,342.0,100.0,0.0,12618.0,4,6.643,99.92,0.22,972.68,361.78
40.119,3,2,342.0,100.0,0.0,12618.0,4,6.643,99.92,0.22,975.64,363.07
40.136,3,2,342.0,100.0,0.0,12618.0,4,6.643,99.92,0.22,978.66,364.22
40.153,3,2,342.0,100.0,0.0,12618.0,4,6.643,99.92,0.22,981.72,365.25
40.171,3,2,342.0,100.0,0.0,12618.0,4,6.643,99.92,0.22,984.78,366.27
40.188,3,2,342.0,100.0,0.0,12618.0,4,6.643,99.92,0.22,987.8,367.43
40.203,3,2,342.0,100.0,0.0,12618.0,4,6.643,99.92,0.22,990.59,368.64
40.22,3,2,342.0,100.0,0.0,12618.0,4,6.643,99.92,0.22,993.32,369.97
40.236,3,2,342.0,100.0,0.0,12618.0,4,6.643,99.92,0.22,996.16,371.51
40.253,3,2,342.0,100.0,0.0,12618.0,4,6.643,99.92,0.22,998.93,373.17
40.27,3,2,342.0,100.0,0.0,12618.0,4,6.643,99.92,0.22,1001.62,374.95
40.287,3,2,342.0,100.0,0.0,12618.0,4,6.643,99.92,0.22,1004.08,376.74
40.302,3,2,342.0,100.0,0.0,12618.0,4,6.643,99.92,0.22,1006.46,378.63
40.319,3,2,342.0,100.0,0.0,12618.0,4,6.643,99.92,0.22,1008.76,380.62
40.335,3,2,342.0,100.0,0.0,12618.0,4,6.643,99.92,0.22,1010.97,382.71
40.351,3,2,342.0,100.0,0.0,12618.0,4,6.643,99.92,0.22,1013.21,385.04
40.368,3,2,342.0,100.0,0.0,12618.0,4,6.643,99.92,0.23,1015.35,387.45
40.384,3,2,342.0,100.0,0.0,12618.0,4,6.643,99.92,0.23,1017.27,389.82
40.401,3,2,342.0,100.0,0.0,12618.0,4,6.643,99.92,0.23,1019.19,392.41
40.418,3,2,342.0,100.0,0.0,12618.0,4,6.643,99.92,0.23,1021.0,395.09
40.435,3,2,342.0,100.0,0.0,12618.0,4,6.643,99.92,0.23,1022.69,397.84
40.452,3,2,342.0,100.0,0.0,12618.0,4,6.643,99.92,0.23,1024.25,400.67
40.469,3,2,342.0,100.0,0.0,12618.0,4,6.643,99.92,0.23,1025.7,403.56
40.486,3,2,342.0,100.0,0.0,12618.0,4,6.643,99.92,0.23,1026.93,406.33
40.502,3,2,342.0,100.0,0.0,12618.0,4,6.643,99.92,0.23,1028.12,409.34
40.519,3,2,342.0,100.0,0.0,12618.0,4,6.643,99.92,0.23,1029.17,412.39
40.536,3,2,342.0,100.0,0.0,12618.0,4,6.643,99.92,0.23,1030.09,415.49
40.553,3,2,342.0,100.0,0.0,12618.0,4,6.643,99.92,0.23,1030.87,418.62
40.571,3,2,342.0,100.0,0.0,12618.0,4,6.643,99.92,0.23,1031.56,421.97
40.588,3,2,342.0,100.0,0.0,12618.0,4,6.643,99.92,0.23,1032.06,425.16
40.604,3,2,342.0,100.0,0.0,12618.0,4,6.643,99.92,0.23,1032.41,428.18
40.621,3,2,342.0,100.0,0.0,12618.0,4,6.643,99.92,0.23,1032.64,431.4
40.639,3,2,342.0,100.0,0.0,12618.0,4,6.643,99.92,0.23,1032.72,434.63
40.654,3,2,342.0,100.0,0.0,12618.0,4,6.643,99.92,0.23,1032.67,437.67
40.67,3,2,342.0,100.0,0.0,12618.0,4,6.643,99.92,0.23,1032.49,440.71
40.687,3,2,342.0,100.0,0.0,12618.0,4,6.643,99.92,0.23,1032.15,443.92
40.704,3,2,342.0,100.0,0.0,12618.0,4,6.643,99.92,0.23,1031.68,447.11
40.721,3,2,342.0,100.0,0.0,12618.0,4,6.643,99.92,0.23,1031.06,450.28
40.737,3,2,342.0,100.0,0.0,12618.0,4,6.643,99.92,0.23,1030.35,453.24
40.753,3,2,342.0,100.0,0.0,12618.0,4,6.643,99.92,0.23,1029.52,456.16
40.771,3,2,342.0,100.0,0.0,12618.0,4,6.643,99.92,0.23,1028.49,459.23
40.788,3,2,342.0,100.0,0.0,12618.0,4,6.643,99.92,0.23,1027.34,462.24
40.804,3,2,342.0,100.0,0.0,12618.0,4,6.643,99.92,0.23,1026.05,465.21
40.821,3,2,342.0,100.0,0.0,12618.0,4,6.643,99.92,0.23,1024.64,468.11
40.837,3,2,342.0,100.0,0.0,12618.0,4,6.643,99.92,0.23,1023.19,470.78
40.853,3,2,342.0,100.0,0.0,12618.0,4,6.643,99.92,0.23,1021.62,473.39
40.871,3,2,342.0,100.0,0.0,12618.0,4,6.643,99.92,0.23,1019.84,476.08
40.888,3,2,342.0,100.0,0.0,12618.0,4,6.643,99.92,0.23,1017.94,478.7
40.903,3,2,342.0,100.0,0.0,12618.0,4,6.643,99.92,0.23,1016.05,481.08
40.921,3,2,342.0,100.0,0.0,12618.0,4,6.643,99.92,0.23,1013.81,483.66
40.938,3,2,342.0,100.0,0.0,12618.0,4,6.643,99.92,0.23,1011.59,486.0
40.955,3,2,342.0,100.0,0.0,12618.0,4,6.643,99.92,0.23,1009.4,488.12
40.971,3,2,342.0,100.0,0.0,12618.0,4,6.643,99.92,0.23,1006.98,490.26
40.988,3,2,342.0,100.0,0.0,12618.0,4,6.643,99.92,0.23,1004.62,492.17
41.005,3,2,342.0,100.0,0.0,12618.0,4,6.643,99.92,0.23,1002.03,494.09
41.021,3,2,342.0,100.0,0.0,12618.0,4,6.643,99.92,0.23,999.35,495.9
41.038,3,2,342.0,100.0,0.0,12618.0,4,6.643,99.92,0.23,996.76,497.49
41.054,3,2,342.0,100.0,0.0,12618.0,4,6.643,99.92,0.23,993.93,499.06
41.071,3,2,342.0,100.0,0.0,12618.0,4,6.643,99.92,0.23,991.04,500.5
41.088,3,2,342.0,100.0,0.0,12618.0,4,6.643,99.92,0.23,988.09,501.82
41.105,3,2,342.0,100.0,0.0,12618.0,4,6.643,99.92,0.23,985.09,503.0
41.123,3,2,342.0,100.0,0.0,12618.0,4,6.643,99.92,0.23,982.04,504.06
41.139,3,2,342.0,100.0,0.0,12618.0,4,6.643,99.92,0.23,978.98,505.11
41.156,3,2,342.0,100.0,0.0,12618.0,4,6.643,99.92,0.23,976.16,506.22
41.173,3,2,342.0,100.0,0.0,12618.0,4,6.643,99.92,0.23,973.21,507.54
41.189,3,2,342.0,100.0,0.0,12618.0,4,6.643,99.92,0.23,970.49,508.9
41.205,3,2,342.0,100.0,0.0,12618.0,4,6.643,99.92,0.23,967.66,510.46
41.222,3,2,342.0,100.0,0.0,12618.0,4,6.643,99.92,0.23,964.91,512.15
41.239,3,2,342.0,100.0,0.0,12618.0,4,6.643,99.92,0.23,962.39,513.85
41.255,3,2,342.0,100.0,0.0,12618.0,4,6.643,99.92,0.23,959.79,515.78
41.272,3,2,342.0,100.0,0.0,12618.0,4,6.643,99.92,0.23,957.28,517.81
41.289,3,2,342.0,100.0,0.0,12618.0,4,6.643,99.92,0.23,954.87,519.95
41.305,3,2,342.0,100.0,0.0,12618.0,4,6.643,99.92,0.23,952.68,522.07
41.322,3,2,342.0,100.0,0.0,12618.0,4,6.643,99.92,0.23,950.59,524.27
41.338,3,2,342.0,100.0,0.0,12618.0,4,6.643,99.92,0.23,948.47,526.71
41.355,3,2,342.0,100.0,0.0,12618.0,4,6.643,99.92,0.23,946.46,529.24
41.372,3,2,342.0,100.0,0.0,12618.0,4,6.643,99.92,0.23,944.68,531.7
41.387,3,2,342.0,100.0,0.0,12618.0,4,6.643,99.92,0.23,943.0,534.24
41.404,3,2,342.0,100.0,0.0,12618.0,4,6.643,99.92,0.23,941.43,536.84
41.419,3,2,342.0,100.0,0.0,12618.0,4,6.643,99.92,0.23,939.99,539.51
41.436,3,2,342.0,100.0,0.0,12618.0,4,6.643,99.92,0.23,938.57,542.42
41.453,3,2,342.0,100.0,0.0,12618.0,4,6.643,99.92,0.23,937.28,545.38
41.469,3,2,342.0,100.0,0.0,12618.0,4,6.643,99.92,0.23,936.2,548.22
41.486,3,2,342.0,100.0,0.0,12618.0,4,6.643,99.92,0.23,935.17,551.28
41.503,3,2,342.0,100.0,0.0,12618.0,4,6.643,99.92,0.23,934.28,554.39
41.52,3,2,342.0,100.0,0.0,12618.0,4,6.643,99.92,0.23,933.53,557.53
41.537,3,2,342.0,100.0,0.0,12618.0,4,6.643,99.92,0.23,932.95,560.51
41.553,3,2,342.0,100.0,0.0,12618.0,4,6.643,99.92,0.23,932.51,563.52
41.569,3,2,342.0,100.0,0.0,12618.0,4,6.643,99.92,0.23,932.17,566.73
41.586,3,2,342.0,100.0,0.0,12618.0,4,6.643,99.92,0.23,931.85,569.76
41.602,3,2,342.0,100.0,0.0,12618.0,4,6.643,99.92,0.23,931.52,572.97
41.619,3,2,342.0,100.0,0.0,12618.0,4,6.643,99.92,0.23,931.2,575.99
41.635,3,2,342.0,100.0,0.0,12618.0,4,6.643,99.92,0.23,930.86,579.21
41.652,3,2,342.0,100.0,0.0,12618.0,4,6.643,99.92,0.23,930.53,582.42
41.67,3,2,342.0,100.0,0.0,12618.0,4,6.643,99.92,0.23,930.05,585.61
41.686,3,2,342.0,100.0,0.0,12618.0,4,6.643,99.92,0.23,929.44,588.78
41.702,3,2,342.0,100.0,0.0,12618.0,4,6.643,99.92,0.23,928.73,591.74
41.718,3,2,342.0,100.0,0.0,12618.0,4,6.643,99.92,0.23,927.89,594.66
41.735,3,2,342.0,100.0,0.0,12618.0,4,6.643,99.92,0.23,926.93,597.55
41.75,3,2,342.0,100.0,0.0,12618.0,4,6.643,99.92,0.23,925.84,600.38
41.766,3,2,342.0,100.0,0.0,12618.0,4,6.643,99.92,0.23,924.63,603.17
41.782,3,2,342.0,100.0,0.0,12618.0,4,6.643,99.92,0.23,923.3,605.91
41.799,3,2,342.0,100.0,0.0,12618.0,4,6.643,99.92,0.23,921.76,608.75
41.815,3,2,342.0,100.0,0.0,12618.0,4,6.643,99.92,0.23,920.2,611.35
41.832,3,2,342.0,100.0,0.0,12618.0,4,6.643,99.92,0.23,918.41,614.05
41.849,3,2,342.0,100.0,0.0,12618.0,4,6.643,99.92,0.23,916.63,616.51
41.865,3,2,342.0,100.0,0.0,12618.0,4,6.643,99.92,0.23,914.62,619.04
41.882,3,2,342.0,100.0,0.0,12618.0,4,6.643,99.92,0.23,912.5,621.47
41.899,3,2,342.0,100.0,0.0,12618.0,4,6.643,99.92,0.23,910.28,623.82
41.916,3,2,342.0,100.0,0.0,12618.0,4,6.643,99.92,0.23,907.96,626.06
41.933,3,2,342.0,100.0,0.0,12618.0,4,6.643,99.92,0.23,905.54,628.2
41.949,3,2,342.0,100.0,0.0,12618.0,4,6.643,99.92,0.23,903.18,630.12
41.966,3,2,342.0,100.0,0.0,12618.0,4,6.643,99.92,0.23,900.58,632.04
41.982,3,2,342.0,100.0,0.0,12618.0,4,6.643,99.92,0.23,898.06,633.74
41.999,3,2,342.0,100.0,0.0,12618.0,4,6.643,99.92,0.23,895.31,635.43
42.017,3,2,342.0,100.0,0.0,12618.0,4,6.643,99.92,0.23,892.48,637.0
42.033,3,2,342.0,100.0,0.0,12618.0,4,6.643,99.92,0.23,889.6,638.44
42.05,3,2,342.0,100.0,0.0,12618.0,4,6.643,99.92,0.23,886.64,639.76
42.067,3,2,342.0,100.0,0.0,12618.0,4,6.643,99.92,0.23,883.64,640.94
42.084,3,2,342.0,100.0,0.0,12618.0,4,6.643,99.92,0.23,880.59,642.0
42.101,3,2,342.0,100.0,0.0,12618.0,4,6.643,99.92,0.23,877.49,642.91
42.118,3,2,342.0,100.0,0.0,12618.0,4,6.643,99.92,0.23,874.36,643.7
42.134,3,2,342.0,100.0,0.0,12618.0,4,6.643,99.92,0.23,871.38,644.31
42.151,3,2,342.0,100.0,0.0,12618.0,4,6.643,99.92,0.23,868.19,644.81
42.168,3,2,342.0,100.0,0.0,12618.0,4,6.643,99.92,0.24,864.98,645.18
42.186,3,2,342.0,100.0,0.0,12618.0,4,6.643,99.92,0.24,861.76,645.41
42.201,3,2,342.0,100.0,0.0,12618.0,4,6.643,99.92,0.24,858.72,645.49
42.218,3,2,342.0,100.0,0.0,12618.0,4,6.643,99.92,0.24,855.49,645.43
42.235,3,2,342.0,100.0,0.0,12618.0,4,6.643,99.92,0.24,852.26,645.24
42.252,3,2,342.0,100.0,0.0,12618.0,4,6.643,99.92,0.24,849.05,644.9
42.269,3,2,342.0,100.0,0.0,12618.0,4,6.643,99.92,0.24,845.86,644.43
42.285,3,2,342.0,100.0,0.0,12618.0,4,6.643,99.92,0.24,842.87,643.85
42.302,3,2,342.0,100.0,0.0,12618.0,4,6.643,99.92,0.24,839.73,643.09
42.319,3,2,342.0,100.0,0.0,12618.0,4,6.643,99.92,0.24,836.63,642.21
42.336,3,2,342.0,100.0,0.0,12618.0,4,6.643,99.92,0.24,833.56,641.18
42.353,3,2,342.0,100.0,0.0,12618.0,4,6.643,99.92,0.24,830.72,640.09
42.369,3,2,342.0,100.0,0.0,12618.0,4,6.643,99.92,0.24,827.71,638.94
42.386,3,2,342.0,100.0,0.0,12618.0,4,6.643,99.92,0.24,824.69,637.78
42.403,3,2,342.0,100.0,0.0,12618.0,4,6.643,99.92,0.24,821.68,636.63
42.42,3,2,342.0,100.0,0.0,12618.0,4,6.643,99.92,0.24,818.66,635.47
42.436,3,2,342.0,100.0,0.0,12618.0,4,6.643,99.92,0.24,815.82,634.38
42.452,3,2,342.0,100.0,0.0,12618.0,4,6.643,99.92,0.24,812.98,633.29
42.469,3,2,342.0,100.0,0.0,12618.0,4,6.643,99.92,0.24,809.97,632.14
42.486,3,2,342.0,100.0,0.0,12618.0,4,6.643,99.92,0.24,806.95,630.98
42.502,3,2,342.0,100.0,0.0,12618.0,4,6.643,99.92,0.24,804.11,629.89
42.52,3,2,342.0,100.0,0.0,12618.0,4,6.643,99.92,0.24,801.1,628.74
42.536,3,2,342.0,100.0,0.0,12618.0,4,6.643,99.92,0.24,798.08,627.58
42.553,3,2,342.0,100.0,0.0,12618.0,4,6.643,99.92,0.24,795.06,626.43
42.57,3,2,342.0,100.0,0.0,12618.0,4,6.643,99.92,0.24,792.23,625.34
42.586,3,2,342.0,100.0,0.0,12618.0,4,6.643,99.92,0.24,789.21,624.18
42.604,3,2,342.0,100.0,0.0,12618.0,4,6.643,99.92,0.24,786.19,623.03
42.619,3,2,342.0,100.0,0.0,12618.0,4,6.643,99.92,0.24,783.35,621.94
42.636,3,2,342.0,100.0,0.0,12618.0,4,6.643,99.92,0.24,780.34,620.78
42.653,3,2,342.0,100.0,0.0,12618.0,4,6.643,99.92,0.24,777.32,619.63
42.67,3,2,342.0,100.0,0.0,12618.0,4,6.643,99.92,0.24,774.31,618.47
42.687,3,2,342.0,100.0,0.0,12618.0,4,6.643,99.92,0.24,771.29,617.31
42.704,3,2,342.0,100.0,0.0,12618.0,4,6.643,99.92,0.24,768.45,616.23
42.72,3,2,342.0,100.0,0.0,12618.0,4,6.643,99.92,0.24,765.61,615.14
42.736,3,2,342.0,100.0,0.0,12618.0,4,6.643,99.92,0.24,762.6,613.98
42.753,3,2,342.0,100.0,0.0,12618.0,4,6.643,99.92,0.24,759.58,612.83
42.77,3,2,342.0,100.0,0.0,12618.0,4,6.643,99.92,0.24,756.56,611.67
42.787,3,3,342.0,100.0,0.0,12618.0,4,6.643,99.92,0.24,753.55,610.51
42.804,3,3,342.0,100.0,0.0,12618.0,4,6.643,99.92,0.24,750.53,609.36
42.821,3,3,342.0,100.0,0.0,12618.0,4,6.643,99.92,0.24,747.52,608.2
42.838,3,3,342.0,100.0,0.0,12618.0,4,6.643,99.92,0.24,744.5,607.05
42.855,3,3,342.0,100.0,0.0,12618.0,4,6.643,99.92,0.24,741.48,605.89
42.872,3,3,342.0,100.0,0.0,12618.0,4,6.643,99.92,0.24,738.47,604.73
42.89,3,3,342.0,100.0,0.0,12618.0,4,6.643,99.92,0.24,735.45,603.58
42.906,3,3,342.0,100.0,0.0,12618.0,4,6.643,99.92,0.24,732.44,602.42
42.922,3,3,342.0,100.0,0.0,12618.0,4,6.643,99.92,0.24,729.6,601.33
42.939,3,3,342.0,100.0,0.0,12618.0,4,6.643,99.92,0.24,726.58,600.18
42.956,3,3,342.0,100.0,0.0,12618.0,4,6.643,99.92,0.24,723.57,599.02
42.973,3,3,342.0,100.0,0.0,12618.0,4,6.643,99.92,0.24,720.5,598.0
42.99,3,3,342.0,100.0,0.0,12618.0,4,6.643,99.92,0.24,717.4,597.11
43.007,3,3,342.0,100.0,0.0,12618.0,4,6.643,99.92,0.24,714.26,596.36
43.024,3,3,342.0,100.0,0.0,12618.0,4,6.643,99.92,0.24,711.08,595.74
43.041,3,3,342.0,100.0,0.0,12618.0,4,6.643,99.92,0.24,707.89,595.27
43.058,3,3,342.0,100.0,0.0,12618.0,4,6.643,99.92,0.24,704.68,594.93
43.075,3,3,342.0,100.0,0.0,12618.0,4,6.643,99.92,0.24,701.64,594.75
43.091,3,3,342.0,100.0,0.0,12618.0,4,6.643,99.92,0.24,698.41,594.69
43.108,3,3,342.0,100.0,0.0,12618.0,4,6.643,99.92,0.24,695.18,594.78
43.126,3,3,342.0,100.0,0.0,12618.0,4,6.643,99.92,0.24,691.96,595.0
43.142,3,3,342.0,100.0,0.0,12618.0,4,6.643,99.92,0.24,688.75,595.37
43.159,3,3,342.0,100.0,0.0,12618.0,4,6.643,99.92,0.24,685.75,595.85
43.174,3,3,342.0,100.0,0.0,12618.0,4,6.643,99.92,0.24,682.77,596.46
43.192,3,3,342.0,100.0,0.0,12618.0,4,6.643,99.92,0.24,679.45,597.29
43.208,3,3,342.0,100.0,0.0,12618.0,4,6.643,99.92,0.24,676.54,598.15
43.225,3,3,342.0,100.0,0.0,12618.0,4,6.643,99.92,0.24,673.49,599.2
43.243,3,3,342.0,100.0,0.0,12618.0,4,6.643,99.92,0.24,670.31,600.46
43.261,3,3,342.0,100.0,0.0,12618.0,4,6.643,99.92,0.24,667.18,601.85
43.277,3,3,342.0,100.0,0.0,12618.0,4,6.643,99.92,0.24,664.46,603.21
43.294,3,3,342.0,100.0,0.0,12618.0,4,6.643,99.92,0.24,661.8,604.68
43.31,3,3,342.0,100.0,0.0,12618.0,4,6.643,99.92,0.24,659.21,606.27
43.326,3,3,342.0,100.0,0.0,12618.0,4,6.643,99.92,0.24,656.54,608.08
43.343,3,3,342.0,100.0,0.0,12618.0,4,6.643,99.92,0.24,653.94,610.0
43.36,3,3,342.0,100.0,0.0,12618.0,4,6.643,99.92,0.24,651.43,612.04
43.376,3,3,342.0,100.0,0.0,12618.0,4,6.643,99.92,0.24,649.16,614.05
43.393,3,3,342.0,100.0,0.0,12618.0,4,6.643,99.92,0.24,646.83,616.3
43.411,3,3,342.0,100.0,0.0,12618.0,4,6.643,99.92,0.24,644.48,618.78
43.428,3,3,342.0,100.0,0.0,12618.0,4,6.643,99.92,0.24,642.36,621.22
43.445,3,3,342.0,100.0,0.0,12618.0,4,6.643,99.92,0.24,640.37,623.51
43.461,3,3,342.0,100.0,0.0,12618.0,4,6.643,99.92,0.24,638.25,625.95
43.479,3,3,342.0,100.0,0.0,12618.0,4,6.643,99.92,0.24,636.13,628.39
43.495,3,3,342.0,100.0,0.0,12618.0,4,6.643,99.92,0.24,634.02,630.83
43.513,3,3,342.0,100.0,0.0,12618.0,4,6.643,99.92,0.24,631.9,633.27
43.528,3,3,342.0,100.0,0.0,12618.0,4,6.643,99.92,0.24,629.9,635.56
43.545,3,3,342.0,100.0,0.0,12618.0,4,6.643,99.92,0.24,627.79,638.0
43.562,3,3,342.0,100.0,0.0,12618.0,4,6.643,99.92,0.24,625.67,640.44
43.579,3,3,342.0,100.0,0.0,12618.0,4,6.643,99.92,0.24,623.68,642.74
43.596,3,3,342.0,100.0,0.0,12618.0,4,6.643,99.92,0.24,621.56,645.18
43.612,3,3,342.0,100.0,0.0,12618.0,4,6.643,99.92,0.24,619.44,647.61
43.629,3,3,342.0,100.0,0.0,12618.0,4,6.643,99.92,0.24,617.45,649.91
43.646,3,3,342.0,100.0,0.0,12618.0,4,6.643,99.92,0.24,615.33,652.35
43.662,3,3,342.0,100.0,0.0,12618.0,4,6.643,99.92,0.24,613.21,654.79
43.679,3,3,342.0,100.0,0.0,12618.0,4,6.643,99.92,0.24,611.09,657.23
43.696,3,3,342.0,100.0,0.0,12618.0,4,6.643,99.92,0.24,608.87,659.57
43.713,3,3,342.0,100.0,0.0,12618.0,4,6.643,99.92,0.24,606.55,661.82
43.729,3,3,342.0,100.0,0.0,12618.0,4,6.643,99.92,0.24,604.27,663.83
43.745,3,3,342.0,100.0,0.0,12618.0,4,6.643,99.92,0.24,601.91,665.75
43.761,3,3,342.0,100.0,0.0,12618.0,4,6.643,99.92,0.24,599.47,667.55
43.778,3,3,342.0,100.0,0.0,12618.0,4,6.643,99.92,0.24,596.95,669.26
43.794,3,3,342.0,100.0,0.0,12618.0,4,6.643,99.92,0.24,594.2,670.94
43.811,3,3,342.0,100.0,0.0,12618.0,4,6.643,99.92,0.24,591.37,672.51
43.827,3,3,342.0,100.0,0.0,12618.0,4,6.643,99.92,0.24,588.65,673.87
43.844,3,3,342.0,100.0,0.0,12618.0,4,6.643,99.92,0.24,585.7,675.19
43.861,3,3,342.0,100.0,0.0,12618.0,4,6.643,99.92,0.24,582.7,676.37
43.878,3,3,342.0,100.0,0.0,12618.0,4,6.643,99.92,0.24,579.64,677.42
43.895,3,3,342.0,100.0,0.0,12618.0,4,6.643,99.92,0.24,576.55,678.34
43.911,3,3,342.0,100.0,0.0,12618.0,4,6.643,99.92,0.24,573.6,679.08
43.928,3,3,342.0,100.0,0.0,12618.0,4,6.643,99.92,0.24,570.43,679.73
43.944,3,3,342.0,100.0,0.0,12618.0,4,6.643,99.92,0.24,567.43,680.2
43.961,3,3,342.0,100.0,0.0,12618.0,4,6.643,99.92,0.24,564.22,680.57
43.978,3,3,342.0,100.0,0.0,12618.0,4,6.643,99.92,0.24,561.0,680.8
43.995,3,3,342.0,100.0,0.0,12618.0,4,6.643,99.92,0.25,557.77,680.88
44.012,3,3,342.0,100.0,0.0,12618.0,4,6.643,99.92,0.25,554.54,680.83
44.029,3,3,342.0,100.0,0.0,12618.0,4,6.643,99.92,0.25,551.51,680.64
44.045,3,3,342.0,100.0,0.0,12618.0,4,6.643,99.92,0.25,548.48,680.33
44.061,3,3,342.0,100.0,0.0,12618.0,4,6.643,99.92,0.25,545.29,679.85
44.078,3,3,342.0,100.0,0.0,12618.0,4,6.643,99.92,0.25,542.12,679.24
44.095,3,3,342.0,100.0,0.0,12618.0,4,6.643,99.92,0.25,539.16,678.53
44.111,3,3,342.0,100.0,0.0,12618.0,4,6.643,99.92,0.25,536.05,677.64
44.129,3,3,342.0,100.0,0.0,12618.0,4,6.643,99.92,0.25,532.99,676.62
44.144,3,3,342.0,100.0,0.0,12618.0,4,6.643,99.92,0.25,530.15,675.53
44.161,3,3,342.0,100.0,0.0,12618.0,4,6.643,99.92,0.25,527.19,674.24
44.178,3,3,342.0,100.0,0.0,12618.0,4,6.643,99.92,0.25,524.29,672.83
44.195,3,3,342.0,100.0,0.0,12618.0,4,6.643,99.92,0.25,521.45,671.29
44.212,3,3,342.0,100.0,0.0,12618.0,4,6.643,99.92,0.25,518.68,669.63
44.229,3,3,342.0,100.0,0.0,12618.0,4,6.643,99.92,0.25,515.98,667.84
44.246,3,3,342.0,100.0,0.0,12618.0,4,6.643,99.92,0.25,513.37,665.95
44.263,3,3,342.0,100.0,0.0,12618.0,4,6.643,99.92,0.25,510.99,664.06
44.279,3,3,342.0,100.0,0.0,12618.0,4,6.643,99.92,0.25,508.55,661.94
44.295,3,3,342.0,100.0,0.0,12618.0,4,6.643,99.92,0.25,506.34,659.85
44.311,3,3,342.0,100.0,0.0,12618.0,4,6.643,99.92,0.25,504.23,657.66
44.329,3,3,342.0,100.0,0.0,12618.0,4,6.643,99.92,0.25,501.99,655.34
44.345,3,3,342.0,100.0,0.0,12618.0,4,6.643,99.92,0.25,499.74,653.02
44.363,3,3,342.0,100.0,0.0,12618.0,4,6.643,99.92,0.25,497.36,650.56
44.381,3,3,342.0,100.0,0.0,12618.0,4,6.643,99.92,0.25,494.99,648.1
44.398,3,3,342.0,100.0,0.0,12618.0,4,6.643,99.91,0.25,492.74,645.78
44.414,3,3,342.0,100.0,0.0,12618.0,4,6.643,99.91,0.25,490.63,643.59
44.431,3,3,342.0,100.0,0.0,12618.0,4,6.643,99.91,0.25,488.38,641.27
44.448,3,3,342.0,100.0,0.0,12618.0,4,6.643,99.91,0.25,486.14,638.95
44.465,3,3,342.0,100.0,0.0,12618.0,4,6.643,99.91,0.25,483.89,636.62
44.481,3,3,342.0,100.0,0.0,12618.0,4,6.643,99.91,0.25,481.78,634.44
44.498,3,3,342.0,100.0,0.0,12618.0,4,6.643,99.91,0.25,479.54,632.11
44.515,3,3,342.0,100.0,0.0,12618.0,4,6.643,99.91,0.25,477.29,629.79
44.532,3,3,342.0,100.0,0.0,12618.0,4,6.643,99.91,0.25,475.05,627.47
44.55,3,3,342.0,100.0,0.0,12618.0,4,6.643,99.91,0.25,472.8,625.15
44.565,3,3,342.0,100.0,0.0,12618.0,4,6.643,99.91,0.25,470.69,622.96
44.582,3,3,342.0,100.0,0.0,12618.0,4,6.643,99.91,0.25,468.44,620.64
44.599,3,3,342.0,100.0,0.0,12618.0,4,6.643,99.91,0.25,466.2,618.32
44.616,3,3,342.0,100.0,0.0,12618.0,4,6.643,99.91,0.25,463.95,616.0
44.633,3,3,342.0,100.0,0.0,12618.0,4,6.643,99.91,0.25,461.71,613.67
44.649,3,3,342.0,100.0,0.0,12618.0,4,6.643,99.91,0.25,459.6,611.49
44.666,3,3,342.0,100.0,0.0,12618.0,4,6.643,99.91,0.25,457.48,609.3
44.682,3,3,342.0,100.0,0.0,12618.0,4,6.643,99.91,0.25,455.37,607.12
44.698,3,3,342.0,100.0,0.0,12618.0,4,6.643,99.91,0.25,453.26,604.93
44.714,3,3,342.0,100.0,0.0,12618.0,4,6.643,99.91,0.25,451.01,602.61
44.731,3,3,342.0,100.0,0.0,12618.0,4,6.643,99.91,0.25,448.77,600.29
44.748,3,3,342.0,100.0,0.0,12618.0,4,6.643,99.91,0.25,446.52,597.96
44.765,3,3,342.0,100.0,0.0,12618.0,4,6.643,99.91,0.25,444.32,595.87
44.781,3,3,342.0,100.0,0.0,12618.0,4,6.643,99.91,0.25,441.88,593.75
44.797,3,3,342.0,100.0,0.0,12618.0,4,6.643,99.91,0.25,439.5,591.86
44.814,3,3,342.0,100.0,0.0,12618.0,4,6.643,99.91,0.25,436.88,589.96
44.831,3,3,342.0,100.0,0.0,12618.0,4,6.643,99.91,0.25,434.35,588.29
44.847,3,3,342.0,100.0,0.0,12618.0,4,6.643,99.91,0.25,431.58,586.63
44.864,3,3,342.0,100.0,0.0,12618.0,4,6.643,99.91,0.25,428.74,585.09
44.881,3,3,342.0,100.0,0.0,12618.0,4,6.643,99.91,0.25,426.01,583.76
44.897,3,3,342.0,100.0,0.0,12618.0,4,6.643,99.91,0.25,423.04,582.47
44.913,3,3,342.0,100.0,0.0,12618.0,4,6.643,99.91,0.25,420.21,581.38
44.931,3,3,342.0,100.0,0.0,12618.0,4,6.643,99.91,0.25,417.14,580.36
44.947,3,3,342.0,100.0,0.0,12618.0,4,6.643,99.91,0.25,414.22,579.52
44.963,3,3,342.0,100.0,0.0,12618.0,4,6.643,99.91,0.25,411.08,578.77
44.981,3,3,342.0,100.0,0.0,12618.0,4,6.643,99.91,0.25,407.91,578.15
44.996,3,3,342.0,100.0,0.0,12618.0,4,6.643,99.91,0.25,404.9,577.71
45.012,3,3,342.0,100.0,0.0,12618.0,4,6.643,99.91,0.25,401.88,577.39
45.029,3,3,342.0,100.0,0.0,12618.0,4,6.643,99.91,0.25,398.65,577.19
45.045,3,3,342.0,100.0,0.0,12618.0,4,6.643,99.91,0.25,395.61,577.14
45.061,3,3,342.0,100.0,0.0,12618.0,4,6.643,99.91,0.25,392.57,577.22
45.078,3,3,342.0,100.0,0.0,12618.0,4,6.643,99.91,0.25,389.35,577.45
45.095,3,3,342.0,100.0,0.0,12618.0,4,6.643,99.91,0.25,386.14,577.82
45.112,3,3,342.0,100.0,0.0,12618.0,4,6.643,99.91,0.25,382.95,578.32
45.129,3,3,342.0,100.0,0.0,12618.0,4,6.643,99.91,0.25,379.79,578.97
45.146,3,3,342.0,100.0,0.0,12618.0,4,6.643,99.91,0.25,376.65,579.75
45.163,3,3,342.0,100.0,0.0,12618.0,4,6.643,99.91,0.25,373.56,580.67
45.179,3,3,342.0,100.0,0.0,12618.0,4,6.643,99.91,0.25,370.68,581.66
45.196,3,3,342.0,100.0,0.0,12618.0,4,6.643,99.91,0.25,367.68,582.85
45.212,3,3,342.0,100.0,0.0,12618.0,4,6.643,99.91,0.25,364.9,584.09
45.228,3,3,342.0,100.0,0.0,12618.0,4,6.643,99.91,0.25,362.18,585.44
45.245,3,3,342.0,100.0,0.0,12618.0,4,6.643,99.91,0.25,359.36,587.01
45.261,3,3,342.0,100.0,0.0,12618.0,4,6.643,99.91,0.25,356.77,588.6
45.277,3,3,342.0,100.0,0.0,12618.0,4,6.643,99.91,0.25,354.25,590.3
45.294,3,3,342.0,100.0,0.0,12618.0,4,6.643,99.91,0.25,351.65,592.22
45.311,3,3,342.0,100.0,0.0,12618.0,4,6.643,99.91,0.25,349.14,594.26
45.328,3,3,342.0,100.0,0.0,12618.0,4,6.643,99.91,0.25,346.73,596.4
45.344,3,3,342.0,100.0,0.0,12618.0,4,6.643,99.91,0.25,344.54,598.51
45.361,3,3,342.0,100.0,0.0,12618.0,4,6.643,99.91,0.25,342.32,600.86
45.377,3,3,342.0,100.0,0.0,12618.0,4,6.643,99.91,0.25,340.32,603.15
45.395,3,3,342.0,100.0,0.0,12618.0,4,6.643,99.91,0.25,338.31,605.68
45.411,3,3,342.0,100.0,0.0,12618.0,4,6.643,99.91,0.25,336.53,608.14
45.428,3,3,342.0,100.0,0.0,12618.0,4,6.643,99.91,0.25,334.63,610.76
45.444,3,3,342.0,100.0,0.0,12618.0,4,6.643,99.91,0.25,332.73,613.37
45.461,3,3,342.0,100.0,0.0,12618.0,4,6.643,99.91,0.25,330.73,615.9
45.478,3,3,342.0,100.0,0.0,12618.0,4,6.643,99.91,0.25,328.61,618.34
45.494,3,3,342.0,100.0,0.0,12618.0,4,6.643,99.91,0.25,326.52,620.54
45.511,3,3,342.0,100.0,0.0,12618.0,4,6.643,99.91,0.25,324.19,622.79
45.528,3,3,342.0,100.0,0.0,12618.0,4,6.643,99.91,0.25,321.92,624.8
45.544,3,3,342.0,100.0,0.0,12618.0,4,6.643,99.91,0.25,319.41,626.84
45.561,3,3,342.0,100.0,0.0,12618.0,4,6.643,99.91,0.25,316.81,628.76
45.578,3,3,342.0,100.0,0.0,12618.0,4,6.643,99.91,0.25,314.14,630.57
45.594,3,3,342.0,100.0,0.0,12618.0,4,6.643,99.91,0.25,311.55,632.16
45.611,3,3,342.0,100.0,0.0,12618.0,4,6.643,99.91,0.25,308.72,633.73
45.628,3,3,342.0,100.0,0.0,12618.0,4,6.643,99.91,0.25,305.83,635.17
45.645,3,3,342.0,100.0,0.0,12618.0,4,6.643,99.91,0.25,302.88,636.48
45.662,3,3,342.0,100.0,0.0,12618.0,4,6.643,99.91,0.25,299.88,637.67
45.679,3,3,342.0,100.0,0.0,12618.0,4,6.643,99.91,0.25,297.0,638.66
45.695,3,3,342.0,100.0,0.0,12618.0,4,6.643,99.91,0.25,294.09,639.52
45.711,3,3,342.0,100.0,0.0,12618.0,4,6.643,99.91,0.25,290.95,640.31
45.728,3,3,342.0,100.0,0.0,12618.0,4,6.643,99.91,0.25,287.79,640.95
45.745,3,3,342.0,100.0,0.0,12618.0,4,6.643,99.91,0.25,284.6,641.46
45.762,3,3,342.0,100.0,0.0,12618.0,4,6.643,99.91,0.25,281.58,641.81
45.778,3,3,342.0,100.0,0.0,12618.0,4,6.643,99.91,0.25,278.36,642.03
45.794,3,3,342.0,100.0,0.0,12618.0,4,6.643,99.91,0.26,275.32,642.11
45.811,3,3,342.0,100.0,0.0,12618.0,4,6.643,99.91,0.26,272.09,642.06
45.829,3,3,342.0,100.0,0.0,12618.0,4,6.643,99.91,0.26,268.86,641.86
45.844,3,3,342.0,100.0,0.0,12618.0,4,6.643,99.91,0.26,265.84,641.55
45.861,3,3,342.0,100.0,0.0,12618.0,4,6.643,99.91,0.26,262.65,641.07
45.878,3,3,342.0,100.0,0.0,12618.0,4,6.643,99.91,0.26,259.48,640.46
45.895,3,3,342.0,100.0,0.0,12618.0,4,6.643,99.91,0.26,256.33,639.7
45.912,3,3,342.0,100.0,0.0,12618.0,4,6.643,99.91,0.26,253.23,638.82
45.929,3,3,342.0,100.0,0.0,12618.0,4,6.643,99.91,0.26,250.17,637.79
45.946,3,3,342.0,100.0,0.0,12618.0,4,6.643,99.91,0.26,247.15,636.64
45.963,3,3,342.0,100.0,0.0,12618.0,4,6.643,99.91,0.26,244.19,635.35
45.98,3,3,342.0,100.0,0.0,12618.0,4,6.643,99.91,0.26,241.28,633.93
45.997,3,3,342.0,100.0,0.0,12618.0,4,6.643,99.91,0.26,238.44,632.39
46.014,3,3,342.0,100.0,0.0,12618.0,4,6.643,99.91,0.26,235.67,630.73
46.031,3,3,342.0,100.0,0.0,12618.0,4,6.643,99.91,0.26,232.98,628.95
46.049,3,3,342.0,100.0,0.0,12618.0,4,6.643,99.91,0.26,230.21,626.94
46.066,3,3,342.0,100.0,0.0,12618.0,4,6.643,99.91,0.26,227.83,625.05
46.083,3,3,342.0,100.0,0.0,12618.0,4,6.643,99.91,0.26,225.25,622.81
46.1,3,3,342.0,100.0,0.0,12618.0,4,6.643,99.91,0.26,222.91,620.59
46.117,3,3,342.0,100.0,0.0,12618.0,4,6.643,99.91,0.26,220.79,618.4
46.133,3,3,342.0,100.0,0.0,12618.0,4,6.643,99.91,0.26,218.78,616.13
46.149,3,3,342.0,100.0,0.0,12618.0,4,6.643,99.91,0.26,216.86,613.76
46.165,3,3,342.0,100.0,0.0,12618.0,4,6.643,99.91,0.26,215.05,611.32
46.181,3,3,342.0,100.0,0.0,12618.0,4,6.643,99.91,0.26,213.25,608.64
46.198,3,3,342.0,100.0,0.0,12618.0,4,6.643,99.91,0.26,211.56,605.89
46.215,3,3,342.0,100.0,0.0,12618.0,4,6.643,99.91,0.26,209.99,603.07
46.231,3,3,342.0,100.0,0.0,12618.0,4,6.643,99.91,0.26,208.63,600.35
46.248,3,3,342.0,100.0,0.0,12618.0,4,6.643,99.91,0.26,207.32,597.4
46.264,3,3,342.0,100.0,0.0,12618.0,4,6.643,99.91,0.26,206.2,594.57
46.281,3,3,342.0,100.0,0.0,12618.0,4,6.643,99.91,0.26,205.15,591.51
46.298,3,3,342.0,100.0,0.0,12618.0,4,6.643,99.91,0.26,204.23,588.42
46.315,3,3,342.0,100.0,0.0,12618.0,4,6.643,99.91,0.26,203.45,585.28
46.332,3,3,342.0,100.0,0.0,12618.0,4,6.643,99.91,0.26,202.66,582.15
46.348,3,3,342.0,100.0,0.0,12618.0,4,6.643,99.91,0.26,201.93,579.2
46.365,3,3,342.0,100.0,0.0,12618.0,4,6.643,99.91,0.26,201.01,576.11
46.382,3,3,342.0,100.0,0.0,12618.0,4,6.643,99.91,0.26,200.02,573.23
46.398,3,3,342.0,100.0,0.0,12618.0,4,6.643,99.91,0.26,198.83,570.23
46.415,3,3,342.0,100.0,0.0,12618.0,4,6.643,99.91,0.26,197.52,567.28
46.432,3,3,342.0,100.0,0.0,12618.0,4,6.643,99.91,0.26,196.07,564.39
46.449,3,3,342.0,100.0,0.0,12618.0,4,6.643,99.91,0.26,194.51,561.56
46.466,3,3,342.0,100.0,0.0,12618.0,4,6.643,99.91,0.26,192.82,558.81
46.483,3,3,342.0,100.0,0.0,12618.0,4,6.643,99.91,0.26,191.01,556.13
46.5,3,3,342.0,100.0,0.0,12618.0,4,6.643,99.91,0.26,189.09,553.54
46.516,3,3,342.0,100.0,0.0,12618.0,4,6.643,99.91,0.26,187.17,551.18
46.532,3,3,342.0,100.0,0.0,12618.0,4,6.643,99.91,0.26,185.16,548.9
46.549,3,3,342.0,100.0,0.0,12618.0,4,6.643,99.91,0.26,182.91,546.58
46.565,3,3,342.0,100.0,0.0,12618.0,4,6.643,99.91,0.26,180.7,544.49
46.582,3,3,342.0,100.0,0.0,12618.0,4,6.643,99.91,0.26,178.27,542.37
46.598,3,3,342.0,100.0,0.0,12618.0,4,6.643,99.91,0.26,175.89,540.48
46.615,3,3,342.0,100.0,0.0,12618.0,4,6.643,99.91,0.26,173.27,538.58
46.632,3,3,342.0,100.0,0.0,12618.0,4,6.643,99.91,0.26,170.58,536.8
46.649,3,3,342.0,100.0,0.0,12618.0,4,6.643,99.91,0.26,167.81,535.14
46.666,3,3,342.0,100.0,0.0,12618.0,4,6.643,99.91,0.26,164.97,533.6
46.683,3,3,342.0,100.0,0.0,12618.0,4,6.643,99.91,0.26,162.07,532.18
46.699,3,3,342.0,100.0,0.0,12618.0,4,6.643,99.91,0.26,159.28,530.97
46.715,3,3,342.0,100.0,0.0,12618.0,4,6.643,99.91,0.26,156.44,529.88
46.732,3,3,342.0,100.0,0.0,12618.0,4,6.643,99.91,0.26,153.37,528.86
46.749,3,3,342.0,100.0,0.0,12618.0,4,6.643,99.91,0.26,150.31,527.84
46.767,3,3,342.0,100.0,0.0,12618.0,4,6.643,99.91,0.26,147.25,526.81
46.783,3,3,342.0,100.0,0.0,12618.0,4,6.643,99.91,0.26,144.23,525.66
46.8,3,3,342.0,100.0,0.0,12618.0,4,6.643,99.91,0.26,141.27,524.37
46.817,3,3,342.0,100.0,0.0,12618.0,4,6.643,99.91,0.26,138.36,522.96
46.834,3,3,342.0,100.0,0.0,12618.0,4,6.643,99.91,0.26,135.53,521.42
46.85,3,3,342.0,100.0,0.0,12618.0,4,6.643,99.91,0.26,132.92,519.85
46.867,3,3,342.0,100.0,0.0,12618.0,4,6.643,99.91,0.26,130.22,518.07
46.884,3,3,342.0,100.0,0.0,12618.0,4,6.643,99.91,0.26,127.61,516.17
46.901,3,3,342.0,100.0,0.0,12618.0,4,6.643,99.91,0.26,125.08,514.16
46.918,3,3,342.0,100.0,0.0,12618.0,4,6.643,99.91,0.26,122.64,512.05
46.935,3,3,342.0,100.0,0.0,12618.0,4,6.643,99.91,0.26,120.3,509.82
46.952,3,3,342.0,100.0,0.0,12618.0,4,6.643,99.91,0.26,118.19,507.64
46.967,3,3,342.0,100.0,0.0,12618.0,4,6.643,99.91,0.26,116.17,505.36
46.985,3,3,342.0,100.0,0.0,12618.0,4,6.643,99.91,0.26,114.14,502.85
47.001,3,3,342.0,100.0,0.0,12618.0,4,6.643,99.91,0.26,112.33,500.41
47.017,3,3,342.0,100.0,0.0,12618.0,4,6.643,99.91,0.26,110.52,497.73
47.034,3,3,342.0,100.0,0.0,12618.0,4,6.643,99.91,0.26,108.83,494.98
47.051,3,3,342.0,100.0,0.0,12618.0,4,6.643,99.91,0.26,107.26,492.16
47.068,3,3,342.0,100.0,0.0,12618.0,4,6.643,99.91,0.26,105.82,489.27
47.086,3,3,342.0,100.0,0.0,12618.0,4,6.643,99.91,0.26,104.5,486.32
47.101,3,3,342.0,100.0,0.0,12618.0,4,6.643,99.91,0.26,103.39,483.49
47.118,3,3,342.0,100.0,0.0,12618.0,4,6.643,99.91,0.26,102.34,480.43
47.135,3,3,342.0,100.0,0.0,12618.0,4,6.643,99.91,0.26,101.42,477.34
47.152,3,3,342.0,100.0,0.0,12618.0,4,6.643,99.91,0.26,100.63,474.2
47.169,3,3,342.0,100.0,0.0,12618.0,4,6.643,99.91,0.26,99.99,471.04
47.186,3,3,342.0,100.0,0.0,12618.0,4,6.643,99.91,0.26,99.48,467.85
47.203,3,3,342.0,100.0,0.0,12618.0,4,6.643,99.91,0.26,99.11,464.64
47.22,3,3,342.0,100.0,0.0,12618.0,4,6.643,99.91,0.26,98.89,461.42
47.237,3,3,342.0,100.0,0.0,12618.0,4,6.643,99.91,0.26,98.8,458.19
47.254,3,3,342.0,100.0,0.0,12618.0,4,6.643,99.91,0.26,98.85,455.15
47.27,3,3,342.0,100.0,0.0,12618.0,4,6.643,99.91,0.26,99.04,452.12
47.286,3,3,342.0,100.0,0.0,12618.0,4,6.643,99.91,0.26,99.37,448.9
47.302,3,3,342.0,100.0,0.0,12618.0,4,6.643,99.91,0.26,99.82,445.9
47.319,3,3,342.0,100.0,0.0,12618.0,4,6.643,99.91,0.26,100.44,442.72
47.336,3,3,342.0,100.0,0.0,12618.0,4,6.643,99.91,0.26,101.19,439.58
47.352,3,3,342.0,100.0,0.0,12618.0,4,6.643,99.91,0.26,102.02,436.66
47.369,3,3,342.0,100.0,0.0,12618.0,4,6.643,99.91,0.26,103.05,433.6
47.385,3,3,342.0,100.0,0.0,12618.0,4,6.643,99.91,0.26,104.14,430.76
47.402,3,3,342.0,100.0,0.0,12618.0,4,6.643,99.91,0.26,105.42,427.8
47.419,3,3,342.0,100.0,0.0,12618.0,4,6.643,99.91,0.26,106.84,424.89
47.436,3,3,342.0,100.0,0.0,12618.0,4,6.643,99.91,0.26,108.38,422.05
47.453,3,3,342.0,100.0,0.0,12618.0,4,6.643,99.91,0.26,109.94,419.45
47.469,3,3,342.0,100.0,0.0,12618.0,4,6.643,99.91,0.26,111.72,416.75
47.485,3,3,342.0,100.0,0.0,12618.0,4,6.643,99.91,0.26,113.51,414.29
47.502,3,3,342.0,100.0,0.0,12618.0,4,6.643,99.91,0.26,115.52,411.76
47.519,3,3,342.0,100.0,0.0,12618.0,4,6.643,99.91,0.26,117.51,409.47
47.535,3,3,342.0,100.0,0.0,12618.0,4,6.643,99.91,0.26,119.6,407.26
47.551,3,3,342.0,100.0,0.0,12618.0,4,6.643,99.91,0.26,121.92,405.02
47.568,3,3,342.0,100.0,0.0,12618.0,4,6.643,99.91,0.26,124.34,402.87
47.584,3,3,342.0,100.0,0.0,12618.0,4,6.643,99.91,0.26,126.7,400.96
47.601,3,3,342.0,100.0,0.0,12618.0,4,6.643,99.91,0.26,129.15,399.15
47.616,3,3,342.0,100.0,0.0,12618.0,4,6.643,99.91,0.27,131.67,397.45
47.633,3,3,342.0,100.0,0.0,12618.0,4,6.643,99.91,0.27,134.42,395.76
47.649,3,3,342.0,100.0,0.0,12618.0,4,6.643,99.91,0.27,137.08,394.29
47.666,3,3,342.0,100.0,0.0,12618.0,4,6.643,99.91,0.27,139.8,392.93
47.682,3,3,342.0,100.0,0.0,12618.0,4,6.643,99.91,0.27,142.69,391.49
47.699,3,3,342.0,100.0,0.0,12618.0,4,6.643,99.91,0.27,145.58,390.04
47.716,3,3,342.0,100.0,0.0,12618.0,4,6.643,99.91,0.27,148.47,388.6
47.733,3,3,342.0,100.0,0.0,12618.0,4,6.643,99.91,0.27,151.29,387.03
47.749,3,3,342.0,100.0,0.0,12618.0,4,6.643,99.91,0.27,153.88,385.44
47.765,3,3,342.0,100.0,0.0,12618.0,4,6.643,99.91,0.27,156.4,383.74
47.782,3,3,342.0,100.0,0.0,12618.0,4,6.643,99.91,0.27,159.0,381.82
47.798,3,3,342.0,100.0,0.0,12618.0,4,6.643,99.91,0.27,161.36,379.9
47.815,3,3,342.0,100.0,0.0,12618.0,4,6.643,99.91,0.27,163.78,377.76
47.832,3,3,342.0,100.0,0.0,12618.0,4,6.643,99.91,0.27,166.1,375.52
47.849,3,3,342.0,100.0,0.0,12618.0,4,6.643,99.91,0.27,168.32,373.17
47.866,3,3,342.0,100.0,0.0,12618.0,4,6.643,99.91,0.27,170.32,370.88
47.882,3,3,342.0,100.0,0.0,12618.0,4,6.643,99.91,0.27,172.21,368.5
47.898,3,3,342.0,100.0,0.0,12618.0,4,6.643,99.91,0.27,174.1,365.88
47.915,3,3,342.0,100.0,0.0,12618.0,4,6.643,99.91,0.27,175.89,363.19
47.932,3,3,342.0,100.0,0.0,12618.0,4,6.643,99.91,0.27,177.55,360.42
47.949,3,3,342.0,100.0,0.0,12618.0,4,6.643,99.91,0.27,179.09,357.58
47.966,3,3,342.0,100.0,0.0,12618.0,4,6.643,99.91,0.27,180.5,354.68
47.983,3,3,342.0,100.0,0.0,12618.0,4,6.643,99.91,0.27,181.79,351.72
48.001,3,3,342.0,100.0,0.0,12618.0,4,6.643,99.91,0.27,183.01,348.52
48.018,3,3,342.0,100.0,0.0,12618.0,4,6.643,99.91,0.27,184.04,345.46
48.034,3,3,342.0,100.0,0.0,12618.0,4,6.643,99.91,0.27,184.87,342.54
48.05,3,3,342.0,100.0,0.0,12618.0,4,6.643,99.91,0.27,185.58,339.58
48.067,3,3,342.0,100.0,0.0,12618.0,4,6.643,99.91,0.27,186.2,336.41
48.084,3,3,342.0,100.0,0.0,12618.0,4,6.643,99.91,0.27,186.67,333.21
48.101,3,3,342.0,100.0,0.0,12618.0,4,6.643,99.91,0.27,187.01,330.0
48.118,3,3,342.0,100.0,0.0,12618.0,4,6.643,99.91,0.27,187.2,326.78
48.135,3,3,342.0,100.0,0.0,12618.0,4,6.643,99.91,0.27,187.26,323.55
48.153,3,3,342.0,100.0,0.0,12618.0,4,6.643,99.91,0.27,187.17,320.32
48.169,3,3,342.0,100.0,0.0,12618.0,4,6.643,99.91,0.27,186.96,317.29
48.185,3,3,342.0,100.0,0.0,12618.0,4,6.643,99.91,0.27,186.59,314.08
48.202,3,3,342.0,100.0,0.0,12618.0,4,6.643,99.91,0.27,186.08,310.89
48.218,3,3,342.0,100.0,0.0,12618.0,4,6.643,99.91,0.27,185.48,307.91
48.235,3,3,342.0,100.0,0.0,12618.0,4,6.643,99.91,0.27,184.69,304.77
48.252,3,3,342.0,100.0,0.0,12618.0,4,6.643,99.91,0.27,183.83,301.86
48.267,3,3,342.0,100.0,0.0,12618.0,4,6.643,99.91,0.27,182.84,298.99
48.284,3,3,342.0,100.0,0.0,12618.0,4,6.643,99.91,0.27,181.72,296.16
48.301,3,3,342.0,100.0,0.0,12618.0,4,6.643,99.91,0.27,180.41,293.21
48.317,3,3,342.0,100.0,0.0,12618.0,4,6.643,99.91,0.27,178.96,290.32
48.334,3,3,342.0,100.0,0.0,12618.0,4,6.643,99.91,0.27,177.4,287.49
48.351,3,3,342.0,100.0,0.0,12618.0,4,6.643,99.91,0.27,175.81,284.9
48.367,3,3,342.0,100.0,0.0,12618.0,4,6.643,99.91,0.27,174.0,282.23
48.384,3,3,342.0,100.0,0.0,12618.0,4,6.643,99.91,0.27,172.3,279.71
48.399,3,3,342.0,100.0,0.0,12618.0,4,6.643,99.91,0.27,170.6,277.19
48.416,3,3,342.0,100.0,0.0,12618.0,4,6.643,99.91,0.27,168.91,274.43
48.433,3,3,342.0,100.0,0.0,12618.0,4,6.643,99.91,0.27,167.43,271.78
48.449,3,3,342.0,100.0,0.0,12618.0,4,6.643,99.91,0.27,166.07,269.06
48.465,3,3,342.0,100.0,0.0,12618.0,4,6.643,99.91,0.27,164.76,266.11
48.482,3,3,342.0,100.0,0.0,12618.0,4,6.643,99.91,0.27,163.57,263.1
48.499,3,3,342.0,100.0,0.0,12618.0,4,6.643,99.91,0.27,162.58,260.23
48.515,3,3,342.0,100.0,0.0,12618.0,4,6.643,99.91,0.27,161.66,257.13
48.532,3,3,342.0,100.0,0.0,12618.0,4,6.643,99.91,0.27,160.93,254.18
48.548,3,3,342.0,100.0,0.0,12618.0,4,6.643,99.91,0.27,160.28,251.02
48.565,3,3,342.0,100.0,0.0,12618.0,4,6.643,99.91,0.27,159.77,247.83
48.582,3,3,342.0,100.0,0.0,12618.0,4,6.643,99.91,0.27,159.43,244.81
48.597,3,3,342.0,100.0,0.0,12618.0,4,6.643,99.91,0.27,159.22,241.77
48.614,3,3,342.0,100.0,0.0,12618.0,4,6.643,99.91,0.27,159.13,238.54
48.631,3,3,342.0,100.0,0.0,12618.0,4,6.643,99.91,0.27,159.18,235.51
48.646,3,3,342.0,100.0,0.0,12618.0,4,6.643,99.91,0.27,159.36,232.47
48.663,3,3,342.0,100.0,0.0,12618.0,4,6.643,99.91,0.27,159.7,229.26
48.68,3,3,342.0,100.0,0.0,12618.0,4,6.643,99.91,0.27,160.15,226.25
48.696,3,3,342.0,100.0,0.0,12618.0,4,6.643,99.91,0.27,160.76,223.08
48.713,3,3,342.0,100.0,0.0,12618.0,4,6.643,99.91,0.27,161.52,219.94
48.731,3,3,342.0,100.0,0.0,12618.0,4,6.643,99.91,0.27,162.4,216.83
48.747,3,3,342.0,100.0,0.0,12618.0,4,6.643,99.91,0.27,163.37,213.95
48.763,3,3,342.0,100.0,0.0,12618.0,4,6.643,99.91,0.27,164.52,210.93
48.78,3,3,342.0,100.0,0.0,12618.0,4,6.643,99.91,0.27,165.73,208.15
48.796,3,3,342.0,100.0,0.0,12618.0,4,6.643,99.91,0.27,167.15,205.24
48.813,3,3,342.0,100.0,0.0,12618.0,4,6.643,99.91,0.27,168.69,202.4
48.831,4,1,342.0,100.0,0.0,12618.0,4,6.643,99.91,0.27,170.45,199.47
48.848,4,1,342.0,100.0,0.0,12618.0,4,6.643,99.91,0.27,172.23,196.78
48.865,4,1,342.0,100.0,0.0,12618.0,4,6.643,99.91,0.27,174.13,194.16
48.882,4,1,342.0,100.0,0.0,12618.0,4,6.643,99.91,0.27,176.02,191.78
48.897,4,1,342.0,100.0,0.0,12618.0,4,6.643,99.91,0.27,178.01,189.49
48.913,4,1,342.0,100.0,0.0,12618.0,4,6.643,99.91,0.27,180.1,187.28
48.93,4,1,342.0,100.0,0.0,12618.0,4,6.643,99.91,0.27,182.43,185.04
48.947,4,1,342.0,100.0,0.0,12618.0,4,6.643,99.91,0.27,184.84,182.89
48.964,4,1,342.0,100.0,0.0,12618.0,4,6.643,99.91,0.27,187.21,180.98
48.98,4,1,342.0,100.0,0.0,12618.0,4,6.643,99.91,0.27,189.8,179.06
48.997,4,1,342.0,100.0,0.0,12618.0,4,6.643,99.91,0.27,192.48,177.25
49.014,4,1,342.0,100.0,0.0,12618.0,4,6.643,99.91,0.27,195.07,175.66
49.03,4,1,342.0,100.0,0.0,12618.0,4,6.643,99.91,0.27,197.73,174.19
49.046,4,1,342.0,100.0,0.0,12618.0,4,6.643,99.91,0.27,200.62,172.74
49.063,4,1,342.0,100.0,0.0,12618.0,4,6.643,99.91,0.27,203.39,171.5
49.079,4,1,342.0,100.0,0.0,12618.0,4,6.643,99.91,0.27,206.4,170.32
49.095,4,1,342.0,100.0,0.0,12618.0,4,6.643,99.91,0.27,209.27,169.33
49.112,4,1,342.0,100.0,0.0,12618.0,4,6.643,99.91,0.27,212.37,168.41
49.129,4,1,342.0,100.0,0.0,12618.0,4,6.643,99.91,0.27,215.5,167.63
49.146,4,1,342.0,100.0,0.0,12618.0,4,6.643,99.91,0.27,218.67,166.98
49.163,4,1,342.0,100.0,0.0,12618.0,4,6.643,99.91,0.27,221.86,166.47
49.181,4,1,342.0,100.0,0.0,12618.0,4,6.643,99.91,0.27,225.07,166.11
49.197,4,1,342.0,100.0,0.0,12618.0,4,6.643,99.91,0.27,228.29,165.88
49.214,4,1,342.0,100.0,0.0,12618.0,4,6.643,99.91,0.27,231.33,165.8
49.23,4,1,342.0,100.0,0.0,12618.0,4,6.643,99.91,0.27,234.37,165.85
49.246,4,1,342.0,100.0,0.0,12618.0,4,6.643,99.91,0.27,237.59,166.05
49.263,4,1,342.0,100.0,0.0,12618.0,4,6.643,99.91,0.27,240.61,166.36
49.279,4,1,342.0,100.0,0.0,12618.0,4,6.643,99.91,0.27,243.64,166.68
49.294,4,1,342.0,100.0,0.0,12618.0,4,6.643,99.91,0.27,246.67,166.86
49.311,4,1,342.0,100.0,0.0,12618.0,4,6.643,99.91,0.27,249.71,166.91
49.327,4,1,342.0,100.0,0.0,12618.0,4,6.643,99.91,0.27,252.94,166.83
49.343,4,1,342.0,100.0,0.0,12618.0,4,6.643,99.91,0.27,255.97,166.61
49.361,4,1,342.0,100.0,0.0,12618.0,4,6.643,99.91,0.27,259.37,166.23
49.377,4,1,342.0,100.0,0.0,12618.0,4,6.643,99.91,0.27,262.37,165.75
49.394,4,1,342.0,100.0,0.0,12618.0,4,6.643,99.9,0.27,265.54,165.1
49.411,4,1,342.0,100.0,0.0,12618.0,4,6.643,99.9,0.27,268.67,164.32
49.427,4,1,342.0,100.0,0.0,12618.0,4,6.643,99.9,0.28,271.59,163.45
49.444,4,1,342.0,100.0,0.0,12618.0,4,6.643,99.9,0.28,274.64,162.4
49.461,4,1,342.0,100.0,0.0,12618.0,4,6.643,99.9,0.28,277.64,161.22
49.479,4,1,342.0,100.0,0.0,12618.0,4,6.643,99.9,0.28,280.59,159.9
49.495,4,1,342.0,100.0,0.0,12618.0,4,6.643,99.9,0.28,283.31,158.54
49.512,4,1,342.0,100.0,0.0,12618.0,4,6.643,99.9,0.28,286.3,156.88
49.529,4,1,342.0,100.0,0.0,12618.0,4,6.643,99.9,0.28,289.06,155.19
49.546,4,1,342.0,100.0,0.0,12618.0,4,6.643,99.9,0.28,291.73,153.39
49.563,4,1,342.0,100.0,0.0,12618.0,4,6.643,99.9,0.28,294.18,151.58
49.578,4,1,342.0,100.0,0.0,12618.0,4,6.643,99.9,0.28,296.54,149.66
49.595,4,1,342.0,100.0,0.0,12618.0,4,6.643,99.9,0.28,298.81,147.65
49.611,4,1,342.0,100.0,0.0,12618.0,4,6.643,99.9,0.28,301.14,145.4
49.628,4,1,342.0,100.0,0.0,12618.0,4,6.643,99.9,0.28,303.36,143.06
49.645,4,1,342.0,100.0,0.0,12618.0,4,6.643,99.9,0.28,305.35,140.76
49.661,4,1,342.0,100.0,0.0,12618.0,4,6.643,99.9,0.28,307.24,138.38
49.677,4,1,342.0,100.0,0.0,12618.0,4,6.643,99.9,0.28,309.14,136.0
49.693,4,1,342.0,100.0,0.0,12618.0,4,6.643,99.9,0.28,311.13,133.71
49.709,4,1,342.0,100.0,0.0,12618.0,4,6.643,99.9,0.28,313.35,131.36
49.726,4,1,342.0,100.0,0.0,12618.0,4,6.643,99.9,0.28,315.67,129.12
49.743,4,1,342.0,100.0,0.0,12618.0,4,6.643,99.9,0.28,317.95,127.1
49.759,4,1,342.0,100.0,0.0,12618.0,4,6.643,99.9,0.28,320.46,125.07
49.776,4,1,342.0,100.0,0.0,12618.0,4,6.643,99.9,0.28,323.05,123.15
49.793,4,1,342.0,100.0,0.0,12618.0,4,6.643,99.9,0.28,325.57,121.45
49.809,4,1,342.0,100.0,0.0,12618.0,4,6.643,99.9,0.28,328.33,119.76
49.826,4,1,342.0,100.0,0.0,12618.0,4,6.643,99.9,0.28,331.15,118.19
49.843,4,1,342.0,100.0,0.0,12618.0,4,6.643,99.9,0.28,334.04,116.75
49.859,4,1,342.0,100.0,0.0,12618.0,4,6.643,99.9,0.28,336.82,115.51
49.876,4,1,342.0,100.0,0.0,12618.0,4,6.643,99.9,0.28,339.82,114.32
49.892,4,1,342.0,100.0,0.0,12618.0,4,6.643,99.9,0.28,342.7,113.33
49.909,4,1,342.0,100.0,0.0,12618.0,4,6.643,99.9,0.28,345.61,112.47
49.924,4,1,342.0,100.0,0.0,12618.0,4,6.643,99.9,0.28,348.56,111.73
49.941,4,1,342.0,100.0,0.0,12618.0,4,6.643,99.9,0.28,351.54,111.12
49.957,4,1,342.0,100.0,0.0,12618.0,4,6.643,99.9,0.28,354.73,110.62
49.973,4,1,342.0,100.0,0.0,12618.0,4,6.643,99.9,0.28,357.75,110.27
49.99,4,1,342.0,100.0,0.0,12618.0,4,6.643,99.9,0.28,360.78,110.06
50.005,4,1,342.0,100.0,0.0,12618.0,4,6.643,99.9,0.28,363.82,109.98
50.022,4,1,342.0,100.0,0.0,12618.0,4,6.643,99.9,0.28,366.86,110.03
50.038,4,1,342.0,100.0,0.0,12618.0,4,6.643,99.9,0.28,369.89,110.21
50.054,4,1,342.0,100.0,0.0,12618.0,4,6.643,99.9,0.28,373.11,110.55
50.071,4,1,342.0,100.0,0.0,12618.0,4,6.643,99.9,0.28,376.11,111.0
50.086,4,1,342.0,100.0,0.0,12618.0,4,6.643,99.9,0.28,379.1,111.57
50.103,4,1,342.0,100.0,0.0,12618.0,4,6.643,99.9,0.28,382.24,112.33
50.119,4,1,342.0,100.0,0.0,12618.0,4,6.643,99.9,0.28,385.16,113.16
50.136,4,1,342.0,100.0,0.0,12618.0,4,6.643,99.9,0.28,388.22,114.19
50.153,4,1,342.0,100.0,0.0,12618.0,4,6.643,99.9,0.28,391.24,115.34
50.17,4,1,342.0,100.0,0.0,12618.0,4,6.643,99.9,0.28,394.2,116.63
50.187,4,1,342.0,100.0,0.0,12618.0,4,6.643,99.9,0.28,396.94,117.96
50.203,4,1,342.0,100.0,0.0,12618.0,4,6.643,99.9,0.28,399.78,119.5
50.22,4,1,342.0,100.0,0.0,12618.0,4,6.643,99.9,0.28,402.38,121.06
50.237,4,1,342.0,100.0,0.0,12618.0,4,6.643,99.9,0.28,405.08,122.85
50.253,4,1,342.0,100.0,0.0,12618.0,4,6.643,99.9,0.28,407.54,124.63
50.269,4,1,342.0,100.0,0.0,12618.0,4,6.643,99.9,0.28,410.07,126.64
50.286,4,1,342.0,100.0,0.0,12618.0,4,6.643,99.9,0.28,412.5,128.76
50.303,4,1,342.0,100.0,0.0,12618.0,4,6.643,99.9,0.28,414.85,130.98
50.32,4,1,342.0,100.0,0.0,12618.0,4,6.643,99.9,0.28,416.96,133.17
50.336,4,1,342.0,100.0,0.0,12618.0,4,6.643,99.9,0.28,418.98,135.44
50.352,4,1,342.0,100.0,0.0,12618.0,4,6.643,99.9,0.28,421.01,137.95
50.368,4,1,342.0,100.0,0.0,12618.0,4,6.643,99.9,0.28,422.82,140.39
50.384,4,1,342.0,100.0,0.0,12618.0,4,6.643,99.9,0.28,424.52,142.91
50.4,4,1,342.0,100.0,0.0,12618.0,4,6.643,99.9,0.28,426.11,145.5
50.417,4,1,342.0,100.0,0.0,12618.0,4,6.643,99.9,0.28,427.7,148.1
50.434,4,1,342.0,100.0,0.0,12618.0,4,6.643,99.9,0.28,429.39,150.85
50.449,4,1,342.0,100.0,0.0,12618.0,4,6.643,99.9,0.28,430.98,153.44
50.466,4,1,342.0,100.0,0.0,12618.0,4,6.643,99.9,0.28,432.68,155.96
50.483,4,1,342.0,100.0,0.0,12618.0,4,6.643,99.9,0.28,434.6,158.56
50.499,4,1,342.0,100.0,0.0,12618.0,4,6.643,99.9,0.28,436.52,160.92
50.514,4,1,342.0,100.0,0.0,12618.0,4,6.643,99.9,0.28,438.53,163.19
50.531,4,1,342.0,100.0,0.0,12618.0,4,6.643,99.9,0.28,440.78,165.52
50.547,4,1,342.0,100.0,0.0,12618.0,4,6.643,99.9,0.28,442.98,167.61
50.564,4,1,342.0,100.0,0.0,12618.0,4,6.643,99.9,0.28,445.42,169.72
50.581,4,1,342.0,100.0,0.0,12618.0,4,6.643,99.9,0.28,447.8,171.62
50.597,4,1,342.0,100.0,0.0,12618.0,4,6.643,99.9,0.28,450.26,173.4
50.613,4,1,342.0,100.0,0.0,12618.0,4,6.643,99.9,0.28,452.96,175.18
50.63,4,1,342.0,100.0,0.0,12618.0,4,6.643,99.9,0.28,455.73,176.85
50.647,4,1,342.0,100.0,0.0,12618.0,4,6.643,99.9,0.28,458.57,178.38
50.664,4,1,342.0,100.0,0.0,12618.0,4,6.643,99.9,0.28,461.3,179.72
50.681,4,1,342.0,100.0,0.0,12618.0,4,6.643,99.9,0.28,464.44,181.08
50.698,4,1,342.0,100.0,0.0,12618.0,4,6.643,99.9,0.28,467.45,182.23
50.715,4,1,342.0,100.0,0.0,12618.0,4,6.643,99.9,0.28,470.52,183.26
50.732,4,1,342.0,100.0,0.0,12618.0,4,6.643,99.9,0.28,473.62,184.15
50.748,4,1,342.0,100.0,0.0,12618.0,4,6.643,99.9,0.28,476.58,184.85
50.765,4,1,342.0,100.0,0.0,12618.0,4,6.643,99.9,0.28,479.75,185.47
50.782,4,1,342.0,100.0,0.0,12618.0,4,6.643,99.9,0.28,482.94,185.95
50.799,4,1,342.0,100.0,0.0,12618.0,4,6.643,99.9,0.28,485.97,186.26
50.815,4,1,342.0,100.0,0.0,12618.0,4,6.643,99.9,0.28,489.19,186.46
50.833,4,1,342.0,100.0,0.0,12618.0,4,6.643,99.9,0.28,492.42,186.51
50.848,4,1,342.0,100.0,0.0,12618.0,4,6.643,99.9,0.28,495.46,186.43
50.865,4,1,342.0,100.0,0.0,12618.0,4,6.643,99.9,0.28,498.49,186.22
50.881,4,1,342.0,100.0,0.0,12618.0,4,6.643,99.9,0.28,501.51,185.87
50.897,4,1,342.0,100.0,0.0,12618.0,4,6.643,99.9,0.28,504.51,185.39
50.913,4,1,342.0,100.0,0.0,12618.0,4,6.643,99.9,0.28,507.68,184.75
50.93,4,1,342.0,100.0,0.0,12618.0,4,6.643,99.9,0.28,510.63,184.01
50.945,4,1,342.0,100.0,0.0,12618.0,4,6.643,99.9,0.28,513.54,183.15
50.962,4,1,342.0,100.0,0.0,12618.0,4,6.643,99.9,0.28,516.6,182.09
50.979,4,1,342.0,100.0,0.0,12618.0,4,6.643,99.9,0.28,519.6,180.91
50.996,4,1,342.0,100.0,0.0,12618.0,4,6.643,99.9,0.28,522.55,179.59
51.013,4,1,342.0,100.0,0.0,12618.0,4,6.643,99.9,0.28,525.27,178.24
51.029,4,1,342.0,100.0,0.0,12618.0,4,6.643,99.9,0.28,528.1,176.67
51.046,4,1,342.0,100.0,0.0,12618.0,4,6.643,99.9,0.28,530.69,175.08
51.061,4,1,342.0,100.0,0.0,12618.0,4,6.643,99.9,0.28,533.21,173.38
51.078,4,1,342.0,100.0,0.0,12618.0,4,6.643,99.9,0.28,535.65,171.57
51.094,4,1,342.0,100.0,0.0,12618.0,4,6.643,99.9,0.28,538.16,169.53
51.111,4,1,342.0,100.0,0.0,12618.0,4,6.643,99.9,0.28,540.58,167.39
51.128,4,1,342.0,100.0,0.0,12618.0,4,6.643,99.9,0.28,542.76,165.28
51.144,4,1,342.0,100.0,0.0,12618.0,4,6.643,99.9,0.28,544.98,162.94
51.16,4,1,342.0,100.0,0.0,12618.0,4,6.643,99.9,0.28,546.98,160.64
51.178,4,1,342.0,100.0,0.0,12618.0,4,6.643,99.9,0.28,548.99,158.11
51.194,4,1,342.0,100.0,0.0,12618.0,4,6.643,99.9,0.28,550.88,155.5
51.211,4,1,342.0,100.0,0.0,12618.0,4,6.643,99.9,0.28,552.67,152.8
51.227,4,1,342.0,100.0,0.0,12618.0,4,6.643,99.9,0.28,554.23,150.2
51.245,4,1,342.0,100.0,0.0,12618.0,4,6.643,99.9,0.29,555.77,147.36
51.261,4,1,342.0,100.0,0.0,12618.0,4,6.643,99.9,0.29,557.1,144.62
51.277,4,1,342.0,100.0,0.0,12618.0,4,6.643,99.9,0.29,558.31,141.84
51.294,4,1,342.0,100.0,0.0,12618.0,4,6.643,99.9,0.29,559.47,138.82
51.31,4,1,342.0,100.0,0.0,12618.0,4,6.643,99.9,0.29,560.49,135.76
51.327,4,1,342.0,100.0,0.0,12618.0,4,6.643,99.9,0.29,561.38,132.65
51.345,4,1,342.0,100.0,0.0,12618.0,4,6.643,99.9,0.29,562.27,129.55
51.361,4,1,342.0,100.0,0.0,12618.0,4,6.643,99.9,0.29,563.29,126.48
51.378,4,1,342.0,100.0,0.0,12618.0,4,6.643,99.9,0.29,564.38,123.64
51.394,4,1,342.0,100.0,0.0,12618.0,4,6.643,99.9,0.29,565.67,120.68
51.411,4,1,342.0,100.0,0.0,12618.0,4,6.643,99.9,0.29,567.0,117.95
51.427,4,1,342.0,100.0,0.0,12618.0,4,6.643,99.9,0.29,568.54,115.11
51.444,4,1,342.0,100.0,0.0,12618.0,4,6.643,99.9,0.29,570.2,112.34
51.461,4,1,342.0,100.0,0.0,12618.0,4,6.643,99.9,0.29,571.98,109.64
51.478,4,1,342.0,100.0,0.0,12618.0,4,6.643,99.9,0.29,573.88,107.03
51.494,4,1,342.0,100.0,0.0,12618.0,4,6.643,99.9,0.29,575.77,104.65
51.51,4,1,342.0,100.0,0.0,12618.0,4,6.643,99.9,0.29,577.76,102.35
51.526,4,1,342.0,100.0,0.0,12618.0,4,6.643,99.9,0.29,579.85,100.15
51.543,4,1,342.0,100.0,0.0,12618.0,4,6.643,99.9,0.29,582.04,98.04
51.559,4,1,342.0,100.0,0.0,12618.0,4,6.643,99.9,0.29,584.46,95.89
51.576,4,1,342.0,100.0,0.0,12618.0,4,6.643,99.9,0.29,586.97,93.86
51.594,4,1,342.0,100.0,0.0,12618.0,4,6.643,99.9,0.29,589.56,91.94
51.609,4,1,342.0,100.0,0.0,12618.0,4,6.643,99.9,0.29,592.08,90.24
51.626,4,1,342.0,100.0,0.0,12618.0,4,6.643,99.9,0.29,594.84,88.55
51.643,4,1,342.0,100.0,0.0,12618.0,4,6.643,99.9,0.29,597.49,87.07
51.658,4,1,342.0,100.0,0.0,12618.0,4,6.643,99.9,0.29,600.21,85.71
51.675,4,1,342.0,100.0,0.0,12618.0,4,6.643,99.9,0.29,602.99,84.48
51.691,4,1,342.0,100.0,0.0,12618.0,4,6.643,99.9,0.29,605.82,83.36
51.706,4,1,342.0,100.0,0.0,12618.0,4,6.643,99.9,0.29,608.69,82.37
51.723,4,1,342.0,100.0,0.0,12618.0,4,6.643,99.9,0.29,611.79,81.45
51.739,4,1,342.0,100.0,0.0,12618.0,4,6.643,99.9,0.29,614.74,80.71
51.756,4,1,342.0,100.0,0.0,12618.0,4,6.643,99.9,0.29,617.9,80.07
51.773,4,1,342.0,100.0,0.0,12618.0,4,6.643,99.9,0.29,621.09,79.56
51.789,4,1,342.0,100.0,0.0,12618.0,4,6.643,99.9,0.29,624.11,79.22
51.806,4,1,342.0,100.0,0.0,12618.0,4,6.643,99.9,0.29,627.34,78.99
51.822,4,1,342.0,100.0,0.0,12618.0,4,6.643,99.9,0.29,630.37,78.91
51.838,4,1,342.0,100.0,0.0,12618.0,4,6.643,99.9,0.29,633.41,78.96
51.856,4,1,342.0,100.0,0.0,12618.0,4,6.643,99.9,0.29,636.64,79.15
51.872,4,1,342.0,100.0,0.0,12618.0,4,6.643,99.9,0.29,639.85,79.49
51.889,4,1,342.0,100.0,0.0,12618.0,4,6.643,99.9,0.29,643.05,79.97
51.906,4,1,342.0,100.0,0.0,12618.0,4,6.643,99.9,0.29,646.22,80.58
51.923,4,1,342.0,100.0,0.0,12618.0,4,6.643,99.9,0.29,649.17,81.29
51.939,4,1,342.0,100.0,0.0,12618.0,4,6.643,99.9,0.29,652.28,82.18
51.955,4,1,342.0,100.0,0.0,12618.0,4,6.643,99.9,0.29,655.16,83.14
51.972,4,1,342.0,100.0,0.0,12618.0,4,6.643,99.9,0.29,658.18,84.3
51.989,4,1,342.0,100.0,0.0,12618.0,4,6.643,99.9,0.29,661.14,85.58
52.006,4,1,342.0,100.0,0.0,12618.0,4,6.643,99.9,0.29,664.04,87.0
52.023,4,1,342.0,100.0,0.0,12618.0,4,6.643,99.9,0.29,666.88,88.54
52.039,4,1,342.0,100.0,0.0,12618.0,4,6.643,99.9,0.29,669.49,90.1
52.056,4,1,342.0,100.0,0.0,12618.0,4,6.643,99.9,0.29,672.03,91.78
52.072,4,1,342.0,100.0,0.0,12618.0,4,6.643,99.9,0.29,674.64,93.68
52.089,4,1,342.0,100.0,0.0,12618.0,4,6.643,99.9,0.29,677.18,95.35
52.105,4,1,342.0,100.0,0.0,12618.0,4,6.643,99.9,0.29,679.94,97.02
52.122,4,1,342.0,100.0,0.0,12618.0,4,6.643,99.9,0.29,682.78,98.56
52.139,4,1,342.0,100.0,0.0,12618.0,4,6.643,99.9,0.29,685.69,99.97
52.156,4,1,342.0,100.0,0.0,12618.0,4,6.643,99.9,0.29,688.65,101.26
52.173,4,1,342.0,100.0,0.0,12618.0,4,6.643,99.9,0.29,691.49,102.34
52.19,4,1,342.0,100.0,0.0,12618.0,4,6.643,99.9,0.29,694.73,103.43
52.207,4,1,342.0,100.0,0.0,12618.0,4,6.643,99.9,0.29,697.84,104.32
52.223,4,1,342.0,100.0,0.0,12618.0,4,6.643,99.9,0.29,700.79,105.02
52.239,4,1,342.0,100.0,0.0,12618.0,4,6.643,99.9,0.29,703.78,105.6
52.256,4,1,342.0,100.0,0.0,12618.0,4,6.643,99.9,0.29,706.97,106.08
52.273,4,1,342.0,100.0,0.0,12618.0,4,6.643,99.9,0.29,710.19,106.42
52.29,4,1,342.0,100.0,0.0,12618.0,4,6.643,99.9,0.29,713.41,106.61
52.307,4,1,342.0,100.0,0.0,12618.0,4,6.643,99.9,0.29,716.45,106.66
52.323,4,1,342.0,100.0,0.0,12618.0,4,6.643,99.9,0.29,719.68,106.58
52.34,4,1,342.0,100.0,0.0,12618.0,4,6.643,99.9,0.29,722.9,106.35
52.357,4,1,342.0,100.0,0.0,12618.0,4,6.643,99.9,0.29,726.11,105.98
52.373,4,1,342.0,100.0,0.0,12618.0,4,6.643,99.9,0.29,729.11,105.5
52.39,4,1,342.0,100.0,0.0,12618.0,4,6.643,99.9,0.29,732.28,104.86
52.407,4,1,342.0,100.0,0.0,12618.0,4,6.643,99.9,0.29,735.41,104.08
52.425,4,1,342.0,100.0,0.0,12618.0,4,6.643,99.9,0.29,738.69,103.1
52.441,4,1,342.0,100.0,0.0,12618.0,4,6.643,99.9,0.29,741.56,102.11
52.458,4,1,342.0,100.0,0.0,12618.0,4,6.643,99.9,0.29,744.57,100.93
52.475,4,1,342.0,100.0,0.0,12618.0,4,6.643,99.9,0.29,747.52,99.61
52.491,4,1,342.0,100.0,0.0,12618.0,4,6.643,99.9,0.29,750.24,98.25
52.507,4,1,342.0,100.0,0.0,12618.0,4,6.643,99.9,0.29,752.9,96.78
52.524,4,1,342.0,100.0,0.0,12618.0,4,6.643,99.9,0.29,755.49,95.19
52.539,4,1,342.0,100.0,0.0,12618.0,4,6.643,99.9,0.29,758.01,93.49
52.556,4,1,342.0,100.0,0.0,12618.0,4,6.643,99.9,0.29,760.6,91.57
52.574,4,1,342.0,100.0,0.0,12618.0,4,6.643,99.9,0.29,763.26,89.41
52.591,4,1,342.0,100.0,0.0,12618.0,4,6.643,99.9,0.29,765.54,87.4
52.607,4,1,342.0,100.0,0.0,12618.0,4,6.643,99.9,0.29,767.81,85.38
52.622,4,1,342.0,100.0,0.0,12618.0,4,6.643,99.9,0.29,770.09,83.37
52.639,4,1,342.0,100.0,0.0,12618.0,4,6.643,99.9,0.29,772.5,81.22
52.656,4,1,342.0,100.0,0.0,12618.0,4,6.643,99.9,0.29,774.78,79.21
52.673,4,1,342.0,100.0,0.0,12618.0,4,6.643,99.9,0.29,777.2,77.07
52.689,4,1,342.0,100.0,0.0,12618.0,4,6.643,99.9,0.29,779.47,75.05
52.705,4,1,342.0,100.0,0.0,12618.0,4,6.643,99.9,0.29,781.75,73.04
52.721,4,1,342.0,100.0,0.0,12618.0,4,6.643,99.9,0.29,784.03,71.02
52.736,4,1,342.0,100.0,0.0,12618.0,4,6.643,99.9,0.29,786.39,69.11
52.752,4,1,342.0,100.0,0.0,12618.0,4,6.643,99.9,0.29,788.83,67.3
52.769,4,1,342.0,100.0,0.0,12618.0,4,6.643,99.9,0.29,791.51,65.49
52.786,4,1,342.0,100.0,0.0,12618.0,4,6.643,99.9,0.29,794.26,63.8
52.802,4,1,342.0,100.0,0.0,12618.0,4,6.643,99.9,0.29,796.92,62.32
52.818,4,1,342.0,100.0,0.0,12618.0,4,6.643,99.9,0.29,799.64,60.97
52.836,4,1,342.0,100.0,0.0,12618.0,4,6.643,99.9,0.29,802.59,59.65
52.851,4,1,342.0,100.0,0.0,12618.0,4,6.643,99.9,0.29,805.42,58.54
52.869,4,1,342.0,100.0,0.0,12618.0,4,6.643,99.9,0.29,808.47,57.48
52.884,4,1,342.0,100.0,0.0,12618.0,4,6.643,99.9,0.29,811.38,56.62
52.901,4,1,342.0,100.0,0.0,12618.0,4,6.643,99.9,0.29,814.33,55.88
52.916,4,1,342.0,100.0,0.0,12618.0,4,6.643,99.9,0.29,817.31,55.27
52.932,4,1,342.0,100.0,0.0,12618.0,4,6.643,99.9,0.29,820.31,54.8
52.949,4,1,342.0,100.0,0.0,12618.0,4,6.643,99.9,0.29,823.52,54.43
52.966,4,1,342.0,100.0,0.0,12618.0,4,6.643,99.9,0.29,826.56,54.22
52.983,4,1,342.0,100.0,0.0,12618.0,4,6.643,99.9,0.29,829.79,54.13
52.998,4,1,342.0,100.0,0.0,12618.0,4,6.643,99.9,0.29,832.82,54.18
53.014,4,1,342.0,100.0,0.0,12618.0,4,6.643,99.9,0.29,835.86,54.37
53.031,4,1,342.0,100.0,0.0,12618.0,4,6.643,99.9,0.29,838.88,54.68
53.047,4,1,342.0,100.0,0.0,12618.0,4,6.643,99.9,0.3,842.08,55.16
53.064,4,1,342.0,100.0,0.0,12618.0,4,6.643,99.9,0.3,845.25,55.77
53.081,4,1,342.0,100.0,0.0,12618.0,4,6.643,99.9,0.3,848.39,56.52
53.099,4,1,342.0,100.0,0.0,12618.0,4,6.643,99.9,0.3,851.49,57.41
53.115,4,1,342.0,100.0,0.0,12618.0,4,6.643,99.9,0.3,854.56,58.44
53.132,4,1,342.0,100.0,0.0,12618.0,4,6.643,99.9,0.3,857.57,59.59
53.149,4,1,342.0,100.0,0.0,12618.0,4,6.643,99.9,0.3,860.54,60.88
53.166,4,1,342.0,100.0,0.0,12618.0,4,6.643,99.9,0.3,863.27,62.21
53.182,4,1,342.0,100.0,0.0,12618.0,4,6.643,99.9,0.3,866.11,63.75
53.2,4,1,342.0,100.0,0.0,12618.0,4,6.643,99.9,0.3,868.88,65.41
53.215,4,1,342.0,100.0,0.0,12618.0,4,6.643,99.9,0.3,871.41,67.09
53.232,4,1,342.0,100.0,0.0,12618.0,4,6.643,99.9,0.3,874.03,68.99
53.249,4,1,342.0,100.0,0.0,12618.0,4,6.643,99.9,0.3,876.56,71.0
53.265,4,1,342.0,100.0,0.0,12618.0,4,6.643,99.9,0.3,878.85,72.99
53.281,4,1,342.0,100.0,0.0,12618.0,4,6.643,99.9,0.3,881.06,75.08
53.298,4,1,342.0,100.0,0.0,12618.0,4,6.643,99.9,0.3,883.3,77.4
53.315,4,1,342.0,100.0,0.0,12618.0,4,6.643,99.9,0.3,885.45,79.82
53.332,4,1,342.0,100.0,0.0,12618.0,4,6.643,99.9,0.3,887.36,82.18
53.348,4,1,342.0,100.0,0.0,12618.0,4,6.643,99.9,0.3,889.28,84.78
53.366,4,1,342.0,100.0,0.0,12618.0,4,6.643,99.9,0.3,891.09,87.45
53.382,4,1,342.0,100.0,0.0,12618.0,4,6.643,99.9,0.3,892.78,90.21
53.399,4,1,342.0,100.0,0.0,12618.0,4,6.643,99.9,0.3,894.25,92.87
53.414,4,1,342.0,100.0,0.0,12618.0,4,6.643,99.9,0.3,895.61,95.59
53.431,4,1,342.0,100.0,0.0,12618.0,4,6.643,99.9,0.3,896.85,98.36
53.447,4,1,342.0,100.0,0.0,12618.0,4,6.643,99.9,0.3,898.04,101.37
53.464,4,1,342.0,100.0,0.0,12618.0,4,6.643,99.9,0.3,899.09,104.42
53.481,4,1,342.0,100.0,0.0,12618.0,4,6.643,99.9,0.3,899.95,107.34
53.496,4,1,342.0,100.0,0.0,12618.0,4,6.643,99.9,0.3,900.69,110.28
53.512,4,1,342.0,100.0,0.0,12618.0,4,6.643,99.9,0.3,901.3,113.26
53.529,4,1,342.0,100.0,0.0,12618.0,4,6.643,99.9,0.3,901.8,116.45
53.546,4,1,342.0,100.0,0.0,12618.0,4,6.643,99.9,0.3,902.17,119.66
53.563,4,1,342.0,100.0,0.0,12618.0,4,6.643,99.9,0.3,902.4,122.88
53.579,4,1,342.0,100.0,0.0,12618.0,4,6.643,99.9,0.3,902.48,125.92
53.596,4,1,342.0,100.0,0.0,12618.0,4,6.643,99.9,0.3,902.43,128.96
53.611,4,1,342.0,100.0,0.0,12618.0,4,6.643,99.9,0.3,902.24,132.0
53.628,4,1,342.0,100.0,0.0,12618.0,4,6.643,99.9,0.3,901.91,135.21
53.645,4,1,342.0,100.0,0.0,12618.0,4,6.643,99.9,0.3,901.46,138.22
53.661,4,1,342.0,100.0,0.0,12618.0,4,6.643,99.9,0.3,900.85,141.39
53.678,4,1,342.0,100.0,0.0,12618.0,4,6.643,99.9,0.3,900.14,144.34
53.694,4,1,342.0,100.0,0.0,12618.0,4,6.643,99.9,0.3,899.3,147.27
53.71,4,1,342.0,100.0,0.0,12618.0,4,6.643,99.9,0.3,898.34,150.15
53.726,4,1,342.0,100.0,0.0,12618.0,4,6.643,99.9,0.3,897.18,153.17
53.743,4,1,342.0,100.0,0.0,12618.0,4,6.643,99.9,0.3,895.97,155.95
53.759,4,1,342.0,100.0,0.0,12618.0,4,6.643,99.9,0.3,894.56,158.86
53.776,4,1,342.0,100.0,0.0,12618.0,4,6.643,99.9,0.3,893.11,161.53
53.792,4,1,342.0,100.0,0.0,12618.0,4,6.643,99.9,0.3,891.54,164.14
53.808,4,1,342.0,100.0,0.0,12618.0,4,6.643,99.9,0.3,889.76,166.83
53.825,4,1,342.0,100.0,0.0,12618.0,4,6.643,99.9,0.3,887.86,169.45
53.841,4,1,342.0,100.0,0.0,12618.0,4,6.643,99.9,0.3,885.97,171.83
53.858,4,1,342.0,100.0,0.0,12618.0,4,6.643,99.9,0.3,883.98,174.12
53.874,4,1,342.0,100.0,0.0,12618.0,4,6.643,99.9,0.3,881.86,176.56
53.891,4,1,342.0,100.0,0.0,12618.0,4,6.643,99.9,0.3,879.87,178.85
53.908,4,1,342.0,100.0,0.0,12618.0,4,6.643,99.9,0.3,877.75,181.29
53.924,4,1,342.0,100.0,0.0,12618.0,4,6.643,99.9,0.3,875.63,183.73
53.941,4,1,342.0,100.0,0.0,12618.0,4,6.643,99.9,0.3,873.64,186.03
53.957,4,1,342.0,100.0,0.0,12618.0,4,6.643,99.9,0.3,871.65,188.32
53.973,4,1,342.0,100.0,0.0,12618.0,4,6.643,99.9,0.3,869.65,190.62
53.989,4,1,342.0,100.0,0.0,12618.0,4,6.643,99.9,0.3,867.54,193.06
54.006,4,1,342.0,100.0,0.0,12618.0,4,6.643,99.9,0.3,865.42,195.5
54.024,4,1,342.0,100.0,0.0,12618.0,4,6.643,99.9,0.3,863.3,197.93
54.04,4,1,342.0,100.0,0.0,12618.0,4,6.643,99.9,0.3,861.18,200.37
54.057,4,1,342.0,100.0,0.0,12618.0,4,6.643,99.9,0.3,859.06,202.81
54.073,4,1,342.0,100.0,0.0,12618.0,4,6.643,99.9,0.3,857.07,205.11
54.09,4,1,342.0,100.0,0.0,12618.0,4,6.643,99.9,0.3,855.08,207.4
54.106,4,1,342.0,100.0,0.0,12618.0,4,6.643,99.9,0.3,853.08,209.7
54.122,4,1,342.0,100.0,0.0,12618.0,4,6.643,99.9,0.3,850.97,212.14
54.139,4,1,342.0,100.0,0.0,12618.0,4,6.643,99.9,0.3,848.85,214.58
54.156,4,1,342.0,100.0,0.0,12618.0,4,6.643,99.9,0.3,846.86,216.87
54.172,4,1,342.0,100.0,0.0,12618.0,4,6.643,99.9,0.3,844.86,219.17
54.188,4,1,342.0,100.0,0.0,12618.0,4,6.643,99.9,0.3,842.74,221.61
54.206,4,1,342.0,100.0,0.0,12618.0,4,6.643,99.9,0.3,840.63,224.04
54.222,4,1,342.0,100.0,0.0,12618.0,4,6.643,99.9,0.3,838.51,226.48
54.239,4,1,342.0,100.0,0.0,12618.0,4,6.643,99.9,0.3,836.39,228.92
54.256,4,1,342.0,100.0,0.0,12618.0,4,6.643,99.9,0.3,834.27,231.36
54.273,4,1,342.0,100.0,0.0,12618.0,4,6.643,99.9,0.3,832.15,233.8
54.29,4,1,342.0,100.0,0.0,12618.0,4,6.643,99.9,0.3,830.04,236.24
54.307,4,1,342.0,100.0,0.0,12618.0,4,6.643,99.9,0.3,827.92,238.68
54.323,4,1,342.0,100.0,0.0,12618.0,4,6.643,99.9,0.3,825.93,240.97
54.34,4,1,342.0,100.0,0.0,12618.0,4,6.643,99.9,0.3,823.81,243.41
54.356,4,1,342.0,100.0,0.0,12618.0,4,6.643,99.9,0.3,821.81,245.71
54.372,4,1,342.0,100.0,0.0,12618.0,4,6.643,99.9,0.3,819.82,248.0
54.389,4,1,342.0,100.0,0.0,12618.0,4,6.643,99.9,0.3,817.73,250.21
54.404,4,1,342.0,100.0,0.0,12618.0,4,6.643,99.89,0.3,815.54,252.32
54.42,4,1,342.0,100.0,0.0,12618.0,4,6.643,99.89,0.3,813.27,254.34
54.437,4,1,342.0,100.0,0.0,12618.0,4,6.643,99.89,0.3,810.76,256.37
54.453,4,1,342.0,100.0,0.0,12618.0,4,6.643,99.89,0.3,808.32,258.18
54.47,4,1,342.0,100.0,0.0,12618.0,4,6.643,99.89,0.3,805.8,259.88
54.485,4,1,342.0,100.0,0.0,12618.0,4,6.643,99.89,0.3,803.21,261.47
54.502,4,1,342.0,100.0,0.0,12618.0,4,6.643,99.89,0.3,800.38,263.04
54.519,4,1,342.0,100.0,0.0,12618.0,4,6.643,99.89,0.3,797.56,264.6
54.536,4,1,342.0,100.0,0.0,12618.0,4,6.643,99.89,0.3,794.9,266.08
54.551,4,1,342.0,100.0,0.0,12618.0,4,6.643,99.89,0.3,792.24,267.56
54.567,4,1,342.0,100.0,0.0,12618.0,4,6.643,99.89,0.3,789.58,269.03
54.584,4,2,342.0,100.0,0.0,12618.0,4,6.643,99.89,0.3,786.76,270.6
54.601,4,2,342.0,100.0,0.0,12618.0,4,6.643,99.89,0.3,784.1,272.07
54.616,4,2,342.0,100.0,0.0,12618.0,4,6.643,99.89,0.3,781.44,273.55
54.633,4,2,342.0,100.0,0.0,12618.0,4,6.643,99.89,0.3,778.62,275.12
54.65,4,2,342.0,100.0,0.0,12618.0,4,6.643,99.89,0.3,775.79,276.68
54.668,4,2,342.0,100.0,0.0,12618.0,4,6.643,99.89,0.3,772.97,278.25
54.684,4,2,342.0,100.0,0.0,12618.0,4,6.643,99.89,0.3,770.31,279.73
54.7,4,2,342.0,100.0,0.0,12618.0,4,6.643,99.89,0.3,767.49,281.29
54.717,4,2,342.0,100.0,0.0,12618.0,4,6.643,99.89,0.3,764.83,282.77
54.734,4,2,342.0,100.0,0.0,12618.0,4,6.643,99.89,0.3,761.84,284.43
54.751,4,2,342.0,100.0,0.0,12618.0,4,6.643,99.89,0.3,759.01,285.99
54.768,4,2,342.0,100.0,0.0,12618.0,4,6.643,99.89,0.3,756.19,287.56
54.784,4,2,342.0,100.0,0.0,12618.0,4,6.643,99.89,0.3,753.53,289.04
54.801,4,2,342.0,100.0,0.0,12618.0,4,6.643,99.89,0.3,750.71,290.6
54.818,4,2,342.0,100.0,0.0,12618.0,4,6.643,99.89,0.3,747.88,292.17
54.834,4,2,342.0,100.0,0.0,12618.0,4,6.643,99.89,0.3,745.23,293.65
54.851,4,2,342.0,100.0,0.0,12618.0,4,6.643,99.89,0.3,742.4,295.21
54.868,4,2,342.0,100.0,0.0,12618.0,4,6.643,99.89,0.31,739.58,296.78
54.886,4,2,342.0,100.0,0.0,12618.0,4,6.643,99.89,0.31,736.75,298.35
54.902,4,2,342.0,100.0,0.0,12618.0,4,6.643,99.89,0.31,733.93,299.92
54.919,4,2,342.0,100.0,0.0,12618.0,4,6.643,99.89,0.31,731.1,301.48
54.936,4,2,342.0,100.0,0.0,12618.0,4,6.643,99.89,0.31,728.45,302.96
54.952,4,2,342.0,100.0,0.0,12618.0,4,6.643,99.89,0.31,725.62,304.53
54.969,4,2,342.0,100.0,0.0,12618.0,4,6.643,99.89,0.31,722.8,306.09
54.985,4,2,342.0,100.0,0.0,12618.0,4,6.643,99.89,0.31,720.14,307.57
55.003,4,2,342.0,100.0,0.0,12618.0,4,6.643,99.89,0.31,717.32,309.14
55.019,4,2,342.0,100.0,0.0,12618.0,4,6.643,99.89,0.31,714.72,310.73
55.035,4,2,342.0,100.0,0.0,12618.0,4,6.643,99.89,0.31,712.05,312.53
55.052,4,2,342.0,100.0,0.0,12618.0,4,6.643,99.89,0.31,709.45,314.46
55.068,4,2,342.0,100.0,0.0,12618.0,4,6.643,99.89,0.31,707.09,316.37
55.085,4,2,342.0,100.0,0.0,12618.0,4,6.643,99.89,0.31,704.81,318.39
55.101,4,2,342.0,100.0,0.0,12618.0,4,6.643,99.89,0.31,702.49,320.63
55.118,4,2,342.0,100.0,0.0,12618.0,4,6.643,99.89,0.31,700.4,322.84
55.134,4,2,342.0,100.0,0.0,12618.0,4,6.643,99.89,0.31,698.28,325.28
55.151,4,2,342.0,100.0,0.0,12618.0,4,6.643,99.89,0.31,696.27,327.8
55.167,4,2,342.0,100.0,0.0,12618.0,4,6.643,99.89,0.31,694.49,330.26
55.184,4,2,342.0,100.0,0.0,12618.0,4,6.643,99.89,0.31,692.81,332.8
55.2,4,2,342.0,100.0,0.0,12618.0,4,6.643,99.89,0.31,691.15,335.57
55.217,4,2,342.0,100.0,0.0,12618.0,4,6.643,99.89,0.31,689.61,338.41
55.233,4,2,342.0,100.0,0.0,12618.0,4,6.643,99.89,0.31,688.28,341.14
55.25,4,2,342.0,100.0,0.0,12618.0,4,6.643,99.89,0.31,686.99,344.1
55.267,4,2,342.0,100.0,0.0,12618.0,4,6.643,99.89,0.31,685.9,346.94
55.283,4,2,342.0,100.0,0.0,12618.0,4,6.643,99.89,0.31,684.88,350.01
55.3,4,2,342.0,100.0,0.0,12618.0,4,6.643,99.89,0.31,683.99,353.11
55.316,4,2,342.0,100.0,0.0,12618.0,4,6.643,99.89,0.31,683.28,356.07
55.333,4,2,342.0,100.0,0.0,12618.0,4,6.643,99.89,0.31,682.67,359.24
55.35,4,2,342.0,100.0,0.0,12618.0,4,6.643,99.89,0.31,682.22,362.25
55.366,4,2,342.0,100.0,0.0,12618.0,4,6.643,99.89,0.31,681.88,365.46
55.383,4,2,342.0,100.0,0.0,12618.0,4,6.643,99.89,0.31,681.69,368.68
55.399,4,2,342.0,100.0,0.0,12618.0,4,6.643,99.89,0.31,681.64,371.72
55.416,4,2,342.0,100.0,0.0,12618.0,4,6.643,99.89,0.31,681.72,374.95
55.432,4,2,342.0,100.0,0.0,12618.0,4,6.643,99.89,0.31,681.94,377.98
55.449,4,2,342.0,100.0,0.0,12618.0,4,6.643,99.89,0.31,682.28,381.0
55.464,4,2,342.0,100.0,0.0,12618.0,4,6.643,99.89,0.31,682.76,384.01
55.481,4,2,342.0,100.0,0.0,12618.0,4,6.643,99.89,0.31,683.41,387.17
55.497,4,2,342.0,100.0,0.0,12618.0,4,6.643,99.89,0.31,684.14,390.12
55.514,4,2,342.0,100.0,0.0,12618.0,4,6.643,99.89,0.31,685.01,393.04
55.53,4,2,342.0,100.0,0.0,12618.0,4,6.643,99.89,0.31,686.0,395.91
55.546,4,2,342.0,100.0,0.0,12618.0,4,6.643,99.89,0.31,687.18,398.91
55.563,4,2,342.0,100.0,0.0,12618.0,4,6.643,99.89,0.31,688.42,401.69
55.579,4,2,342.0,100.0,0.0,12618.0,4,6.643,99.89,0.31,689.78,404.41
55.596,4,2,342.0,100.0,0.0,12618.0,4,6.643,99.89,0.31,691.35,407.23
55.613,4,2,342.0,100.0,0.0,12618.0,4,6.643,99.89,0.31,692.91,410.06
55.629,4,2,342.0,100.0,0.0,12618.0,4,6.643,99.89,0.31,694.48,412.88
55.646,4,2,342.0,100.0,0.0,12618.0,4,6.643,99.89,0.31,695.96,415.54
55.662,4,2,342.0,100.0,0.0,12618.0,4,6.643,99.89,0.31,697.43,418.2
55.678,4,2,342.0,100.0,0.0,12618.0,4,6.643,99.89,0.31,698.91,420.86
55.694,4,2,342.0,100.0,0.0,12618.0,4,6.643,99.89,0.31,700.38,423.52
55.71,4,2,342.0,100.0,0.0,12618.0,4,6.643,99.89,0.31,701.95,426.34
55.726,4,2,342.0,100.0,0.0,12618.0,4,6.643,99.89,0.31,703.42,429.0
55.742,4,2,342.0,100.0,0.0,12618.0,4,6.643,99.89,0.31,704.9,431.66
55.759,4,2,342.0,100.0,0.0,12618.0,4,6.643,99.89,0.31,706.37,434.31
55.776,4,2,342.0,100.0,0.0,12618.0,4,6.643,99.89,0.31,708.03,437.3
55.794,4,2,342.0,100.0,0.0,12618.0,4,6.643,99.89,0.31,709.6,440.13
55.81,4,2,342.0,100.0,0.0,12618.0,4,6.643,99.89,0.31,711.17,442.95
55.827,4,2,342.0,100.0,0.0,12618.0,4,6.643,99.89,0.31,712.74,445.78
55.844,4,2,342.0,100.0,0.0,12618.0,4,6.643,99.89,0.31,714.21,448.44
55.86,4,2,342.0,100.0,0.0,12618.0,4,6.643,99.89,0.31,715.78,451.26
55.878,4,2,342.0,100.0,0.0,12618.0,4,6.643,99.89,0.31,717.35,454.08
55.894,4,2,342.0,100.0,0.0,12618.0,4,6.643,99.89,0.31,718.7,456.8
55.91,4,2,342.0,100.0,0.0,12618.0,4,6.643,99.89,0.31,719.94,459.58
55.926,4,2,342.0,100.0,0.0,12618.0,4,6.643,99.89,0.31,721.13,462.58
55.942,4,2,342.0,100.0,0.0,12618.0,4,6.643,99.89,0.31,722.12,465.46
55.959,4,2,342.0,100.0,0.0,12618.0,4,6.643,99.89,0.31,723.04,468.56
55.976,4,2,342.0,100.0,0.0,12618.0,4,6.643,99.89,0.31,723.82,471.69
55.992,4,2,342.0,100.0,0.0,12618.0,4,6.643,99.89,0.31,724.43,474.67
56.009,4,2,342.0,100.0,0.0,12618.0,4,6.643,99.89,0.31,724.93,477.86
56.026,4,2,342.0,100.0,0.0,12618.0,4,6.643,99.89,0.31,725.28,480.88
56.042,4,2,342.0,100.0,0.0,12618.0,4,6.643,99.89,0.31,725.49,483.91
56.058,4,2,342.0,100.0,0.0,12618.0,4,6.643,99.89,0.31,725.58,486.95
56.074,4,2,342.0,100.0,0.0,12618.0,4,6.643,99.89,0.31,725.52,490.18
56.091,4,2,342.0,100.0,0.0,12618.0,4,6.643,99.89,0.31,725.34,493.21
56.107,4,2,342.0,100.0,0.0,12618.0,4,6.643,99.89,0.31,725.02,496.24
56.123,4,2,342.0,100.0,0.0,12618.0,4,6.643,99.89,0.31,724.54,499.43
56.14,4,2,342.0,100.0,0.0,12618.0,4,6.643,99.89,0.31,723.93,502.6
56.157,4,2,342.0,100.0,0.0,12618.0,4,6.643,99.89,0.31,723.22,505.56
56.173,4,2,342.0,100.0,0.0,12618.0,4,6.643,99.89,0.31,722.38,508.48
56.189,4,2,342.0,100.0,0.0,12618.0,4,6.643,99.89,0.31,721.36,511.54
56.206,4,2,342.0,100.0,0.0,12618.0,4,6.643,99.89,0.31,720.21,514.56
56.222,4,2,342.0,100.0,0.0,12618.0,4,6.643,99.89,0.31,718.99,517.35
56.238,4,2,342.0,100.0,0.0,12618.0,4,6.643,99.89,0.31,717.66,520.08
56.255,4,2,342.0,100.0,0.0,12618.0,4,6.643,99.89,0.31,716.12,522.92
56.272,4,2,342.0,100.0,0.0,12618.0,4,6.643,99.89,0.31,714.46,525.69
56.288,4,2,342.0,100.0,0.0,12618.0,4,6.643,99.89,0.31,712.78,528.23
56.304,4,2,342.0,100.0,0.0,12618.0,4,6.643,99.89,0.31,711.0,530.69
56.321,4,2,342.0,100.0,0.0,12618.0,4,6.643,99.89,0.31,709.11,533.07
56.337,4,2,342.0,100.0,0.0,12618.0,4,6.643,99.89,0.31,706.99,535.51
56.354,4,2,342.0,100.0,0.0,12618.0,4,6.643,99.89,0.31,704.77,537.85
56.371,4,2,342.0,100.0,0.0,12618.0,4,6.643,99.89,0.31,702.58,539.96
56.387,4,2,342.0,100.0,0.0,12618.0,4,6.643,99.89,0.31,700.31,541.98
56.404,4,2,342.0,100.0,0.0,12618.0,4,6.643,99.89,0.31,697.8,544.01
56.419,4,2,342.0,100.0,0.0,12618.0,4,6.643,99.89,0.31,695.35,545.82
56.436,4,2,342.0,100.0,0.0,12618.0,4,6.643,99.89,0.31,692.68,547.63
56.454,4,2,342.0,100.0,0.0,12618.0,4,6.643,99.89,0.31,689.92,549.32
56.47,4,2,342.0,100.0,0.0,12618.0,4,6.643,99.89,0.31,687.1,550.89
56.487,4,3,342.0,100.0,0.0,12618.0,4,6.643,99.89,0.31,684.21,552.33
56.504,4,3,342.0,100.0,0.0,12618.0,4,6.643,99.89,0.31,681.26,553.64
56.521,4,3,342.0,100.0,0.0,12618.0,4,6.643,99.89,0.31,678.26,554.83
56.538,4,3,342.0,100.0,0.0,12618.0,4,6.643,99.89,0.31,675.38,555.82
56.555,4,3,342.0,100.0,0.0,12618.0,4,6.643,99.89,0.31,672.28,556.74
56.571,4,3,342.0,100.0,0.0,12618.0,4,6.643,99.89,0.31,669.15,557.52
56.588,4,3,342.0,100.0,0.0,12618.0,4,6.643,99.89,0.31,665.99,558.17
56.604,4,3,342.0,100.0,0.0,12618.0,4,6.643,99.89,0.31,662.98,558.64
56.622,4,3,342.0,100.0,0.0,12618.0,4,6.643,99.89,0.31,659.77,559.01
56.638,4,3,342.0,100.0,0.0,12618.0,4,6.643,99.89,0.31,656.55,559.24
56.656,4,3,342.0,100.0,0.0,12618.0,4,6.643,99.89,0.31,653.32,559.33
56.672,4,3,342.0,100.0,0.0,12618.0,4,6.643,99.89,0.31,650.09,559.27
56.689,4,3,342.0,100.0,0.0,12618.0,4,6.643,99.89,0.32,647.06,559.09
56.706,4,3,342.0,100.0,0.0,12618.0,4,6.643,99.89,0.32,643.85,558.75
56.722,4,3,342.0,100.0,0.0,12618.0,4,6.643,99.89,0.32,640.65,558.27
56.74,4,3,342.0,100.0,0.0,12618.0,4,6.643,99.89,0.32,637.46,557.8
56.756,4,3,342.0,100.0,0.0,12618.0,4,6.643,99.89,0.32,634.26,557.32
56.773,4,3,342.0,100.0,0.0,12618.0,4,6.643,99.89,0.32,631.26,556.88
56.789,4,3,342.0,100.0,0.0,12618.0,4,6.643,99.89,0.32,628.06,556.4
56.806,4,3,342.0,100.0,0.0,12618.0,4,6.643,99.89,0.32,625.05,555.95
56.822,4,3,342.0,100.0,0.0,12618.0,4,6.643,99.89,0.32,622.05,555.5
56.837,4,3,342.0,100.0,0.0,12618.0,4,6.643,99.89,0.32,619.04,555.06
56.854,4,3,342.0,100.0,0.0,12618.0,4,6.643,99.89,0.32,615.85,554.58
56.871,4,3,342.0,100.0,0.0,12618.0,4,6.643,99.89,0.32,612.65,554.1
56.889,4,3,342.0,100.0,0.0,12618.0,4,6.643,99.89,0.32,609.46,553.63
56.904,4,3,342.0,100.0,0.0,12618.0,4,6.643,99.89,0.32,606.45,553.18
56.92,4,3,342.0,100.0,0.0,12618.0,4,6.643,99.89,0.32,603.44,552.73
56.937,4,3,342.0,100.0,0.0,12618.0,4,6.643,99.89,0.32,600.25,552.26
56.954,4,3,342.0,100.0,0.0,12618.0,4,6.643,99.89,0.32,597.05,551.78
56.972,4,3,342.0,100.0,0.0,12618.0,4,6.643,99.89,0.32,593.86,551.31
56.988,4,3,342.0,100.0,0.0,12618.0,4,6.643,99.89,0.32,590.85,550.86
57.004,4,3,342.0,100.0,0.0,12618.0,4,6.643,99.89,0.32,587.66,550.38
57.021,4,3,342.0,100.0,0.0,12618.0,4,6.643,99.89,0.32,584.49,549.77
57.038,4,3,342.0,100.0,0.0,12618.0,4,6.643,99.89,0.32,581.35,549.01
57.054,4,3,342.0,100.0,0.0,12618.0,4,6.643,99.89,0.32,578.42,548.18
57.07,4,3,342.0,100.0,0.0,12618.0,4,6.643,99.89,0.32,575.54,547.21
57.087,4,3,342.0,100.0,0.0,12618.0,4,6.643,99.89,0.32,572.52,546.06
57.104,4,3,342.0,100.0,0.0,12618.0,4,6.643,99.89,0.32,569.56,544.77
57.12,4,3,342.0,100.0,0.0,12618.0,4,6.643,99.89,0.32,566.83,543.44
57.137,4,3,342.0,100.0,0.0,12618.0,4,6.643,99.89,0.32,563.99,541.9
57.153,4,3,342.0,100.0,0.0,12618.0,4,6.643,99.89,0.32,561.38,540.34
57.17,4,3,342.0,100.0,0.0,12618.0,4,6.643,99.89,0.32,558.69,538.56
57.187,4,3,342.0,100.0,0.0,12618.0,4,6.643,99.89,0.32,556.07,536.66
57.204,4,3,342.0,100.0,0.0,12618.0,4,6.643,99.89,0.32,553.54,534.65
57.221,4,3,342.0,100.0,0.0,12618.0,4,6.643,99.89,0.32,551.11,532.53
57.237,4,3,342.0,100.0,0.0,12618.0,4,6.643,99.89,0.32,548.9,530.44
57.254,4,3,342.0,100.0,0.0,12618.0,4,6.643,99.89,0.32,546.65,528.12
57.271,4,3,342.0,100.0,0.0,12618.0,4,6.643,99.89,0.32,544.64,525.84
57.287,4,3,342.0,100.0,0.0,12618.0,4,6.643,99.89,0.32,542.61,523.33
57.303,4,3,342.0,100.0,0.0,12618.0,4,6.643,99.89,0.32,540.8,520.89
57.319,4,3,342.0,100.0,0.0,12618.0,4,6.643,99.89,0.32,538.99,518.45
57.336,4,3,342.0,100.0,0.0,12618.0,4,6.643,99.89,0.32,537.18,516.0
57.352,4,3,342.0,100.0,0.0,12618.0,4,6.643,99.89,0.32,535.25,513.41
57.368,4,3,342.0,100.0,0.0,12618.0,4,6.643,99.89,0.32,533.44,510.97
57.384,4,3,342.0,100.0,0.0,12618.0,4,6.643,99.89,0.32,531.64,508.52
57.401,4,3,342.0,100.0,0.0,12618.0,4,6.643,99.89,0.32,529.83,506.08
57.417,4,3,342.0,100.0,0.0,12618.0,4,6.643,99.89,0.32,527.9,503.48
57.434,4,3,342.0,100.0,0.0,12618.0,4,6.643,99.89,0.32,525.98,500.89
57.451,4,3,342.0,100.0,0.0,12618.0,4,6.643,99.89,0.32,524.17,498.45
57.467,4,3,342.0,100.0,0.0,12618.0,4,6.643,99.89,0.32,522.25,495.85
57.484,4,3,342.0,100.0,0.0,12618.0,4,6.643,99.89,0.32,520.33,493.25
57.501,4,3,342.0,100.0,0.0,12618.0,4,6.643,99.89,0.32,518.52,490.81
57.517,4,3,342.0,100.0,0.0,12618.0,4,6.643,99.89,0.32,516.59,488.22
57.534,4,3,342.0,100.0,0.0,12618.0,4,6.643,99.89,0.32,514.67,485.62
57.55,4,3,342.0,100.0,0.0,12618.0,4,6.643,99.89,0.32,512.86,483.18
57.567,4,3,342.0,100.0,0.0,12618.0,4,6.643,99.89,0.32,510.94,480.58
57.584,4,3,342.0,100.0,0.0,12618.0,4,6.643,99.89,0.32,509.13,478.14
57.6,4,3,342.0,100.0,0.0,12618.0,4,6.643,99.89,0.32,507.21,475.54
57.618,4,3,342.0,100.0,0.0,12618.0,4,6.643,99.89,0.32,505.17,472.8
57.636,4,3,342.0,100.0,0.0,12618.0,4,6.643,99.89,0.32,503.25,470.2
57.651,4,3,342.0,100.0,0.0,12618.0,4,6.643,99.89,0.32,501.44,467.76
57.668,4,3,342.0,100.0,0.0,12618.0,4,6.643,99.89,0.32,499.52,465.16
57.685,4,3,342.0,100.0,0.0,12618.0,4,6.643,99.89,0.32,497.59,462.57
57.702,4,3,342.0,100.0,0.0,12618.0,4,6.643,99.89,0.32,495.67,459.97
57.719,4,3,342.0,100.0,0.0,12618.0,4,6.643,99.89,0.32,493.75,457.38
57.735,4,3,342.0,100.0,0.0,12618.0,4,6.643,99.89,0.32,491.94,454.93
57.753,4,3,342.0,100.0,0.0,12618.0,4,6.643,99.89,0.32,490.02,452.34
57.769,4,3,342.0,100.0,0.0,12618.0,4,6.643,99.89,0.32,488.09,449.74
57.786,4,3,342.0,100.0,0.0,12618.0,4,6.643,99.89,0.32,486.17,447.15
57.803,4,3,342.0,100.0,0.0,12618.0,4,6.643,99.89,0.32,484.36,444.7
57.818,4,3,342.0,100.0,0.0,12618.0,4,6.643,99.89,0.32,482.55,442.26
57.836,4,3,342.0,100.0,0.0,12618.0,4,6.643,99.89,0.32,480.63,439.67
57.852,4,3,342.0,100.0,0.0,12618.0,4,6.643,99.89,0.32,478.71,437.07
57.87,4,3,342.0,100.0,0.0,12618.0,4,6.643,99.89,0.32,476.79,434.47
57.886,4,3,342.0,100.0,0.0,12618.0,4,6.643,99.89,0.32,474.86,431.88
57.904,4,3,342.0,100.0,0.0,12618.0,4,6.643,99.89,0.32,472.94,429.28
57.921,4,3,342.0,100.0,0.0,12618.0,4,6.643,99.89,0.32,471.02,426.69
57.937,4,3,342.0,100.0,0.0,12618.0,4,6.643,99.89,0.32,469.09,424.09
57.954,4,3,342.0,100.0,0.0,12618.0,4,6.643,99.89,0.32,467.29,421.65
57.97,4,3,342.0,100.0,0.0,12618.0,4,6.643,99.89,0.32,465.36,419.05
57.987,4,3,342.0,100.0,0.0,12618.0,4,6.643,99.89,0.32,463.55,416.61
58.002,4,3,342.0,100.0,0.0,12618.0,4,6.643,99.89,0.32,461.74,414.17
58.019,4,3,342.0,100.0,0.0,12618.0,4,6.643,99.89,0.32,459.82,411.57
58.036,4,3,342.0,100.0,0.0,12618.0,4,6.643,99.89,0.32,457.9,408.98
58.053,4,3,342.0,100.0,0.0,12618.0,4,6.643,99.89,0.32,456.09,406.53
58.069,4,3,342.0,100.0,0.0,12618.0,4,6.643,99.89,0.32,454.28,404.09
58.086,4,3,342.0,100.0,0.0,12618.0,4,6.643,99.89,0.32,452.36,401.5
58.102,4,3,342.0,100.0,0.0,12618.0,4,6.643,99.89,0.32,450.43,398.9
58.119,4,3,342.0,100.0,0.0,12618.0,4,6.643,99.89,0.32,448.62,396.46
58.135,4,3,342.0,100.0,0.0,12618.0,4,6.643,99.89,0.32,446.7,393.86
58.152,4,3,342.0,100.0,0.0,12618.0,4,6.643,99.89,0.32,444.78,391.27
58.168,4,3,342.0,100.0,0.0,12618.0,4,6.643,99.89,0.32,442.97,388.82
58.186,4,3,342.0,100.0,0.0,12618.0,4,6.643,99.89,0.32,441.05,386.23
58.202,4,3,342.0,100.0,0.0,12618.0,4,6.643,99.89,0.32,439.24,383.79
58.218,4,3,342.0,100.0,0.0,12618.0,4,6.643,99.89,0.32,437.32,381.19
58.234,4,3,342.0,100.0,0.0,12618.0,4,6.643,99.89,0.32,435.51,378.75
58.252,4,3,342.0,100.0,0.0,12618.0,4,6.643,99.89,0.32,433.58,376.15
58.268,4,3,342.0,100.0,0.0,12618.0,4,6.643,99.89,0.32,431.66,373.56
58.285,4,3,342.0,100.0,0.0,12618.0,4,6.643,99.89,0.32,429.74,370.96
58.302,4,3,342.0,100.0,0.0,12618.0,4,6.643,99.89,0.32,427.93,368.52
58.317,4,3,342.0,100.0,0.0,12618.0,4,6.643,99.89,0.32,426.12,366.08
58.334,4,3,342.0,100.0,0.0,12618.0,4,6.643,99.89,0.32,424.31,363.63
58.35,4,3,342.0,100.0,0.0,12618.0,4,6.643,99.89,0.32,422.5,361.19
58.366,4,3,342.0,100.0,0.0,12618.0,4,6.643,99.89,0.32,420.58,358.59
58.383,4,3,342.0,100.0,0.0,12618.0,4,6.643,99.89,0.32,418.77,356.15
58.399,4,3,342.0,100.0,0.0,12618.0,4,6.643,99.89,0.32,416.85,353.56
58.416,4,3,342.0,100.0,0.0,12618.0,4,6.643,99.89,0.32,414.92,350.96
58.432,4,3,342.0,100.0,0.0,12618.0,4,6.643,99.89,0.32,413.11,348.52
58.45,4,3,342.0,100.0,0.0,12618.0,4,6.643,99.89,0.32,411.19,345.92
58.466,4,3,342.0,100.0,0.0,12618.0,4,6.643,99.89,0.32,409.38,343.48
58.482,4,3,342.0,100.0,0.0,12618.0,4,6.643,99.89,0.32,407.46,340.88
58.499,4,3,342.0,100.0,0.0,12618.0,4,6.643,99.89,0.33,405.65,338.44
58.516,4,3,342.0,100.0,0.0,12618.0,4,6.643,99.89,0.33,403.61,335.69
58.533,4,3,342.0,100.0,0.0,12618.0,4,6.643,99.89,0.33,401.81,333.02
58.55,4,3,342.0,100.0,0.0,12618.0,4,6.643,99.89,0.33,400.22,330.42
58.566,4,3,342.0,100.0,0.0,12618.0,4,6.643,99.89,0.33,398.65,327.6
58.583,4,3,342.0,100.0,0.0,12618.0,4,6.643,99.89,0.33,397.21,324.71
58.6,4,3,342.0,100.0,0.0,12618.0,4,6.643,99.89,0.33,395.97,321.93
58.615,4,3,342.0,100.0,0.0,12618.0,4,6.643,99.89,0.33,394.85,319.11
58.631,4,3,342.0,100.0,0.0,12618.0,4,6.643,99.89,0.33,393.86,316.23
58.648,4,3,342.0,100.0,0.0,12618.0,4,6.643,99.89,0.33,392.94,313.14
58.665,4,3,342.0,100.0,0.0,12618.0,4,6.643,99.89,0.33,392.16,310.0
58.682,4,3,342.0,100.0,0.0,12618.0,4,6.643,99.89,0.33,391.55,307.02
58.699,4,3,342.0,100.0,0.0,12618.0,4,6.643,99.89,0.33,391.05,303.83
58.716,4,3,342.0,100.0,0.0,12618.0,4,6.643,99.89,0.33,390.66,300.44
58.732,4,3,342.0,100.0,0.0,12618.0,4,6.643,99.89,0.33,390.44,297.4
58.749,4,3,342.0,100.0,0.0,12618.0,4,6.643,99.89,0.33,390.36,294.36
58.766,4,3,342.0,100.0,0.0,12618.0,4,6.643,99.89,0.33,390.41,291.32
58.78,4,3,342.0,100.0,0.0,12618.0,4,6.643,99.89,0.33,390.6,288.29
58.796,4,3,342.0,100.0,0.0,12618.0,4,6.643,99.89,0.33,390.91,285.27
58.812,4,3,342.0,100.0,0.0,12618.0,4,6.643,99.89,0.33,391.36,282.26
58.829,4,3,342.0,100.0,0.0,12618.0,4,6.643,99.89,0.33,391.98,279.09
58.845,4,3,342.0,100.0,0.0,12618.0,4,6.643,99.89,0.33,392.68,276.13
58.862,4,3,342.0,100.0,0.0,12618.0,4,6.643,99.89,0.33,393.57,273.03
58.878,4,3,342.0,100.0,0.0,12618.0,4,6.643,99.89,0.33,394.54,270.14
58.895,4,3,342.0,100.0,0.0,12618.0,4,6.643,99.89,0.33,395.62,267.31
58.911,4,3,342.0,100.0,0.0,12618.0,4,6.643,99.89,0.33,396.84,264.52
58.927,4,3,342.0,100.0,0.0,12618.0,4,6.643,99.89,0.33,398.25,261.61
58.944,4,3,342.0,100.0,0.0,12618.0,4,6.643,99.89,0.33,399.79,258.77
58.961,4,3,342.0,100.0,0.0,12618.0,4,6.643,99.89,0.33,401.35,256.17
58.977,4,3,342.0,100.0,0.0,12618.0,4,6.643,99.89,0.33,403.14,253.47
58.994,4,3,342.0,100.0,0.0,12618.0,4,6.643,99.89,0.33,405.03,250.86
59.01,4,3,342.0,100.0,0.0,12618.0,4,6.643,99.89,0.33,406.92,248.48
59.027,4,3,342.0,100.0,0.0,12618.0,4,6.643,99.89,0.33,409.04,246.04
59.044,4,3,342.0,100.0,0.0,12618.0,4,6.643,99.89,0.33,411.26,243.7
59.061,4,3,342.0,100.0,0.0,12618.0,4,6.643,99.89,0.33,413.59,241.45
59.079,4,3,342.0,100.0,0.0,12618.0,4,6.643,99.89,0.33,416.0,239.31
59.094,4,3,342.0,100.0,0.0,12618.0,4,6.643,99.89,0.33,418.37,237.39
59.112,4,3,342.0,100.0,0.0,12618.0,4,6.643,99.89,0.33,420.96,235.47
59.128,4,3,342.0,100.0,0.0,12618.0,4,6.643,99.89,0.33,423.64,233.66
59.145,4,3,342.0,100.0,0.0,12618.0,4,6.643,99.89,0.33,426.23,232.08
59.162,4,3,342.0,100.0,0.0,12618.0,4,6.643,99.89,0.33,429.05,230.51
59.179,4,3,342.0,100.0,0.0,12618.0,4,6.643,99.89,0.33,431.94,229.07
59.194,4,3,342.0,100.0,0.0,12618.0,4,6.643,99.89,0.33,434.72,227.83
59.21,4,3,342.0,100.0,0.0,12618.0,4,6.643,99.89,0.33,437.55,226.71
59.226,4,3,342.0,100.0,0.0,12618.0,4,6.643,99.89,0.33,440.42,225.72
59.243,4,3,342.0,100.0,0.0,12618.0,4,6.643,99.89,0.33,443.34,224.86
59.259,4,3,342.0,100.0,0.0,12618.0,4,6.643,99.89,0.33,446.29,224.12
59.275,4,3,342.0,100.0,0.0,12618.0,4,6.643,99.89,0.33,449.45,223.47
59.292,4,3,342.0,100.0,0.0,12618.0,4,6.643,99.89,0.33,452.45,223.0
59.309,4,3,342.0,100.0,0.0,12618.0,4,6.643,99.89,0.33,455.66,222.63
59.326,4,3,342.0,100.0,0.0,12618.0,4,6.643,99.89,0.33,459.07,222.39
59.342,4,3,342.0,100.0,0.0,12618.0,4,6.643,99.89,0.33,462.11,222.31
59.359,4,3,342.0,100.0,0.0,12618.0,4,6.643,99.89,0.33,465.34,222.36
59.376,4,3,342.0,100.0,0.0,12618.0,4,6.643,99.89,0.33,468.57,222.56
59.393,4,3,342.0,100.0,0.0,12618.0,4,6.643,99.88,0.33,471.59,222.87
59.409,4,3,342.0,100.0,0.0,12618.0,4,6.643,99.88,0.33,474.78,223.35
59.426,4,3,342.0,100.0,0.0,12618.0,4,6.643,99.88,0.33,477.96,223.96
59.443,4,3,342.0,100.0,0.0,12618.0,4,6.643,99.88,0.33,480.91,224.67
59.459,4,3,342.0,100.0,0.0,12618.0,4,6.643,99.88,0.33,484.02,225.56
59.476,4,3,342.0,100.0,0.0,12618.0,4,6.643,99.88,0.33,487.08,226.58
59.492,4,3,342.0,100.0,0.0,12618.0,4,6.643,99.88,0.33,489.92,227.67
59.509,4,3,342.0,100.0,0.0,12618.0,4,6.643,99.88,0.33,492.71,228.88
59.525,4,3,342.0,100.0,0.0,12618.0,4,6.643,99.88,0.33,495.61,230.3
59.543,4,3,342.0,100.0,0.0,12618.0,4,6.643,99.88,0.33,498.45,231.84
59.559,4,3,342.0,100.0,0.0,12618.0,4,6.643,99.88,0.33,501.22,233.5
59.576,4,3,342.0,100.0,0.0,12618.0,4,6.643,99.88,0.33,503.76,235.18
59.592,4,3,342.0,100.0,0.0,12618.0,4,6.643,99.88,0.33,506.37,237.07
59.609,4,3,342.0,100.0,0.0,12618.0,4,6.643,99.88,0.33,508.9,239.08
59.626,4,3,342.0,100.0,0.0,12618.0,4,6.643,99.88,0.33,511.19,241.08
59.642,4,3,342.0,100.0,0.0,12618.0,4,6.643,99.88,0.33,513.54,243.3
59.66,4,3,342.0,100.0,0.0,12618.0,4,6.643,99.88,0.33,515.78,245.62
59.675,4,3,342.0,100.0,0.0,12618.0,4,6.643,99.88,0.33,517.8,247.9
59.691,4,3,342.0,100.0,0.0,12618.0,4,6.643,99.88,0.33,519.71,250.26
59.708,4,3,342.0,100.0,0.0,12618.0,4,6.643,99.88,0.33,521.64,252.85
59.724,4,3,342.0,100.0,0.0,12618.0,4,6.643,99.88,0.33,523.34,255.37
59.741,4,3,342.0,100.0,0.0,12618.0,4,6.643,99.88,0.33,524.93,257.96
59.757,4,3,342.0,100.0,0.0,12618.0,4,6.643,99.88,0.33,526.4,260.62
59.772,4,3,342.0,100.0,0.0,12618.0,4,6.643,99.88,0.33,527.76,263.34
59.789,4,3,342.0,100.0,0.0,12618.0,4,6.643,99.88,0.33,529.08,266.29
59.806,4,3,342.0,100.0,0.0,12618.0,4,6.643,99.88,0.33,530.26,269.3
59.825,4,3,342.0,100.0,0.0,12618.0,4,6.643,99.88,0.33,531.31,272.35
59.839,4,3,342.0,100.0,0.0,12618.0,4,6.643,99.88,0.33,532.18,275.27
59.856,4,3,342.0,100.0,0.0,12618.0,4,6.643,99.88,0.33,532.92,278.21
59.872,4,3,342.0,100.0,0.0,12618.0,4,6.643,99.88,0.33,533.56,281.38
59.889,4,3,342.0,100.0,0.0,12618.0,4,6.643,99.88,0.33,534.07,284.57
59.906,4,3,342.0,100.0,0.0,12618.0,4,6.643,99.88,0.33,534.44,287.78
59.923,4,3,342.0,100.0,0.0,12618.0,4,6.643,99.88,0.33,534.66,291.0
59.94,4,3,342.0,100.0,0.0,12618.0,4,6.643,99.88,0.33,534.74,294.04
59.955,4,3,342.0,100.0,0.0,12618.0,4,6.643,99.88,0.33,534.69,297.08
59.972,4,3,342.0,100.0,0.0,12618.0,4,6.643,99.88,0.33,534.5,300.3
59.989,4,3,342.0,100.0,0.0,12618.0,4,6.643,99.88,0.33,534.16,303.52
60.006,4,3,342.0,100.0,0.0,12618.0,4,6.643,99.88,0.33,533.68,306.71
60.023,4,3,342.0,100.0,0.0,12618.0,4,6.643,99.88,0.33,533.11,309.7
60.039,4,3,342.0,100.0,0.0,12618.0,4,6.643,99.88,0.33,532.35,312.84
60.056,4,3,342.0,100.0,0.0,12618.0,4,6.643,99.88,0.33,531.46,315.94
60.072,4,3,342.0,100.0,0.0,12618.0,4,6.643,99.88,0.33,530.5,318.82
60.09,4,3,342.0,100.0,0.0,12618.0,4,6.643,99.88,0.33,529.35,321.84
60.106,4,3,342.0,100.0,0.0,12618.0,4,6.643,99.88,0.33,528.06,324.8
60.123,4,3,342.0,100.0,0.0,12618.0,4,6.643,99.88,0.33,526.64,327.71
60.141,4,3,342.0,100.0,0.0,12618.0,4,6.643,99.88,0.33,525.01,330.71
60.158,4,3,342.0,100.0,0.0,12618.0,4,6.643,99.88,0.33,523.35,333.48
60.176,4,3,342.0,100.0,0.0,12618.0,4,6.643,99.88,0.33,521.57,336.18
60.192,4,3,342.0,100.0,0.0,12618.0,4,6.643,99.88,0.33,519.67,338.79
60.209,4,3,342.0,100.0,0.0,12618.0,4,6.643,99.88,0.33,517.66,341.32
60.226,4,3,342.0,100.0,0.0,12618.0,4,6.643,99.88,0.33,515.67,343.62
60.242,4,3,342.0,100.0,0.0,12618.0,4,6.643,99.88,0.33,513.58,345.82
60.257,4,3,342.0,100.0,0.0,12618.0,4,6.643,99.88,0.33,511.39,347.93
60.274,4,3,342.0,100.0,0.0,12618.0,4,6.643,99.88,0.33,508.97,350.08
60.291,4,3,342.0,100.0,0.0,12618.0,4,6.643,99.88,0.33,506.47,352.11
60.308,4,3,342.0,100.0,0.0,12618.0,4,6.643,99.88,0.34,503.87,354.03
60.325,4,3,342.0,100.0,0.0,12618.0,4,6.643,99.88,0.34,501.19,355.84
60.342,4,3,342.0,100.0,0.0,12618.0,4,6.643,99.88,0.34,498.44,357.53
60.359,4,3,342.0,100.0,0.0,12618.0,4,6.643,99.88,0.34,495.62,359.1
60.376,4,3,342.0,100.0,0.0,12618.0,4,6.643,99.88,0.34,492.9,360.45
60.392,4,3,342.0,100.0,0.0,12618.0,4,6.643,99.88,0.34,489.95,361.77
60.409,4,3,342.0,100.0,0.0,12618.0,4,6.643,99.88,0.34,486.94,362.96
60.426,4,3,342.0,100.0,0.0,12618.0,4,6.643,99.88,0.34,484.07,363.95
60.442,4,3,342.0,100.0,0.0,12618.0,4,6.643,99.88,0.34,481.15,364.81
60.458,4,3,342.0,100.0,0.0,12618.0,4,6.643,99.88,0.34,478.02,365.59
60.475,4,3,342.0,100.0,0.0,12618.0,4,6.643,99.88,0.34,474.85,366.24
60.492,4,3,342.0,100.0,0.0,12618.0,4,6.643,99.88,0.34,471.85,366.72
60.508,4,3,342.0,100.0,0.0,12618.0,4,6.643,99.88,0.34,468.83,367.06
60.523,4,3,342.0,100.0,0.0,12618.0,4,6.643,99.88,0.34,465.8,367.28
60.54,4,3,342.0,100.0,0.0,12618.0,4,6.643,99.88,0.34,462.76,367.36
60.556,4,3,342.0,100.0,0.0,12618.0,4,6.643,99.88,0.34,459.72,367.31
60.572,4,3,342.0,100.0,0.0,12618.0,4,6.643,99.88,0.34,456.5,367.11
60.59,4,3,342.0,100.0,0.0,12618.0,4,6.643,99.88,0.34,453.28,366.77
60.606,4,3,342.0,100.0,0.0,12618.0,4,6.643,99.88,0.34,450.28,366.33
60.622,4,3,342.0,100.0,0.0,12618.0,4,6.643,99.88,0.34,447.29,365.75
60.638,4,3,342.0,100.0,0.0,12618.0,4,6.643,99.88,0.34,444.34,365.04
60.654,4,3,342.0,100.0,0.0,12618.0,4,6.643,99.88,0.34,441.23,364.15
60.672,4,3,342.0,100.0,0.0,12618.0,4,6.643,99.88,0.34,438.17,363.13
60.688,4,3,342.0,100.0,0.0,12618.0,4,6.643,99.88,0.34,435.33,362.04
60.704,4,3,342.0,100.0,0.0,12618.0,4,6.643,99.88,0.34,432.54,360.83
60.72,4,3,342.0,100.0,0.0,12618.0,4,6.643,99.88,0.34,429.81,359.5
60.737,4,3,342.0,100.0,0.0,12618.0,4,6.643,99.88,0.34,426.97,357.96
60.753,4,3,342.0,100.0,0.0,12618.0,4,6.643,99.88,0.34,424.2,356.3
60.77,4,3,342.0,100.0,0.0,12618.0,4,6.643,99.88,0.34,421.66,354.62
60.785,4,3,342.0,100.0,0.0,12618.0,4,6.643,99.88,0.34,419.2,352.83
60.801,4,3,342.0,100.0,0.0,12618.0,4,6.643,99.88,0.34,416.82,350.94
60.818,4,3,342.0,100.0,0.0,12618.0,4,6.643,99.88,0.34,414.53,348.95
60.834,4,3,342.0,100.0,0.0,12618.0,4,6.643,99.88,0.34,412.18,346.73
60.851,4,3,342.0,100.0,0.0,12618.0,4,6.643,99.88,0.34,410.07,344.54
60.867,4,3,342.0,100.0,0.0,12618.0,4,6.643,99.88,0.34,408.05,342.26
60.884,4,3,342.0,100.0,0.0,12618.0,4,6.643,99.88,0.34,406.02,339.76
60.9,4,3,342.0,100.0,0.0,12618.0,4,6.643,99.88,0.34,404.1,337.16
60.917,4,3,342.0,100.0,0.0,12618.0,4,6.643,99.88,0.34,402.29,334.48
60.935,4,3,342.0,100.0,0.0,12618.0,4,6.643,99.88,0.34,400.6,331.73
60.951,4,3,342.0,100.0,0.0,12618.0,4,6.643,99.88,0.34,399.03,328.91
60.968,4,3,342.0,100.0,0.0,12618.0,4,6.643,99.88,0.34,397.59,326.02
60.985,4,3,342.0,100.0,0.0,12618.0,4,6.643,99.88,0.34,396.28,323.07
61.002,4,3,342.0,100.0,0.0,12618.0,4,6.643,99.88,0.34,395.09,320.06
61.018,4,3,342.0,100.0,0.0,12618.0,4,6.643,99.88,0.34,394.1,317.19
61.034,4,3,342.0,100.0,0.0,12618.0,4,6.643,99.88,0.34,393.24,314.27
61.052,4,3,342.0,100.0,0.0,12618.0,4,6.643,99.88,0.34,392.45,311.14
61.067,4,3,342.0,100.0,0.0,12618.0,4,6.643,99.88,0.34,391.84,308.16
61.084,4,3,342.0,100.0,0.0,12618.0,4,6.643,99.88,0.34,391.34,304.97
61.102,4,3,342.0,100.0,0.0,12618.0,4,6.643,99.88,0.34,390.97,301.76
61.118,4,3,342.0,100.0,0.0,12618.0,4,6.643,99.88,0.34,390.76,298.73
61.133,4,3,342.0,100.0,0.0,12618.0,4,6.643,99.88,0.34,390.68,295.69
61.15,4,3,342.0,100.0,0.0,12618.0,4,6.643,99.88,0.34,390.73,292.46
61.168,4,3,342.0,100.0,0.0,12618.0,4,6.643,99.88,0.34,390.93,289.24
61.184,4,3,342.0,100.0,0.0,12618.0,4,6.643,99.88,0.34,391.26,286.02
61.201,4,3,342.0,100.0,0.0,12618.0,4,6.643,99.88,0.34,391.74,282.83
61.218,4,3,342.0,100.0,0.0,12618.0,4,6.643,99.88,0.34,392.35,279.66
61.235,4,3,342.0,100.0,0.0,12618.0,4,6.643,99.88,0.34,393.11,276.52
61.252,4,3,342.0,100.0,0.0,12618.0,4,6.643,99.88,0.34,393.99,273.41
61.268,4,3,342.0,100.0,0.0,12618.0,4,6.643,99.88,0.34,394.96,270.53
61.286,4,3,342.0,100.0,0.0,12618.0,4,6.643,99.88,0.34,396.11,267.51
61.303,4,3,342.0,100.0,0.0,12618.0,4,6.643,99.88,0.34,397.4,264.55
61.319,4,3,342.0,100.0,0.0,12618.0,4,6.643,99.88,0.34,398.73,261.82
61.335,4,3,342.0,100.0,0.0,12618.0,4,6.643,99.88,0.34,400.18,259.14
61.351,4,3,342.0,100.0,0.0,12618.0,4,6.643,99.88,0.34,401.84,256.37
61.367,4,3,342.0,100.0,0.0,12618.0,4,6.643,99.88,0.34,403.52,253.84
61.383,4,3,342.0,100.0,0.0,12618.0,4,6.643,99.88,0.34,405.3,251.38
61.4,4,3,342.0,100.0,0.0,12618.0,4,6.643,99.88,0.34,407.2,249.0
61.417,4,3,342.0,100.0,0.0,12618.0,4,6.643,99.88,0.34,409.31,246.56
61.433,4,3,342.0,100.0,0.0,12618.0,4,6.643,99.88,0.34,411.54,244.22
61.45,4,3,342.0,100.0,0.0,12618.0,4,6.643,99.88,0.34,413.86,241.97
61.467,4,3,342.0,100.0,0.0,12618.0,4,6.643,99.88,0.34,416.28,239.83
61.484,4,3,342.0,100.0,0.0,12618.0,4,6.643,99.88,0.34,418.79,237.8
61.501,4,3,342.0,100.0,0.0,12618.0,4,6.643,99.88,0.34,421.23,235.99
61.517,4,3,342.0,100.0,0.0,12618.0,4,6.643,99.88,0.34,423.75,234.28
61.533,4,3,342.0,100.0,0.0,12618.0,4,6.643,99.88,0.34,426.5,232.6
61.55,4,3,342.0,100.0,0.0,12618.0,4,6.643,99.88,0.34,429.16,231.12
61.566,4,3,342.0,100.0,0.0,12618.0,4,6.643,99.88,0.34,432.05,229.68
61.583,4,3,342.0,100.0,0.0,12618.0,4,6.643,99.88,0.34,435.0,228.36
61.6,4,3,342.0,100.0,0.0,12618.0,4,6.643,99.88,0.34,438.0,227.18
61.617,4,3,342.0,100.0,0.0,12618.0,4,6.643,99.88,0.34,440.88,226.19
61.633,4,3,342.0,100.0,0.0,12618.0,4,6.643,99.88,0.34,443.79,225.32
61.649,4,3,342.0,100.0,0.0,12618.0,4,6.643,99.88,0.34,446.93,224.54
61.666,4,3,342.0,100.0,0.0,12618.0,4,6.643,99.88,0.34,450.09,223.89
61.683,4,3,342.0,100.0,0.0,12618.0,4,6.643,99.88,0.34,453.09,223.42
61.699,4,3,342.0,100.0,0.0,12618.0,4,6.643,99.88,0.34,456.11,223.07
61.716,4,3,342.0,100.0,0.0,12618.0,4,6.643,99.88,0.34,459.52,222.83
61.733,4,3,342.0,100.0,0.0,12618.0,4,6.643,99.88,0.34,462.56,222.75
61.749,4,3,342.0,100.0,0.0,12618.0,4,6.643,99.88,0.34,465.79,222.8
61.766,4,3,342.0,100.0,0.0,12618.0,4,6.643,99.88,0.34,469.02,223.0
61.783,4,3,342.0,100.0,0.0,12618.0,4,6.643,99.88,0.34,472.23,223.33
61.8,4,3,342.0,100.0,0.0,12618.0,4,6.643,99.88,0.34,475.24,223.78
61.816,4,3,342.0,100.0,0.0,12618.0,4,6.643,99.88,0.34,478.41,224.4
61.833,4,3,342.0,100.0,0.0,12618.0,4,6.643,99.88,0.34,481.36,225.11
61.849,4,3,342.0,100.0,0.0,12618.0,4,6.643,99.88,0.34,484.47,225.99
61.867,4,3,342.0,100.0,0.0,12618.0,4,6.643,99.88,0.34,487.53,227.02
61.882,4,3,342.0,100.0,0.0,12618.0,4,6.643,99.88,0.34,490.37,228.11
61.899,4,3,342.0,100.0,0.0,12618.0,4,6.643,99.88,0.34,493.16,229.32
61.915,4,3,342.0,100.0,0.0,12618.0,4,6.643,99.88,0.34,496.06,230.73
61.932,4,3,342.0,100.0,0.0,12618.0,4,6.643,99.88,0.34,498.74,232.18
61.947,4,3,342.0,100.0,0.0,12618.0,4,6.643,99.88,0.34,501.34,233.74
61.963,4,3,342.0,100.0,0.0,12618.0,4,6.643,99.88,0.34,503.88,235.42
61.979,4,3,342.0,100.0,0.0,12618.0,4,6.643,99.88,0.34,506.34,237.21
61.996,4,3,342.0,100.0,0.0,12618.0,4,6.643,99.88,0.34,508.87,239.22
62.013,4,3,342.0,100.0,0.0,12618.0,4,6.643,99.88,0.34,511.31,241.33
62.029,4,3,342.0,100.0,0.0,12618.0,4,6.643,99.88,0.34,513.51,243.43
62.046,4,3,342.0,100.0,0.0,12618.0,4,6.643,99.88,0.34,515.76,245.75
62.063,4,3,342.0,100.0,0.0,12618.0,4,6.643,99.88,0.34,517.77,248.02
62.079,4,3,342.0,100.0,0.0,12618.0,4,6.643,99.88,0.34,519.81,250.53
62.096,4,3,342.0,100.0,0.0,12618.0,4,6.643,99.88,0.34,521.62,252.98
62.112,4,3,342.0,100.0,0.0,12618.0,4,6.643,99.88,0.34,523.32,255.5
62.128,4,3,342.0,100.0,0.0,12618.0,4,6.643,99.88,0.35,524.91,258.09
62.144,4,3,342.0,100.0,0.0,12618.0,4,6.643,99.88,0.35,526.47,260.91
62.161,4,3,342.0,100.0,0.0,12618.0,4,6.643,99.88,0.35,527.92,263.8
62.178,4,3,342.0,100.0,0.0,12618.0,4,6.643,99.88,0.35,529.23,266.75
62.194,4,3,342.0,100.0,0.0,12618.0,4,6.643,99.88,0.35,530.35,269.58
62.211,4,3,342.0,100.0,0.0,12618.0,4,6.643,99.88,0.35,531.4,272.63
62.228,4,3,342.0,100.0,0.0,12618.0,4,6.643,99.88,0.35,532.27,275.55
62.245,4,3,342.0,100.0,0.0,12618.0,4,6.643,99.88,0.35,533.05,278.68
62.261,4,3,342.0,100.0,0.0,12618.0,4,6.643,99.88,0.35,533.66,281.66
62.277,4,3,342.0,100.0,0.0,12618.0,4,6.643,99.88,0.35,534.16,284.85
62.294,4,3,342.0,100.0,0.0,12618.0,4,6.643,99.88,0.35,534.53,288.06
62.311,4,3,342.0,100.0,0.0,12618.0,4,6.643,99.88,0.35,534.76,291.28
62.327,4,3,342.0,100.0,0.0,12618.0,4,6.643,99.88,0.35,534.84,294.32
62.344,4,3,342.0,100.0,0.0,12618.0,4,6.643,99.88,0.35,534.79,297.36
62.36,4,3,342.0,100.0,0.0,12618.0,4,6.643,99.88,0.35,534.6,300.39
62.377,4,3,342.0,100.0,0.0,12618.0,4,6.643,99.88,0.35,534.25,303.79
62.394,4,3,342.0,100.0,0.0,12618.0,4,6.643,99.88,0.35,533.8,306.8
62.411,4,3,342.0,100.0,0.0,12618.0,4,6.643,99.88,0.35,533.18,309.97
62.427,4,3,342.0,100.0,0.0,12618.0,4,6.643,99.88,0.35,532.43,313.11
62.443,4,3,342.0,100.0,0.0,12618.0,4,6.643,99.88,0.35,531.6,316.04
62.46,4,3,342.0,100.0,0.0,12618.0,4,6.643,99.88,0.35,530.57,319.1
62.477,4,3,342.0,100.0,0.0,12618.0,4,6.643,99.88,0.35,529.48,321.94
62.492,4,3,342.0,100.0,0.0,12618.0,4,6.643,99.88,0.35,528.27,324.73
62.51,4,3,342.0,100.0,0.0,12618.0,4,6.643,99.88,0.35,526.86,327.63
62.525,4,3,342.0,100.0,0.0,12618.0,4,6.643,99.88,0.35,525.41,330.3
62.542,4,3,342.0,100.0,0.0,12618.0,4,6.643,99.88,0.35,523.75,333.07
62.56,4,3,342.0,100.0,0.0,12618.0,4,6.643,99.88,0.35,521.97,335.77
62.576,4,3,342.0,100.0,0.0,12618.0,4,6.643,99.88,0.35,520.18,338.23
62.592,4,3,342.0,100.0,0.0,12618.0,4,6.643,99.88,0.35,518.29,340.61
62.608,4,3,342.0,100.0,0.0,12618.0,4,6.643,99.88,0.35,516.17,343.05
62.626,4,3,342.0,100.0,0.0,12618.0,4,6.643,99.88,0.35,513.95,345.39
62.643,4,3,342.0,100.0,0.0,12618.0,4,6.643,99.88,0.35,511.63,347.63
62.658,4,3,342.0,100.0,0.0,12618.0,4,6.643,99.88,0.35,509.35,349.65
62.675,4,3,342.0,100.0,0.0,12618.0,4,6.643,99.88,0.35,506.99,351.56
62.691,4,3,342.0,100.0,0.0,12618.0,4,6.643,99.88,0.35,504.39,353.49
62.707,4,3,342.0,100.0,0.0,12618.0,4,6.643,99.88,0.35,501.87,355.19
62.724,4,3,342.0,100.0,0.0,12618.0,4,6.643,99.88,0.35,499.28,356.78
62.74,4,3,342.0,100.0,0.0,12618.0,4,6.643,99.88,0.35,496.46,358.35
62.757,4,3,342.0,100.0,0.0,12618.0,4,6.643,99.88,0.35,493.57,359.79
62.775,4,3,342.0,100.0,0.0,12618.0,4,6.643,99.88,0.35,490.62,361.1
62.791,4,3,342.0,100.0,0.0,12618.0,4,6.643,99.88,0.35,487.61,362.29
62.807,4,3,342.0,100.0,0.0,12618.0,4,6.643,99.88,0.35,484.74,363.28
62.824,4,3,342.0,100.0,0.0,12618.0,4,6.643,99.88,0.35,481.83,364.14
62.84,4,3,342.0,100.0,0.0,12618.0,4,6.643,99.88,0.35,478.88,364.88
62.857,4,3,342.0,100.0,0.0,12618.0,4,6.643,99.88,0.35,475.71,365.53
62.873,4,3,342.0,100.0,0.0,12618.0,4,6.643,99.88,0.35,472.52,366.03
62.89,4,3,342.0,100.0,0.0,12618.0,4,6.643,99.88,0.35,469.31,366.4
62.907,4,3,342.0,100.0,0.0,12618.0,4,6.643,99.88,0.35,466.09,366.63
62.923,4,3,342.0,100.0,0.0,12618.0,4,6.643,99.88,0.35,463.05,366.71
62.941,4,3,342.0,100.0,0.0,12618.0,4,6.643,99.88,0.35,459.82,366.65
62.957,4,3,342.0,100.0,0.0,12618.0,4,6.643,99.88,0.35,456.79,366.47
62.973,4,3,342.0,100.0,0.0,12618.0,4,6.643,99.88,0.35,453.58,366.13
62.99,4,3,342.0,100.0,0.0,12618.0,4,6.643,99.88,0.35,450.38,365.66
63.007,4,3,342.0,100.0,0.0,12618.0,4,6.643,99.88,0.35,447.21,365.04
63.024,4,3,342.0,100.0,0.0,12618.0,4,6.643,99.88,0.35,444.07,364.29
63.041,4,3,342.0,100.0,0.0,12618.0,4,6.643,99.88,0.35,441.15,363.45
63.058,4,3,342.0,100.0,0.0,12618.0,4,6.643,99.88,0.35,438.08,362.43
63.073,4,3,342.0,100.0,0.0,12618.0,4,6.643,99.88,0.35,435.24,361.34
63.089,4,3,342.0,100.0,0.0,12618.0,4,6.643,99.88,0.35,432.46,360.13
63.106,4,3,342.0,100.0,0.0,12618.0,4,6.643,99.88,0.35,429.72,358.8
63.122,4,3,342.0,100.0,0.0,12618.0,4,6.643,99.88,0.35,427.05,357.35
63.139,4,3,342.0,100.0,0.0,12618.0,4,6.643,99.88,0.35,424.12,355.59
63.156,4,3,342.0,100.0,0.0,12618.0,4,6.643,99.88,0.35,421.58,353.92
63.173,4,3,342.0,100.0,0.0,12618.0,4,6.643,99.88,0.35,418.97,352.02
63.189,4,3,342.0,100.0,0.0,12618.0,4,6.643,99.88,0.35,416.44,350.01
63.206,4,3,342.0,100.0,0.0,12618.0,4,6.643,99.88,0.35,414.14,348.02
63.222,4,3,342.0,100.0,0.0,12618.0,4,6.643,99.88,0.35,411.94,345.92
63.238,4,3,342.0,100.0,0.0,12618.0,4,6.643,99.88,0.35,409.69,343.6
63.254,4,3,342.0,100.0,0.0,12618.0,4,6.643,99.88,0.35,407.68,341.33
63.271,4,3,342.0,100.0,0.0,12618.0,4,6.643,99.88,0.35,405.76,338.96
63.287,4,3,342.0,100.0,0.0,12618.0,4,6.643,99.88,0.35,403.95,336.52
63.303,4,3,342.0,100.0,0.0,12618.0,4,6.643,99.88,0.35,402.25,334.0
63.319,4,3,342.0,100.0,0.0,12618.0,4,6.643,99.88,0.35,400.66,331.41
63.336,4,3,342.0,100.0,0.0,12618.0,4,6.643,99.88,0.35,399.1,328.59
63.353,4,3,342.0,100.0,0.0,12618.0,4,6.643,99.88,0.35,397.65,325.7
63.369,4,3,342.0,100.0,0.0,12618.0,4,6.643,99.88,0.35,396.41,322.92
63.385,4,3,342.0,100.0,0.0,12618.0,4,6.643,99.88,0.35,395.23,319.92
63.402,4,3,342.0,100.0,0.0,12618.0,4,6.643,99.88,0.35,394.18,316.86
63.419,4,3,342.0,100.0,0.0,12618.0,4,6.643,99.88,0.35,393.31,313.95
63.435,4,3,342.0,100.0,0.0,12618.0,4,6.643,99.88,0.35,392.57,311.0
63.451,4,3,342.0,100.0,0.0,12618.0,4,6.643,99.88,0.35,391.93,307.83
63.468,4,3,342.0,100.0,0.0,12618.0,4,6.643,99.88,0.35,391.45,304.83
63.484,4,3,342.0,100.0,0.0,12618.0,4,6.643,99.88,0.35,391.08,301.62
63.5,4,3,342.0,100.0,0.0,12618.0,4,6.643,99.88,0.35,390.87,298.59
63.517,4,3,342.0,100.0,0.0,12618.0,4,6.643,99.88,0.35,390.79,295.55
63.532,4,3,342.0,100.0,0.0,12618.0,4,6.643,99.88,0.35,390.84,292.51
63.549,4,3,342.0,100.0,0.0,12618.0,4,6.643,99.88,0.35,391.03,289.48
63.565,4,3,342.0,100.0,0.0,12618.0,4,6.643,99.88,0.35,391.34,286.45
63.582,4,3,342.0,100.0,0.0,12618.0,4,6.643,99.88,0.35,391.82,283.26
63.598,4,3,342.0,100.0,0.0,12618.0,4,6.643,99.88,0.35,392.4,280.27
63.614,4,3,342.0,100.0,0.0,12618.0,4,6.643,99.88,0.35,393.15,277.13
63.631,4,3,342.0,100.0,0.0,12618.0,4,6.643,99.88,0.35,394.04,274.03
63.648,4,3,342.0,100.0,0.0,12618.0,4,6.643,99.88,0.35,395.0,271.14
63.664,4,3,342.0,100.0,0.0,12618.0,4,6.643,99.88,0.35,396.16,268.13
63.68,4,3,342.0,100.0,0.0,12618.0,4,6.643,99.88,0.35,397.37,265.34
63.697,4,3,342.0,100.0,0.0,12618.0,4,6.643,99.88,0.35,398.7,262.61
63.713,4,3,342.0,100.0,0.0,12618.0,4,6.643,99.88,0.35,400.15,259.93
63.729,4,3,342.0,100.0,0.0,12618.0,4,6.643,99.88,0.35,401.81,257.16
63.746,4,3,342.0,100.0,0.0,12618.0,4,6.643,99.88,0.35,403.49,254.63
63.762,4,3,342.0,100.0,0.0,12618.0,4,6.643,99.88,0.35,405.38,252.02
63.78,4,3,342.0,100.0,0.0,12618.0,4,6.643,99.88,0.35,407.39,249.49
63.796,4,3,342.0,100.0,0.0,12618.0,4,6.643,99.88,0.35,409.51,247.05
63.813,4,3,342.0,100.0,0.0,12618.0,4,6.643,99.88,0.35,411.73,244.7
63.83,4,3,342.0,100.0,0.0,12618.0,4,6.643,99.88,0.35,414.06,242.46
63.848,4,3,342.0,100.0,0.0,12618.0,4,6.643,99.88,0.35,416.47,240.32
63.864,4,3,342.0,100.0,0.0,12618.0,4,6.643,99.88,0.35,418.84,238.4
63.879,4,3,342.0,100.0,0.0,12618.0,4,6.643,99.88,0.35,421.28,236.59
63.896,4,3,342.0,100.0,0.0,12618.0,4,6.643,99.88,0.35,423.96,234.79
63.913,4,3,342.0,100.0,0.0,12618.0,4,6.643,99.88,0.35,426.71,233.1
63.93,4,3,342.0,100.0,0.0,12618.0,4,6.643,99.88,0.36,429.53,231.53
63.947,4,3,342.0,100.0,0.0,12618.0,4,6.643,99.88,0.36,432.42,230.09
63.964,4,3,342.0,100.0,0.0,12618.0,4,6.643,99.88,0.36,435.37,228.77
63.981,4,3,342.0,100.0,0.0,12618.0,4,6.643,99.88,0.36,438.38,227.59
63.998,4,3,342.0,100.0,0.0,12618.0,4,6.643,99.88,0.36,441.43,226.53
64.015,4,3,342.0,100.0,0.0,12618.0,4,6.643,99.88,0.36,444.35,225.67
64.031,4,3,342.0,100.0,0.0,12618.0,4,6.643,99.88,0.36,447.48,224.89
64.048,4,3,342.0,100.0,0.0,12618.0,4,6.643,99.88,0.36,450.46,224.28
64.063,4,3,342.0,100.0,0.0,12618.0,4,6.643,99.88,0.36,453.46,223.8
64.08,4,3,342.0,100.0,0.0,12618.0,4,6.643,99.88,0.36,456.48,223.45
64.096,4,3,342.0,100.0,0.0,12618.0,4,6.643,99.88,0.36,459.51,223.24
64.112,4,3,342.0,100.0,0.0,12618.0,4,6.643,99.88,0.36,462.74,223.16
64.129,4,3,342.0,100.0,0.0,12618.0,4,6.643,99.88,0.36,465.78,223.21
64.146,4,3,342.0,100.0,0.0,12618.0,4,6.643,99.88,0.36,469.0,223.4
64.162,4,3,342.0,100.0,0.0,12618.0,4,6.643,99.88,0.36,472.03,223.72
64.177,4,3,342.0,100.0,0.0,12618.0,4,6.643,99.88,0.36,475.04,224.17
64.194,4,3,342.0,100.0,0.0,12618.0,4,6.643,99.88,0.36,478.21,224.78
64.211,4,3,342.0,100.0,0.0,12618.0,4,6.643,99.88,0.36,481.35,225.53
64.228,4,3,342.0,100.0,0.0,12618.0,4,6.643,99.88,0.36,484.45,226.42
64.244,4,3,342.0,100.0,0.0,12618.0,4,6.643,99.88,0.36,487.34,227.39
64.261,4,3,342.0,100.0,0.0,12618.0,4,6.643,99.88,0.36,490.17,228.47
64.277,4,3,342.0,100.0,0.0,12618.0,4,6.643,99.88,0.36,492.96,229.68
64.293,4,3,342.0,100.0,0.0,12618.0,4,6.643,99.88,0.36,495.87,231.1
64.31,4,3,342.0,100.0,0.0,12618.0,4,6.643,99.88,0.36,498.71,232.64
64.327,4,3,342.0,100.0,0.0,12618.0,4,6.643,99.88,0.36,501.48,234.3
64.343,4,3,342.0,100.0,0.0,12618.0,4,6.643,99.88,0.36,504.01,235.98
64.36,4,3,342.0,100.0,0.0,12618.0,4,6.643,99.88,0.36,506.63,237.87
64.377,4,3,342.0,100.0,0.0,12618.0,4,6.643,99.88,0.36,509.15,239.88
64.394,4,3,342.0,100.0,0.0,12618.0,4,6.643,99.87,0.36,511.45,241.88
64.41,4,3,342.0,100.0,0.0,12618.0,4,6.643,99.87,0.36,513.79,244.1
64.427,4,3,342.0,100.0,0.0,12618.0,4,6.643,99.87,0.36,515.91,246.29
64.444,4,3,342.0,100.0,0.0,12618.0,4,6.643,99.87,0.36,518.05,248.7
64.46,4,3,342.0,100.0,0.0,12618.0,4,6.643,99.87,0.36,520.08,251.21
64.478,4,3,342.0,100.0,0.0,12618.0,4,6.643,99.87,0.36,522.0,253.81
64.494,4,3,342.0,100.0,0.0,12618.0,4,6.643,99.87,0.36,523.71,256.33
64.51,4,3,342.0,100.0,0.0,12618.0,4,6.643,99.87,0.36,525.4,259.08
64.527,4,3,342.0,100.0,0.0,12618.0,4,6.643,99.87,0.36,526.87,261.74
64.544,4,3,342.0,100.0,0.0,12618.0,4,6.643,99.87,0.36,528.23,264.46
64.559,4,3,342.0,100.0,0.0,12618.0,4,6.643,99.87,0.36,529.54,267.41
64.575,4,3,342.0,100.0,0.0,12618.0,4,6.643,99.87,0.36,530.66,270.24
64.592,4,3,342.0,100.0,0.0,12618.0,4,6.643,99.87,0.36,531.65,273.11
64.608,4,3,342.0,100.0,0.0,12618.0,4,6.643,99.87,0.36,532.51,276.02
64.624,4,3,342.0,100.0,0.0,12618.0,4,6.643,99.87,0.36,533.3,279.16
64.641,4,3,342.0,100.0,0.0,12618.0,4,6.643,99.87,0.36,533.94,282.32
64.657,4,3,342.0,100.0,0.0,12618.0,4,6.643,99.87,0.36,534.42,285.33
64.674,4,3,342.0,100.0,0.0,12618.0,4,6.643,99.87,0.36,534.77,288.35
64.69,4,3,342.0,100.0,0.0,12618.0,4,6.643,99.87,0.36,534.99,291.57
64.707,4,3,342.0,100.0,0.0,12618.0,4,6.643,99.87,0.36,535.07,294.61
64.723,4,3,342.0,100.0,0.0,12618.0,4,6.643,99.87,0.36,535.02,297.84
64.74,4,3,342.0,100.0,0.0,12618.0,4,6.643,99.87,0.36,534.84,300.87
64.756,4,3,342.0,100.0,0.0,12618.0,4,6.643,99.87,0.36,534.52,303.89
64.772,4,3,342.0,100.0,0.0,12618.0,4,6.643,99.87,0.36,534.04,307.09
64.789,4,3,342.0,100.0,0.0,12618.0,4,6.643,99.87,0.36,533.43,310.26
64.806,4,3,342.0,100.0,0.0,12618.0,4,6.643,99.87,0.36,532.72,313.22
64.823,4,3,342.0,100.0,0.0,12618.0,4,6.643,99.87,0.36,531.83,316.32
64.839,4,3,342.0,100.0,0.0,12618.0,4,6.643,99.87,0.36,530.81,319.39
64.856,4,3,342.0,100.0,0.0,12618.0,4,6.643,99.87,0.36,529.65,322.4
64.872,4,3,342.0,100.0,0.0,12618.0,4,6.643,99.87,0.36,528.44,325.19
64.889,4,3,342.0,100.0,0.0,12618.0,4,6.643,99.87,0.36,527.03,328.09
64.906,4,3,342.0,100.0,0.0,12618.0,4,6.643,99.87,0.36,525.58,330.77
64.922,4,3,342.0,100.0,0.0,12618.0,4,6.643,99.87,0.36,524.01,333.37
64.938,4,3,342.0,100.0,0.0,12618.0,4,6.643,99.87,0.36,522.23,336.07
64.954,4,3,342.0,100.0,0.0,12618.0,4,6.643,99.87,0.36,520.45,338.53
64.971,4,3,342.0,100.0,0.0,12618.0,4,6.643,99.87,0.36,518.56,340.91
64.987,4,3,342.0,100.0,0.0,12618.0,4,6.643,99.87,0.36,516.44,343.35
65.004,4,3,342.0,100.0,0.0,12618.0,4,6.643,99.87,0.36,514.35,345.55
65.02,4,3,342.0,100.0,0.0,12618.0,4,6.643,99.87,0.36,512.02,347.8
65.038,4,3,342.0,100.0,0.0,12618.0,4,6.643,99.87,0.36,509.46,350.06
65.056,4,3,342.0,100.0,0.0,12618.0,4,6.643,99.87,0.36,506.95,352.1
65.072,4,3,342.0,100.0,0.0,12618.0,4,6.643,99.87,0.36,504.51,353.91
65.088,4,3,342.0,100.0,0.0,12618.0,4,6.643,99.87,0.36,501.99,355.61
65.105,4,3,342.0,100.0,0.0,12618.0,4,6.643,99.87,0.36,499.08,357.4
65.122,4,3,342.0,100.0,0.0,12618.0,4,6.643,99.87,0.36,496.25,358.97
65.14,4,3,342.0,100.0,0.0,12618.0,4,6.643,99.87,0.36,493.36,360.41
65.156,4,3,342.0,100.0,0.0,12618.0,4,6.643,99.87,0.36,490.41,361.72
65.173,4,3,342.0,100.0,0.0,12618.0,4,6.643,99.87,0.36,487.58,362.84
65.19,4,3,342.0,100.0,0.0,12618.0,4,6.643,99.87,0.36,484.53,363.89
65.207,4,3,342.0,100.0,0.0,12618.0,4,6.643,99.87,0.36,481.43,364.81
65.223,4,3,342.0,100.0,0.0,12618.0,4,6.643,99.87,0.36,478.3,365.59
65.241,4,3,342.0,100.0,0.0,12618.0,4,6.643,99.87,0.36,475.14,366.24
65.257,4,3,342.0,100.0,0.0,12618.0,4,6.643,99.87,0.36,471.95,366.75
65.274,4,3,342.0,100.0,0.0,12618.0,4,6.643,99.87,0.36,468.93,367.09
65.29,4,3,342.0,100.0,0.0,12618.0,4,6.643,99.87,0.36,465.89,367.31
65.306,4,3,342.0,100.0,0.0,12618.0,4,6.643,99.87,0.36,462.85,367.39
65.322,4,3,342.0,100.0,0.0,12618.0,4,6.643,99.87,0.36,459.62,367.33
65.339,4,3,342.0,100.0,0.0,12618.0,4,6.643,99.87,0.36,456.4,367.14
65.356,4,3,342.0,100.0,0.0,12618.0,4,6.643,99.87,0.36,453.38,366.82
65.372,4,3,342.0,100.0,0.0,12618.0,4,6.643,99.87,0.36,450.18,366.34
65.388,4,3,342.0,100.0,0.0,12618.0,4,6.643,99.87,0.36,447.2,365.77
65.405,4,3,342.0,100.0,0.0,12618.0,4,6.643,99.87,0.36,444.24,365.06
65.421,4,3,342.0,100.0,0.0,12618.0,4,6.643,99.87,0.36,441.14,364.17
65.438,4,3,342.0,100.0,0.0,12618.0,4,6.643,99.87,0.36,438.25,363.21
65.453,4,3,342.0,100.0,0.0,12618.0,4,6.643,99.87,0.36,435.41,362.12
65.469,4,3,342.0,100.0,0.0,12618.0,4,6.643,99.87,0.36,432.63,360.91
65.486,4,3,342.0,100.0,0.0,12618.0,4,6.643,99.87,0.36,429.89,359.58
65.501,4,3,342.0,100.0,0.0,12618.0,4,6.643,99.87,0.36,427.22,358.13
65.518,4,3,342.0,100.0,0.0,12618.0,4,6.643,99.87,0.36,424.45,356.46
65.535,4,3,342.0,100.0,0.0,12618.0,4,6.643,99.87,0.36,421.91,354.79
65.551,4,3,342.0,100.0,0.0,12618.0,4,6.643,99.87,0.36,419.45,353.0
65.566,4,3,342.0,100.0,0.0,12618.0,4,6.643,99.87,0.36,417.07,351.11
65.583,4,3,342.0,100.0,0.0,12618.0,4,6.643,99.87,0.36,414.64,348.99
65.6,4,3,342.0,100.0,0.0,12618.0,4,6.643,99.87,0.36,412.43,346.9
65.615,4,3,342.0,100.0,0.0,12618.0,4,6.643,99.87,0.36,410.32,344.72
65.633,4,3,342.0,100.0,0.0,12618.0,4,6.643,99.87,0.36,408.18,342.3
65.648,4,3,342.0,100.0,0.0,12618.0,4,6.643,99.87,0.36,406.26,339.94
65.666,4,3,342.0,100.0,0.0,12618.0,4,6.643,99.87,0.36,404.34,337.34
65.682,4,3,342.0,100.0,0.0,12618.0,4,6.643,99.87,0.36,402.64,334.82
65.698,4,3,342.0,100.0,0.0,12618.0,4,6.643,99.87,0.36,401.05,332.23
65.713,4,3,342.0,100.0,0.0,12618.0,4,6.643,99.87,0.36,399.57,329.57
65.73,4,3,342.0,100.0,0.0,12618.0,4,6.643,99.87,0.36,398.13,326.68
65.748,4,3,342.0,100.0,0.0,12618.0,4,6.643,99.87,0.37,396.81,323.73
65.764,4,3,342.0,100.0,0.0,12618.0,4,6.643,99.87,0.37,395.7,320.9
65.78,4,3,342.0,100.0,0.0,12618.0,4,6.643,99.87,0.37,394.71,318.03
65.796,4,3,342.0,100.0,0.0,12618.0,4,6.643,99.87,0.37,393.84,315.11
65.812,4,3,342.0,100.0,0.0,12618.0,4,6.643,99.87,0.37,393.06,311.98
65.829,4,3,342.0,100.0,0.0,12618.0,4,6.643,99.87,0.37,392.45,309.0
65.845,4,3,342.0,100.0,0.0,12618.0,4,6.643,99.87,0.37,391.98,306.0
65.862,4,3,342.0,100.0,0.0,12618.0,4,6.643,99.87,0.37,391.61,302.79
65.878,4,3,342.0,100.0,0.0,12618.0,4,6.643,99.87,0.37,391.39,299.76
65.895,4,3,342.0,100.0,0.0,12618.0,4,6.643,99.87,0.37,391.31,296.53
65.911,4,3,342.0,100.0,0.0,12618.0,4,6.643,99.87,0.37,391.36,293.49
65.926,4,3,342.0,100.0,0.0,12618.0,4,6.643,99.87,0.37,391.54,290.46
65.944,4,3,342.0,100.0,0.0,12618.0,4,6.643,99.87,0.37,391.88,287.24
65.96,4,3,342.0,100.0,0.0,12618.0,4,6.643,99.87,0.37,392.36,284.05
65.977,4,3,342.0,100.0,0.0,12618.0,4,6.643,99.87,0.37,392.93,281.06
65.993,4,3,342.0,100.0,0.0,12618.0,4,6.643,99.87,0.37,393.69,277.92
66.01,4,3,342.0,100.0,0.0,12618.0,4,6.643,99.87,0.37,394.58,274.82
66.028,4,3,342.0,100.0,0.0,12618.0,4,6.643,99.87,0.37,395.6,271.75
66.044,4,3,342.0,100.0,0.0,12618.0,4,6.643,99.87,0.37,396.75,268.74
66.061,4,3,342.0,100.0,0.0,12618.0,4,6.643,99.87,0.37,398.04,265.78
66.078,4,3,342.0,100.0,0.0,12618.0,4,6.643,99.87,0.37,399.46,262.87
66.095,4,3,342.0,100.0,0.0,12618.0,4,6.643,99.87,0.37,400.91,260.2
66.11,4,3,342.0,100.0,0.0,12618.0,4,6.643,99.87,0.37,402.47,257.59
66.127,4,3,342.0,100.0,0.0,12618.0,4,6.643,99.87,0.37,404.25,254.9
66.143,4,3,342.0,100.0,0.0,12618.0,4,6.643,99.87,0.37,406.04,252.44
66.16,4,3,342.0,100.0,0.0,12618.0,4,6.643,99.87,0.37,408.05,249.91
66.177,4,3,342.0,100.0,0.0,12618.0,4,6.643,99.87,0.37,410.04,247.61
66.193,4,3,342.0,100.0,0.0,12618.0,4,6.643,99.87,0.37,412.26,245.27
66.21,4,3,342.0,100.0,0.0,12618.0,4,6.643,99.87,0.37,414.45,243.16
66.226,4,3,342.0,100.0,0.0,12618.0,4,6.643,99.87,0.37,416.72,241.14
66.242,4,3,342.0,100.0,0.0,12618.0,4,6.643,99.87,0.37,419.08,239.23
66.258,4,3,342.0,100.0,0.0,12618.0,4,6.643,99.87,0.37,421.68,237.3
66.275,4,3,342.0,100.0,0.0,12618.0,4,6.643,99.87,0.37,424.2,235.6
66.291,4,3,342.0,100.0,0.0,12618.0,4,6.643,99.87,0.37,426.79,234.01
66.307,4,3,342.0,100.0,0.0,12618.0,4,6.643,99.87,0.37,429.45,232.54
66.324,4,3,342.0,100.0,0.0,12618.0,4,6.643,99.87,0.37,432.34,231.1
66.34,4,3,342.0,100.0,0.0,12618.0,4,6.643,99.87,0.37,435.12,229.86
66.356,4,3,342.0,100.0,0.0,12618.0,4,6.643,99.87,0.37,437.94,228.74
66.372,4,3,342.0,100.0,0.0,12618.0,4,6.643,99.87,0.37,440.82,227.75
66.388,4,3,342.0,100.0,0.0,12618.0,4,6.643,99.87,0.37,443.73,226.89
66.405,4,3,342.0,100.0,0.0,12618.0,4,6.643,99.87,0.37,446.87,226.1
66.422,4,3,342.0,100.0,0.0,12618.0,4,6.643,99.87,0.37,450.03,225.46
66.438,4,3,342.0,100.0,0.0,12618.0,4,6.643,99.87,0.37,453.22,224.95
66.456,4,3,342.0,100.0,0.0,12618.0,4,6.643,99.87,0.37,456.43,224.58
66.472,4,3,342.0,100.0,0.0,12618.0,4,6.643,99.87,0.37,459.46,224.37
66.487,4,3,342.0,100.0,0.0,12618.0,4,6.643,99.87,0.37,462.5,224.29
66.504,4,3,342.0,100.0,0.0,12618.0,4,6.643,99.87,0.37,465.73,224.34
66.521,4,3,342.0,100.0,0.0,12618.0,4,6.643,99.87,0.37,468.76,224.53
66.536,4,3,342.0,100.0,0.0,12618.0,4,6.643,99.87,0.37,471.79,224.84
66.553,4,3,342.0,100.0,0.0,12618.0,4,6.643,99.87,0.37,474.98,225.32
66.569,4,3,342.0,100.0,0.0,12618.0,4,6.643,99.87,0.37,477.97,225.9
66.586,4,3,342.0,100.0,0.0,12618.0,4,6.643,99.87,0.37,480.92,226.61
66.602,4,3,342.0,100.0,0.0,12618.0,4,6.643,99.87,0.37,484.03,227.5
66.619,4,3,342.0,100.0,0.0,12618.0,4,6.643,99.87,0.37,487.09,228.52
66.637,4,3,342.0,100.0,0.0,12618.0,4,6.643,99.87,0.37,490.11,229.67
66.652,4,3,342.0,100.0,0.0,12618.0,4,6.643,99.87,0.37,492.9,230.89
66.669,4,3,342.0,100.0,0.0,12618.0,4,6.643,99.87,0.37,495.8,232.3
66.686,4,3,342.0,100.0,0.0,12618.0,4,6.643,99.87,0.37,498.64,233.84
66.703,4,3,342.0,100.0,0.0,12618.0,4,6.643,99.87,0.37,501.25,235.4
66.72,4,3,342.0,100.0,0.0,12618.0,4,6.643,99.87,0.37,503.94,237.19
66.735,4,3,342.0,100.0,0.0,12618.0,4,6.643,99.87,0.37,506.4,238.97
66.752,4,3,342.0,100.0,0.0,12618.0,4,6.643,99.87,0.37,508.78,240.86
66.768,4,3,342.0,100.0,0.0,12618.0,4,6.643,99.87,0.37,511.22,242.98
66.786,4,3,342.0,100.0,0.0,12618.0,4,6.643,99.87,0.37,513.56,245.2
66.802,4,3,342.0,100.0,0.0,12618.0,4,6.643,99.87,0.37,515.68,247.39
66.817,4,3,342.0,100.0,0.0,12618.0,4,6.643,99.87,0.37,517.69,249.66
66.834,4,3,342.0,100.0,0.0,12618.0,4,6.643,99.87,0.37,519.61,252.03
66.85,4,3,342.0,100.0,0.0,12618.0,4,6.643,99.87,0.37,521.53,254.62
66.867,4,3,342.0,100.0,0.0,12618.0,4,6.643,99.87,0.37,523.34,257.3
66.883,4,3,342.0,100.0,0.0,12618.0,4,6.643,99.87,0.37,524.93,259.89
66.9,4,3,342.0,100.0,0.0,12618.0,4,6.643,99.87,0.37,526.4,262.55
66.915,4,3,342.0,100.0,0.0,12618.0,4,6.643,99.87,0.37,527.76,265.27
66.932,4,3,342.0,100.0,0.0,12618.0,4,6.643,99.87,0.37,529.0,268.04
66.948,4,3,342.0,100.0,0.0,12618.0,4,6.643,99.87,0.37,530.11,270.87
66.964,4,3,342.0,100.0,0.0,12618.0,4,6.643,99.87,0.37,531.1,273.75
66.98,4,3,342.0,100.0,0.0,12618.0,4,6.643,99.87,0.37,532.02,276.84
66.996,4,3,342.0,100.0,0.0,12618.0,4,6.643,99.87,0.37,532.76,279.79
67.013,4,3,342.0,100.0,0.0,12618.0,4,6.643,99.87,0.37,533.41,282.96
67.03,4,3,342.0,100.0,0.0,12618.0,4,6.643,99.87,0.37,533.91,286.15
67.048,4,3,342.0,100.0,0.0,12618.0,4,6.643,99.87,0.37,534.28,289.36
67.064,4,3,342.0,100.0,0.0,12618.0,4,6.643,99.87,0.37,534.49,292.39
67.08,4,3,342.0,100.0,0.0,12618.0,4,6.643,99.87,0.37,534.58,295.62
67.098,4,3,342.0,100.0,0.0,12618.0,4,6.643,99.87,0.37,534.52,298.85
67.114,4,3,342.0,100.0,0.0,12618.0,4,6.643,99.87,0.37,534.33,302.07
67.131,4,3,342.0,100.0,0.0,12618.0,4,6.643,99.87,0.37,534.01,305.09
67.147,4,3,342.0,100.0,0.0,12618.0,4,6.643,99.87,0.37,533.57,308.1
67.163,4,3,342.0,100.0,0.0,12618.0,4,6.643,99.87,0.37,532.95,311.27
67.181,4,3,342.0,100.0,0.0,12618.0,4,6.643,99.87,0.37,532.2,314.41
67.196,4,3,342.0,100.0,0.0,12618.0,4,6.643,99.87,0.37,531.36,317.34
67.213,4,3,342.0,100.0,0.0,12618.0,4,6.643,99.87,0.37,530.34,320.4
67.229,4,3,342.0,100.0,0.0,12618.0,4,6.643,99.87,0.37,529.25,323.24
67.246,4,3,342.0,100.0,0.0,12618.0,4,6.643,99.87,0.37,528.04,326.03
67.262,4,3,342.0,100.0,0.0,12618.0,4,6.643,99.87,0.37,526.71,328.76
67.278,4,3,342.0,100.0,0.0,12618.0,4,6.643,99.87,0.37,525.17,331.6
67.296,4,3,342.0,100.0,0.0,12618.0,4,6.643,99.87,0.37,523.51,334.37
67.311,4,3,342.0,100.0,0.0,12618.0,4,6.643,99.87,0.37,521.83,336.9
67.328,4,3,342.0,100.0,0.0,12618.0,4,6.643,99.87,0.37,520.04,339.36
67.344,4,3,342.0,100.0,0.0,12618.0,4,6.643,99.87,0.37,518.15,341.74
67.36,4,3,342.0,100.0,0.0,12618.0,4,6.643,99.87,0.37,516.03,344.18
67.377,4,3,342.0,100.0,0.0,12618.0,4,6.643,99.87,0.37,513.94,346.39
67.394,4,3,342.0,100.0,0.0,12618.0,4,6.643,99.87,0.37,511.62,348.63
67.41,4,3,342.0,100.0,0.0,12618.0,4,6.643,99.87,0.37,509.2,350.78
67.426,4,3,342.0,100.0,0.0,12618.0,4,6.643,99.87,0.37,506.84,352.69
67.442,4,3,342.0,100.0,0.0,12618.0,4,6.643,99.87,0.37,504.4,354.5
67.459,4,3,342.0,100.0,0.0,12618.0,4,6.643,99.87,0.37,501.72,356.31
67.476,4,3,342.0,100.0,0.0,12618.0,4,6.643,99.87,0.37,499.13,357.9
67.493,4,3,342.0,100.0,0.0,12618.0,4,6.643,99.87,0.37,496.31,359.46
67.51,4,3,342.0,100.0,0.0,12618.0,4,6.643,99.87,0.37,493.42,360.91
67.526,4,3,342.0,100.0,0.0,12618.0,4,6.643,99.87,0.37,490.47,362.22
67.542,4,3,342.0,100.0,0.0,12618.0,4,6.643,99.87,0.37,487.64,363.34
67.559,4,3,342.0,100.0,0.0,12618.0,4,6.643,99.87,0.38,484.76,364.33
67.575,4,3,342.0,100.0,0.0,12618.0,4,6.643,99.87,0.38,481.85,365.19
67.591,4,3,342.0,100.0,0.0,12618.0,4,6.643,99.87,0.38,478.72,365.98
67.607,4,3,342.0,100.0,0.0,12618.0,4,6.643,99.87,0.38,475.74,366.58
67.623,4,3,342.0,100.0,0.0,12618.0,4,6.643,99.87,0.38,472.74,367.06
67.639,4,3,342.0,100.0,0.0,12618.0,4,6.643,99.87,0.38,469.71,367.41
67.657,4,3,342.0,100.0,0.0,12618.0,4,6.643,99.87,0.38,466.49,367.63
67.673,4,3,342.0,100.0,0.0,12618.0,4,6.643,99.87,0.38,463.45,367.71
67.69,4,3,342.0,100.0,0.0,12618.0,4,6.643,99.87,0.38,460.22,367.66
67.706,4,3,342.0,100.0,0.0,12618.0,4,6.643,99.87,0.38,457.19,367.48
67.722,4,3,342.0,100.0,0.0,12618.0,4,6.643,99.87,0.38,453.98,367.14
67.739,4,3,342.0,100.0,0.0,12618.0,4,6.643,99.87,0.38,450.97,366.69
67.755,4,3,342.0,100.0,0.0,12618.0,4,6.643,99.87,0.38,447.99,366.11
67.771,4,3,342.0,100.0,0.0,12618.0,4,6.643,99.87,0.38,444.85,365.36
67.789,4,3,342.0,100.0,0.0,12618.0,4,6.643,99.87,0.38,441.74,364.47
67.804,4,3,342.0,100.0,0.0,12618.0,4,6.643,99.87,0.38,438.86,363.51
67.822,4,3,342.0,100.0,0.0,12618.0,4,6.643,99.87,0.38,435.84,362.35
67.839,4,3,342.0,100.0,0.0,12618.0,4,6.643,99.87,0.38,432.88,361.07
67.855,4,3,342.0,100.0,0.0,12618.0,4,6.643,99.87,0.38,429.97,359.65
67.872,4,3,342.0,100.0,0.0,12618.0,4,6.643,99.87,0.38,427.13,358.11
67.889,4,3,342.0,100.0,0.0,12618.0,4,6.643,99.87,0.38,424.36,356.45
67.906,4,3,342.0,100.0,0.0,12618.0,4,6.643,99.87,0.38,421.83,354.77
67.922,4,3,342.0,100.0,0.0,12618.0,4,6.643,99.87,0.38,419.21,352.88
67.939,4,3,342.0,100.0,0.0,12618.0,4,6.643,99.87,0.38,416.83,350.99
67.955,4,3,342.0,100.0,0.0,12618.0,4,6.643,99.87,0.38,414.4,348.87
67.971,4,3,342.0,100.0,0.0,12618.0,4,6.643,99.87,0.38,412.19,346.78
67.989,4,3,342.0,100.0,0.0,12618.0,4,6.643,99.87,0.38,409.95,344.45
68.006,4,3,342.0,100.0,0.0,12618.0,4,6.643,99.87,0.38,407.8,342.04
68.022,4,3,342.0,100.0,0.0,12618.0,4,6.643,99.87,0.38,405.77,339.53
68.039,4,3,342.0,100.0,0.0,12618.0,4,6.643,99.87,0.38,403.85,336.93
68.056,4,3,342.0,100.0,0.0,12618.0,4,6.643,99.87,0.38,402.15,334.41
68.072,4,3,342.0,100.0,0.0,12618.0,4,6.643,99.87,0.38,400.56,331.82
68.088,4,3,342.0,100.0,0.0,12618.0,4,6.643,99.87,0.38,399.08,329.16
68.104,4,3,342.0,100.0,0.0,12618.0,4,6.643,99.87,0.38,397.72,326.44
68.12,4,3,342.0,100.0,0.0,12618.0,4,6.643,99.87,0.38,396.49,323.67
68.136,4,3,342.0,100.0,0.0,12618.0,4,6.643,99.87,0.38,395.37,320.84
68.152,4,3,342.0,100.0,0.0,12618.0,4,6.643,99.87,0.38,394.32,317.78
68.17,4,3,342.0,100.0,0.0,12618.0,4,6.643,99.87,0.38,393.4,314.69
68.186,4,3,342.0,100.0,0.0,12618.0,4,6.643,99.87,0.38,392.66,311.74
68.202,4,3,342.0,100.0,0.0,12618.0,4,6.643,99.87,0.38,392.05,308.76
68.218,4,3,342.0,100.0,0.0,12618.0,4,6.643,99.87,0.38,391.58,305.76
68.234,4,3,342.0,100.0,0.0,12618.0,4,6.643,99.87,0.38,391.21,302.55
68.252,4,3,342.0,100.0,0.0,12618.0,4,6.643,99.87,0.38,390.98,299.33
68.267,4,3,342.0,100.0,0.0,12618.0,4,6.643,99.87,0.38,390.9,296.29
68.284,4,3,342.0,100.0,0.0,12618.0,4,6.643,99.87,0.38,390.96,293.06
68.301,4,3,342.0,100.0,0.0,12618.0,4,6.643,99.87,0.38,391.15,289.83
68.318,4,3,342.0,100.0,0.0,12618.0,4,6.643,99.87,0.38,391.49,286.62
68.336,4,3,342.0,100.0,0.0,12618.0,4,6.643,99.87,0.38,391.96,283.43
68.352,4,3,342.0,100.0,0.0,12618.0,4,6.643,99.87,0.38,392.58,280.26
68.37,4,3,342.0,100.0,0.0,12618.0,4,6.643,99.87,0.38,393.33,277.11
68.386,4,3,341.81,0.0,0.0,12618.0,4,-3.358,99.87,0.38,394.17,274.19
68.402,4,3,341.6,0.0,0.0,12611.0,4,-3.355,99.87,0.38,395.19,271.13
68.419,4,3,341.41,0.0,0.0,12603.0,4,-3.351,99.87,0.38,396.27,268.3
68.436,4,3,341.2,0.0,0.0,12596.0,4,-3.347,99.87,0.38,397.56,265.34
68.451,4,3,341.01,0.0,0.0,12589.0,4,-3.343,99.87,0.38,398.88,262.62
68.468,4,3,340.82,0.0,0.0,12582.0,4,-3.34,99.87,0.38,400.33,259.95
68.484,4,3,340.63,0.0,0.0,12574.0,4,-3.336,99.87,0.38,401.88,257.36
68.5,4,3,340.42,0.0,0.0,12567.0,4,-3.333,99.87,0.38,403.65,254.67
68.518,4,3,340.22,0.0,0.0,12560.0,4,-3.329,99.87,0.38,405.54,252.07
68.535,4,3,340.02,0.0,0.0,12552.0,4,-3.325,99.87,0.38,407.53,249.55
68.551,4,3,339.81,0.0,0.0,12545.0,4,-3.321,99.87,0.38,409.63,247.13
68.567,4,3,339.62,0.0,0.0,12537.0,4,-3.317,99.87,0.38,411.7,244.93
68.584,4,3,339.42,0.0,0.0,12530.0,4,-3.314,99.87,0.38,414.0,242.7
68.601,4,3,339.22,0.0,0.0,12523.0,4,-3.31,99.87,0.38,416.4,240.57
68.617,4,3,339.03,0.0,0.0,12515.0,4,-3.306,99.87,0.38,418.73,238.66
68.636,4,3,338.81,0.0,0.0,12508.0,4,-3.303,99.87,0.38,421.45,236.64
68.652,4,3,338.61,0.0,0.0,12500.0,4,-3.299,99.87,0.38,424.09,234.84
68.669,4,3,338.42,0.0,0.0,12493.0,4,-3.295,99.87,0.38,426.65,233.25
68.685,4,3,338.22,0.0,0.0,12486.0,4,-3.291,99.87,0.38,429.43,231.69
68.702,4,3,338.02,0.0,0.0,12479.0,4,-3.287,99.87,0.38,432.28,230.25
68.72,4,3,337.82,0.0,0.0,12471.0,4,-3.284,99.87,0.38,435.19,228.93
68.736,4,3,337.63,0.0,0.0,12464.0,4,-3.28,99.87,0.38,437.97,227.81
68.752,4,3,337.43,0.0,0.0,12457.0,4,-3.276,99.87,0.38,440.98,226.75
68.768,4,3,337.24,0.0,0.0,12449.0,4,-3.273,99.87,0.38,443.85,225.88
68.785,4,3,337.05,0.0,0.0,12442.0,4,-3.269,99.87,0.38,446.75,225.13
68.801,4,3,336.85,0.0,0.0,12435.0,4,-3.266,99.87,0.38,449.86,224.47
68.818,4,3,336.65,0.0,0.0,12428.0,4,-3.262,99.87,0.38,452.99,223.94
68.835,4,3,336.46,0.0,0.0,12421.0,4,-3.258,99.87,0.38,455.96,223.57
68.851,4,3,336.27,0.0,0.0,12414.0,4,-3.255,99.87,0.38,458.94,223.32
68.867,4,3,336.09,0.0,0.0,12407.0,4,-3.251,99.87,0.38,461.93,223.21
68.883,4,3,335.89,0.0,0.0,12400.0,4,-3.248,99.87,0.38,465.1,223.22
68.9,4,3,335.7,0.0,0.0,12393.0,4,-3.244,99.87,0.38,468.08,223.36
68.916,4,3,335.5,0.0,0.0,12386.0,4,-3.241,99.87,0.38,471.23,223.65
68.934,4,3,335.31,0.0,0.0,12378.0,4,-3.237,99.87,0.38,474.37,224.07
68.95,4,3,335.11,0.0,0.0,12371.0,4,-3.233,99.87,0.38,477.49,224.62
68.967,4,3,334.91,0.0,0.0,12364.0,4,-3.23,99.87,0.38,480.58,225.3
68.984,4,3,334.72,0.0,0.0,12357.0,4,-3.226,99.87,0.38,483.45,226.07
69.0,4,3,334.53,0.0,0.0,12350.0,4,-3.223,99.87,0.38,486.47,227.02
69.016,4,3,334.34,0.0,0.0,12342.0,4,-3.219,99.87,0.38,489.26,228.03
69.033,4,3,334.14,0.0,0.0,12336.0,4,-3.216,99.87,0.38,492.18,229.22
69.05,4,3,333.95,0.0,0.0,12328.0,4,-3.212,99.87,0.38,495.05,230.54
69.067,4,3,333.75,0.0,0.0,12321.0,4,-3.208,99.87,0.38,497.85,231.98
69.084,4,3,333.56,0.0,0.0,12314.0,4,-3.205,99.87,0.38,500.59,233.54
69.101,4,3,333.36,0.0,0.0,12307.0,4,-3.201,99.87,0.38,503.26,235.21
69.117,4,3,333.18,0.0,0.0,12299.0,4,-3.197,99.87,0.38,505.7,236.88
69.134,4,3,332.99,0.0,0.0,12293.0,4,-3.194,99.87,0.38,508.07,238.66
69.149,4,3,332.81,0.0,0.0,12286.0,4,-3.191,99.87,0.38,510.35,240.54
69.165,4,3,332.62,0.0,0.0,12279.0,4,-3.187,99.87,0.38,512.56,242.51
69.182,4,3,332.44,0.0,0.0,12272.0,4,-3.184,99.87,0.38,514.68,244.57
69.198,4,3,332.26,0.0,0.0,12265.0,4,-3.181,99.87,0.38,516.71,246.72
69.214,4,3,332.07,0.0,0.0,12259.0,4,-3.177,99.87,0.38,518.64,248.95
69.23,4,3,331.88,0.0,0.0,12252.0,4,-3.174,99.87,0.38,520.59,251.4
69.247,4,3,331.7,0.0,0.0,12245.0,4,-3.17,99.87,0.38,522.33,253.78
69.262,4,3,331.52,0.0,0.0,12238.0,4,-3.167,99.87,0.38,523.96,256.23
69.278,4,3,331.33,0.0,0.0,12231.0,4,-3.164,99.87,0.38,525.49,258.75
69.295,4,3,331.15,0.0,0.0,12225.0,4,-3.16,99.87,0.38,526.91,261.33
69.311,4,3,330.96,0.0,0.0,12218.0,4,-3.157,99.87,0.38,528.3,264.13
69.329,4,3,330.76,0.0,0.0,12211.0,4,-3.153,99.87,0.38,529.57,266.98
69.346,4,3,330.57,0.0,0.0,12204.0,4,-3.15,99.87,0.38,530.72,269.89
69.362,4,3,330.38,0.0,0.0,12196.0,4,-3.146,99.87,0.38,531.74,272.84
69.379,4,3,330.19,0.0,0.0,12189.0,4,-3.143,99.87,0.38,532.64,275.82
69.396,4,3,330.01,0.0,0.0,12182.0,4,-3.139,99.87,0.38,533.36,278.66
69.412,4,3,329.81,0.0,0.0,12176.0,4,-3.136,99.87,0.38,534.01,281.71
69.429,4,3,329.63,0.0,0.0,12169.0,4,-3.133,99.87,0.38,534.49,284.6
69.446,4,3,329.44,0.0,0.0,12162.0,4,-3.129,99.87,0.38,534.87,287.69
69.462,4,3,329.25,0.0,0.0,12155.0,4,-3.126,99.87,0.38,535.13,290.79
69.48,4,3,329.06,0.0,0.0,12148.0,4,-3.122,99.87,0.38,535.25,293.89
69.495,4,3,328.88,0.0,0.0,12141.0,4,-3.119,99.87,0.38,535.25,296.82
69.512,4,3,328.69,0.0,0.0,12134.0,4,-3.116,99.87,0.38,535.11,299.92
69.528,4,3,328.51,0.0,0.0,12127.0,4,-3.112,99.87,0.38,534.86,302.83
69.545,4,3,328.33,0.0,0.0,12120.0,4,-3.109,99.87,0.38,534.49,305.72
69.561,4,3,328.15,0.0,0.0,12114.0,4,-3.106,99.87,0.38,533.99,308.6
69.577,4,3,327.97,0.0,0.0,12107.0,4,-3.103,99.87,0.38,533.38,311.45
69.593,4,3,327.78,0.0,0.0,12101.0,4,-3.099,99.87,0.38,532.61,314.44
69.609,4,3,327.61,0.0,0.0,12094.0,4,-3.096,99.87,0.38,531.76,317.23
69.627,4,3,327.42,0.0,0.0,12087.0,4,-3.093,99.87,0.38,530.74,320.15
69.643,4,3,327.23,0.0,0.0,12080.0,4,-3.089,99.87,0.38,529.59,323.02
69.661,4,3,327.03,0.0,0.0,12073.0,4,-3.086,99.87,0.38,528.26,326.01
69.678,4,3,326.84,0.0,0.0,12066.0,4,-3.082,99.87,0.38,526.88,328.77
69.695,4,3,326.66,0.0,0.0,12059.0,4,-3.079,99.87,0.38,525.48,331.31
69.711,4,3,326.47,0.0,0.0,12052.0,4,-3.076,99.87,0.38,523.88,333.95
69.727,4,3,326.3,0.0,0.0,12045.0,4,-3.072,99.87,0.38,522.28,336.36
69.744,4,3,326.11,0.0,0.0,12039.0,4,-3.069,99.87,0.38,520.46,338.85
69.761,4,3,325.92,0.0,0.0,12032.0,4,-3.066,99.87,0.38,518.55,341.27
69.778,4,3,325.74,0.0,0.0,12025.0,4,-3.062,99.87,0.38,516.66,343.46
69.795,4,3,325.56,0.0,0.0,12018.0,4,-3.059,99.87,0.38,514.56,345.7
69.81,4,3,325.38,0.0,0.0,12011.0,4,-3.056,99.87,0.38,512.49,347.73
69.827,4,3,325.21,0.0,0.0,12005.0,4,-3.053,99.87,0.38,510.35,349.66
69.842,4,3,325.03,0.0,0.0,11998.0,4,-3.049,99.87,0.38,508.13,351.51
69.859,4,3,324.84,0.0,0.0,11992.0,4,-3.046,99.87,0.38,505.69,353.37
69.875,4,3,324.67,0.0,0.0,11985.0,4,-3.043,99.87,0.38,503.32,355.02
69.892,4,3,324.49,0.0,0.0,11979.0,4,-3.04,99.87,0.38,500.89,356.58
69.907,4,3,324.32,0.0,0.0,11972.0,4,-3.037,99.87,0.38,498.4,358.03
69.924,4,3,324.14,0.0,0.0,11966.0,4,-3.034,99.87,0.38,495.85,359.37
69.94,4,3,323.97,0.0,0.0,11959.0,4,-3.03,99.87,0.38,493.25,360.61
69.957,4,3,323.78,0.0,0.0,11953.0,4,-3.027,99.87,0.38,490.44,361.81
69.972,4,3,323.61,0.0,0.0,11946.0,4,-3.024,99.87,0.38,487.75,362.83
69.989,4,3,323.44,0.0,0.0,11940.0,4,-3.021,99.87,0.38,485.02,363.74
70.006,4,3,323.25,0.0,0.0,11933.0,4,-3.018,99.87,0.38,482.09,364.58
70.022,4,3,323.08,0.0,0.0,11926.0,4,-3.014,99.87,0.38,479.3,365.26
70.038,4,3,323.48,100.0,0.0,11920.0,4,6.99,99.87,0.38,476.48,365.82
70.054,4,3,323.88,100.0,0.0,11935.0,4,6.983,99.87,0.38,473.63,366.27
70.07,4,3,324.28,100.0,0.0,11950.0,4,6.976,99.87,0.38,470.77,366.6
70.087,4,3,324.71,100.0,0.0,11964.0,4,6.969,99.87,0.38,467.71,366.82
70.103,4,3,325.14,100.0,0.0,11980.0,4,6.961,99.87,0.38,464.64,366.92
70.119,4,3,325.54,100.0,0.0,11996.0,4,6.953,99.87,0.38,461.75,366.89
70.136,4,3,325.94,100.0,0.0,12011.0,4,6.946,99.87,0.38,458.85,366.74
70.151,4,3,326.34,100.0,0.0,12025.0,4,6.939,99.87,0.38,455.97,366.47
70.167,4,3,326.74,100.0,0.0,12040.0,4,6.932,99.87,0.38,453.09,366.08
70.184,4,3,327.13,100.0,0.0,12055.0,4,6.925,99.87,0.38,450.23,365.57
70.2,4,3,327.53,100.0,0.0,12070.0,4,6.917,99.87,0.38,447.38,364.94
70.215,4,3,327.93,100.0,0.0,12084.0,4,6.91,99.87,0.38,444.57,364.19
70.231,4,3,328.33,100.0,0.0,12099.0,4,6.903,99.87,0.38,441.78,363.32
70.248,4,3,328.75,100.0,0.0,12114.0,4,6.896,99.87,0.39,438.86,362.27
70.264,4,3,329.15,100.0,0.0,12129.0,4,6.888,99.87,0.39,436.15,361.17
70.281,4,3,329.57,100.0,0.0,12144.0,4,6.881,99.87,0.39,433.32,359.88
70.298,4,3,329.99,100.0,0.0,12159.0,4,6.873,99.87,0.39,430.54,358.46
70.314,4,3,330.38,100.0,0.0,12175.0,4,6.866,99.87,0.39,427.98,357.02
70.33,4,3,330.78,100.0,0.0,12190.0,4,6.858,99.87,0.39,425.48,355.47
70.347,4,3,331.2,100.0,0.0,12204.0,4,6.851,99.87,0.39,422.89,353.72
70.364,4,3,331.62,100.0,0.0,12220.0,4,6.844,99.87,0.39,420.38,351.85
70.381,4,3,332.04,100.0,0.0,12235.0,4,6.836,99.87,0.39,417.94,349.87
70.398,4,3,332.45,100.0,0.0,12250.0,4,6.828,99.87,0.39,415.59,347.79
70.415,4,3,332.87,100.0,0.0,12266.0,4,6.821,99.87,0.39,413.33,345.61
70.431,4,3,333.26,100.0,0.0,12281.0,4,6.813,99.87,0.39,411.28,343.47
70.448,4,3,333.68,100.0,0.0,12296.0,4,6.806,99.87,0.39,409.2,341.1
70.465,4,3,334.1,100.0,0.0,12311.0,4,6.798,99.87,0.39,407.23,338.64
70.482,4,3,334.51,100.0,0.0,12326.0,4,6.79,99.87,0.39,405.36,336.09
70.5,4,3,334.93,100.0,0.0,12342.0,4,6.783,99.87,0.39,403.59,333.47
70.515,4,3,335.32,100.0,0.0,12357.0,4,6.775,99.87,0.39,402.04,330.92
70.531,4,3,335.71,100.0,0.0,12372.0,4,6.768,99.87,0.39,400.6,328.31
70.548,4,3,336.12,100.0,0.0,12386.0,4,6.761,99.87,0.39,399.18,325.47
70.564,4,3,336.51,100.0,0.0,12401.0,4,6.753,99.87,0.39,397.96,322.74
70.581,4,3,336.92,100.0,0.0,12416.0,4,6.746,99.87,0.39,396.79,319.78
70.598,4,3,337.31,100.0,0.0,12431.0,4,6.738,99.87,0.39,395.81,316.95
70.614,4,3,337.72,100.0,0.0,12445.0,4,6.731,99.87,0.39,394.89,313.89
70.631,4,3,338.13,100.0,0.0,12460.0,4,6.723,99.87,0.39,394.11,310.8
70.647,4,3,338.52,100.0,0.0,12475.0,4,6.716,99.87,0.39,393.5,307.85
70.664,4,3,338.91,100.0,0.0,12490.0,4,6.708,99.87,0.39,393.02,304.88
70.681,4,3,339.32,100.0,0.0,12504.0,4,6.701,99.87,0.39,392.5,301.71
70.696,4,3,339.7,100.0,0.0,12519.0,4,6.693,99.87,0.39,392.02,298.73
70.712,4,3,340.09,100.0,0.0,12533.0,4,6.686,99.87,0.39,391.53,295.75
70.729,4,3,340.47,100.0,0.0,12548.0,4,6.679,99.87,0.39,391.05,292.76
70.746,4,3,340.88,100.0,0.0,12562.0,4,6.672,99.87,0.39,390.53,289.58
70.762,4,3,341.27,100.0,0.0,12577.0,4,6.664,99.87,0.39,390.04,286.59
70.778,4,3,341.65,100.0,0.0,12591.0,4,6.657,99.87,0.39,389.56,283.59
70.794,4,3,342.0,100.0,0.0,12605.0,4,6.65,99.87,0.39,389.07,280.59
70.81,4,3,342.0,100.0,0.0,12618.0,4,6.643,99.87,0.39,388.58,277.59
70.826,4,3,342.0,100.0,0.0,12618.0,4,6.643,99.87,0.39,388.09,274.59
70.842,4,3,342.0,100.0,0.0,12618.0,4,6.643,99.87,0.39,387.58,271.4
70.859,4,3,342.0,100.0,0.0,12618.0,4,6.643,99.87,0.39,387.06,268.21
70.876,4,3,342.0,100.0,0.0,12618.0,4,6.643,99.87,0.39,386.57,265.21
70.893,4,3,342.0,100.0,0.0,12618.0,4,6.643,99.87,0.39,386.05,262.02
70.908,4,3,342.0,100.0,0.0,12618.0,4,6.643,99.87,0.39,385.56,259.02
70.925,4,3,342.0,100.0,0.0,12618.0,4,6.643,99.87,0.39,385.05,255.84
70.942,4,3,342.0,100.0,0.0,12618.0,4,6.643,99.87,0.39,384.56,252.83
70.957,4,3,342.0,100.0,0.0,12618.0,4,6.643,99.87,0.39,384.07,249.83
70.974,4,3,342.0,100.0,0.0,12618.0,4,6.643,99.87,0.39,383.55,246.65
70.991,4,3,342.0,100.0,0.0,12618.0,4,6.643,99.87,0.39,383.07,243.65
71.007,4,3,342.0,100.0,0.0,12618.0,4,6.643,99.87,0.39,382.55,240.46
71.024,4,3,342.0,100.0,0.0,12618.0,4,6.643,99.87,0.39,382.03,237.27
71.041,4,3,342.0,100.0,0.0,12618.0,4,6.643,99.86,0.39,381.51,234.08
71.058,4,3,342.0,100.0,0.0,12618.0,4,6.643,99.86,0.39,381.02,231.08
71.074,4,3,342.0,100.0,0.0,12618.0,4,6.643,99.86,0.39,380.51,227.89
71.091,4,3,342.0,100.0,0.0,12618.0,4,6.643,99.86,0.39,380.02,224.89
71.106,4,3,342.0,100.0,0.0,12618.0,4,6.643,99.86,0.39,379.53,221.89
71.123,4,3,342.0,100.0,0.0,12618.0,4,6.643,99.86,0.39,379.04,218.89
71.139,4,3,342.0,100.0,0.0,12618.0,4,6.643,99.86,0.39,378.55,215.89
71.155,4,3,342.0,100.0,0.0,12618.0,4,6.643,99.86,0.39,378.04,212.7
71.172,4,3,342.0,100.0,0.0,12618.0,4,6.643,99.86,0.39,377.52,209.51
71.189,4,3,342.0,100.0,0.0,12618.0,4,6.643,99.86,0.39,377.03,206.51
71.205,4,3,342.0,100.0,0.0,12618.0,4,6.643,99.86,0.39,376.54,203.51
71.222,4,3,342.0,100.0,0.0,12618.0,4,6.643,99.86,0.39,376.03,200.32
71.238,4,3,342.0,100.0,0.0,12618.0,4,6.643,99.86,0.39,375.54,197.32
71.254,4,3,342.0,100.0,0.0,12618.0,4,6.643,99.86,0.39,375.05,194.32
71.27,4,3,342.0,100.0,0.0,12618.0,4,6.643,99.86,0.39,374.53,191.13
71.287,4,3,342.0,100.0,0.0,12618.0,4,6.643,99.86,0.39,374.04,188.13
71.303,4,3,342.0,100.0,0.0,12618.0,4,6.643,99.86,0.39,373.56,185.13
71.32,4,3,342.0,100.0,0.0,12618.0,4,6.643,99.86,0.39,373.18,181.93
71.336,4,3,342.0,100.0,0.0,12618.0,4,6.643,99.86,0.39,372.95,178.89
71.352,4,3,342.0,100.0,0.0,12618.0,4,6.643,99.86,0.39,372.86,175.85
71.368,4,3,342.0,100.0,0.0,12618.0,4,6.643,99.86,0.39,372.9,172.81
71.383,4,3,342.0,100.0,0.0,12618.0,4,6.643,99.86,0.39,373.08,169.78
71.4,4,3,342.0,100.0,0.0,12618.0,4,6.643,99.86,0.39,373.38,166.76
71.416,4,3,342.0,100.0,0.0,12618.0,4,6.643,99.86,0.39,373.85,163.56
71.433,4,3,342.0,100.0,0.0,12618.0,4,6.643,99.86,0.39,374.45,160.39
71.45,4,3,342.0,100.0,0.0,12618.0,4,6.643,99.86,0.39,375.15,157.43
71.466,4,3,342.0,100.0,0.0,12618.0,4,6.643,99.86,0.39,375.97,154.5
71.482,4,3,342.0,100.0,0.0,12618.0,4,6.643,99.86,0.39,376.99,151.43
71.499,4,3,342.0,100.0,0.0,12618.0,4,6.643,99.86,0.39,378.13,148.41
71.516,4,3,342.0,100.0,0.0,12618.0,4,6.643,99.86,0.39,379.41,145.45
71.533,4,3,342.0,100.0,0.0,12618.0,4,6.643,99.86,0.39,380.81,142.54
71.549,4,3,342.0,100.0,0.0,12618.0,4,6.643,99.86,0.39,382.25,139.86
71.566,4,3,342.0,100.0,0.0,12618.0,4,6.643,99.86,0.39,383.9,137.09
71.583,4,3,342.0,100.0,0.0,12618.0,4,6.643,99.86,0.39,385.68,134.38
71.6,4,3,342.0,100.0,0.0,12618.0,4,6.643,99.86,0.39,387.56,131.76
71.616,4,3,342.0,100.0,0.0,12618.0,4,6.643,99.86,0.39,389.45,129.38
71.633,4,3,342.0,100.0,0.0,12618.0,4,6.643,99.86,0.39,391.56,126.93
71.649,4,3,342.0,100.0,0.0,12618.0,4,6.643,99.86,0.39,393.64,124.72
71.665,4,3,342.0,100.0,0.0,12618.0,4,6.643,99.86,0.39,395.82,122.6
71.682,4,3,342.0,100.0,0.0,12618.0,4,6.643,99.86,0.39,398.09,120.57
71.697,4,3,342.0,100.0,0.0,12618.0,4,6.643,99.86,0.39,400.44,118.65
71.713,4,3,342.0,100.0,0.0,12618.0,4,6.643,99.86,0.39,402.88,116.83
71.73,4,3,342.0,100.0,0.0,12618.0,4,6.643,99.86,0.39,405.39,115.12
71.746,4,3,342.0,100.0,0.0,12618.0,4,6.643,99.86,0.39,407.98,113.52
71.761,4,3,342.0,100.0,0.0,12618.0,4,6.643,99.86,0.39,410.63,112.04
71.778,4,3,342.0,100.0,0.0,12618.0,4,6.643,99.86,0.39,413.51,110.59
71.795,4,3,342.0,100.0,0.0,12618.0,4,6.643,99.86,0.39,416.46,109.26
71.812,4,3,342.0,100.0,0.0,12618.0,4,6.643,99.86,0.39,419.46,108.07
71.829,4,3,342.0,100.0,0.0,12618.0,4,6.643,99.86,0.39,422.46,106.87
71.847,4,3,342.0,100.0,0.0,12618.0,4,6.643,99.86,0.39,425.46,105.67
71.863,4,3,342.0,100.0,0.0,12618.0,4,6.643,99.86,0.39,428.29,104.55
71.879,4,3,342.0,100.0,0.0,12618.0,4,6.643,99.86,0.39,431.29,103.35
71.896,4,3,342.0,100.0,0.0,12618.0,4,6.643,99.86,0.39,434.29,102.16
71.913,4,3,342.0,100.0,0.0,12618.0,4,6.643,99.86,0.39,437.11,101.03
71.929,4,3,342.0,100.0,0.0,12618.0,4,6.643,99.86,0.39,440.11,99.83
71.946,4,3,342.0,100.0,0.0,12618.0,4,6.643,99.86,0.39,442.88,98.59
71.963,4,3,342.0,100.0,0.0,12618.0,4,6.643,99.86,0.39,445.77,97.13
71.979,4,3,342.0,100.0,0.0,12618.0,4,6.643,99.86,0.39,448.59,95.56
71.995,4,3,342.0,100.0,0.0,12618.0,4,6.643,99.86,0.39,451.17,93.96
72.012,4,3,342.0,100.0,0.0,12618.0,4,6.643,99.86,0.39,453.84,92.14
72.029,4,3,342.0,100.0,0.0,12618.0,4,6.643,99.86,0.39,456.28,90.32
72.045,4,3,342.0,100.0,0.0,12618.0,4,6.643,99.86,0.39,458.78,88.28
72.062,4,3,342.0,100.0,0.0,12618.0,4,6.643,99.86,0.4,461.19,86.13
72.079,4,3,342.0,100.0,0.0,12618.0,4,6.643,99.86,0.4,463.37,84.01
72.094,4,3,342.0,100.0,0.0,12618.0,4,6.643,99.86,0.4,465.45,81.8
72.111,4,3,342.0,100.0,0.0,12618.0,4,6.643,99.86,0.4,467.56,79.35
72.128,4,3,342.0,100.0,0.0,12618.0,4,6.643,99.86,0.4,469.56,76.81
72.145,4,3,342.0,100.0,0.0,12618.0,4,6.643,99.86,0.4,471.45,74.19
72.162,4,3,342.0,100.0,0.0,12618.0,4,6.643,99.86,0.4,473.22,71.49
72.179,4,3,342.0,100.0,0.0,12618.0,4,6.643,99.86,0.4,474.88,68.72
72.196,4,3,342.0,100.0,0.0,12618.0,4,6.643,99.86,0.4,476.41,65.87
72.213,4,3,342.0,100.0,0.0,12618.0,4,6.643,99.86,0.4,477.81,62.96
72.23,4,3,342.0,100.0,0.0,12618.0,4,6.643,99.86,0.4,479.09,60.0
72.247,4,3,342.0,100.0,0.0,12618.0,4,6.643,99.86,0.4,480.16,57.15
72.262,4,3,342.0,100.0,0.0,12618.0,4,6.643,99.86,0.4,481.12,54.27
72.278,4,3,342.0,100.0,0.0,12618.0,4,6.643,99.86,0.4,481.94,51.34
72.295,4,3,342.0,100.0,0.0,12618.0,4,6.643,99.86,0.4,482.68,48.2
72.312,4,3,342.0,100.0,0.0,12618.0,4,6.643,99.86,0.4,483.29,45.02
72.329,4,3,342.0,100.0,0.0,12618.0,4,6.643,99.86,0.4,483.75,41.83
72.346,4,3,342.0,100.0,0.0,12618.0,4,6.643,99.86,0.4,484.06,38.8
72.363,4,3,342.0,100.0,0.0,12618.0,4,6.643,99.86,0.4,484.24,35.58
72.379,4,3,342.0,100.0,0.0,12618.0,4,6.643,99.86,0.4,484.28,32.54
72.394,4,3,342.0,100.0,0.0,12618.0,4,6.643,99.86,0.4,484.19,29.5
72.41,4,3,342.0,100.0,0.0,12618.0,4,6.643,99.86,0.4,483.97,26.47
72.427,4,3,342.0,100.0,0.0,12618.0,4,6.643,99.86,0.4,483.59,23.26
72.444,4,3,342.0,100.0,0.0,12618.0,4,6.643,99.86,0.4,483.07,20.07
72.46,4,3,342.0,100.0,0.0,12618.0,4,6.643,99.86,0.4,482.45,17.1
72.478,4,3,342.0,100.0,0.0,12618.0,4,6.643,99.86,0.4,481.66,13.97
72.493,4,3,342.0,100.0,0.0,12618.0,4,6.643,99.86,0.4,480.78,11.05
72.51,4,3,342.0,100.0,0.0,12618.0,4,6.643,99.86,0.4,479.78,8.18
72.526,4,3,342.0,100.0,0.0,12618.0,4,6.643,99.86,0.4,478.66,5.36
72.542,4,3,342.0,100.0,0.0,12618.0,4,6.643,99.86,0.4,477.41,2.59
72.558,4,3,342.0,100.0,0.0,12618.0,4,6.643,99.86,0.4,476.04,-0.13
72.574,4,3,342.0,100.0,0.0,12618.0,4,6.643,99.86,0.4,474.56,-2.78
72.59,4,3,342.0,100.0,0.0,12618.0,4,6.643,99.86,0.4,472.96,-5.37
72.606,4,3,342.0,100.0,0.0,12618.0,4,6.643,99.86,0.4,471.25,-7.88
72.622,4,3,342.0,100.0,0.0,12618.0,4,6.643,99.86,0.4,469.32,-10.47
72.639,4,3,342.0,100.0,0.0,12618.0,4,6.643,99.86,0.4,467.39,-12.82
72.656,4,3,342.0,100.0,0.0,12618.0,4,6.643,99.86,0.4,465.24,-15.23
72.672,4,3,342.0,100.0,0.0,12618.0,4,6.643,99.86,0.4,463.12,-17.41
72.688,4,3,342.0,100.0,0.0,12618.0,4,6.643,99.86,0.4,460.77,-19.63
72.705,4,3,342.0,100.0,0.0,12618.0,4,6.643,99.86,0.4,458.33,-21.73
72.722,4,3,342.0,100.0,0.0,12618.0,4,6.643,99.86,0.4,455.79,-23.74
72.739,4,3,342.0,100.0,0.0,12618.0,4,6.643,99.86,0.4,453.32,-25.51
72.756,4,3,342.0,100.0,0.0,12618.0,4,6.643,99.86,0.4,450.62,-27.28
72.771,4,3,342.0,100.0,0.0,12618.0,4,6.643,99.86,0.4,448.01,-28.84
72.788,4,3,342.0,100.0,0.0,12618.0,4,6.643,99.86,0.4,445.33,-30.28
72.804,4,3,342.0,100.0,0.0,12618.0,4,6.643,99.86,0.4,442.42,-31.68
72.82,4,3,342.0,100.0,0.0,12618.0,4,6.643,99.86,0.4,439.63,-32.88
72.837,4,3,342.0,100.0,0.0,12618.0,4,6.643,99.86,0.4,436.79,-33.96
72.853,4,3,342.0,100.0,0.0,12618.0,4,6.643,99.86,0.4,433.9,-34.92
72.869,4,3,342.0,100.0,0.0,12618.0,4,6.643,99.86,0.4,430.79,-35.79
72.885,4,3,342.0,100.0,0.0,12618.0,4,6.643,99.86,0.4,427.83,-36.49
72.902,4,3,342.0,100.0,0.0,12618.0,4,6.643,99.86,0.4,424.85,-37.06
72.919,4,3,342.0,100.0,0.0,12618.0,4,6.643,99.86,0.4,421.65,-37.52
72.935,4,3,342.0,100.0,0.0,12618.0,4,6.643,99.86,0.4,418.44,-37.85
72.952,4,3,342.0,100.0,0.0,12618.0,4,6.643,99.86,0.4,415.4,-38.02
72.968,4,3,342.0,100.0,0.0,12618.0,4,6.643,99.86,0.4,412.36,-38.06
72.984,4,3,342.0,100.0,0.0,12618.0,4,6.643,99.86,0.4,409.33,-37.97
73.0,4,3,342.0,100.0,0.0,12618.0,4,6.643,99.86,0.4,406.29,-37.75
73.015,4,3,342.0,100.0,0.0,12618.0,4,6.643,99.86,0.4,403.27,-37.39
73.032,4,3,342.0,100.0,0.0,12618.0,4,6.643,99.86,0.4,400.09,-36.87
73.049,4,3,342.0,100.0,0.0,12618.0,4,6.643,99.86,0.4,396.92,-36.22
73.066,4,3,342.0,100.0,0.0,12618.0,4,6.643,99.86,0.4,393.79,-35.42
73.084,4,3,342.0,100.0,0.0,12618.0,4,6.643,99.86,0.4,390.52,-34.44
73.101,4,3,342.0,100.0,0.0,12618.0,4,6.643,99.86,0.4,387.65,-33.44
73.117,4,3,342.0,100.0,0.0,12618.0,4,6.643,99.86,0.4,384.82,-32.31
73.132,4,3,342.0,100.0,0.0,12618.0,4,6.643,99.86,0.4,382.05,-31.06
73.148,4,3,342.0,100.0,0.0,12618.0,4,6.643,99.86,0.4,379.34,-29.69
73.165,4,3,342.0,100.0,0.0,12618.0,4,6.643,99.86,0.4,376.52,-28.12
73.182,4,3,342.0,100.0,0.0,12618.0,4,6.643,99.86,0.4,373.77,-26.42
73.199,4,3,342.0,100.0,0.0,12618.0,4,6.643,99.86,0.4,371.1,-24.6
73.215,4,3,342.0,100.0,0.0,12618.0,4,6.643,99.86,0.4,368.66,-22.78
73.232,4,3,342.0,100.0,0.0,12618.0,4,6.643,99.86,0.4,366.31,-20.86
73.249,4,3,342.0,100.0,0.0,12618.0,4,6.643,99.86,0.4,363.9,-18.71
73.265,4,3,342.0,100.0,0.0,12618.0,4,6.643,99.86,0.4,361.58,-16.46
73.281,4,3,342.0,100.0,0.0,12618.0,4,6.643,99.86,0.4,359.5,-14.24
73.298,4,3,342.0,100.0,0.0,12618.0,4,6.643,99.86,0.4,357.51,-11.94
73.314,4,3,342.0,100.0,0.0,12618.0,4,6.643,99.86,0.4,355.51,-9.41
73.331,4,3,342.0,100.0,0.0,12618.0,4,6.643,99.86,0.4,353.63,-6.79
73.348,4,3,342.0,100.0,0.0,12618.0,4,6.643,99.86,0.4,351.85,-4.09
73.366,4,3,342.0,100.0,0.0,12618.0,4,6.643,99.86,0.4,350.2,-1.31
73.381,4,3,342.0,100.0,0.0,12618.0,4,6.643,99.86,0.4,348.76,1.37
73.398,4,3,342.0,100.0,0.0,12618.0,4,6.643,99.86,0.4,347.36,4.28
73.415,4,3,342.0,100.0,0.0,12618.0,4,6.643,99.86,0.4,346.16,7.07
73.431,4,3,342.0,100.0,0.0,12618.0,4,6.643,99.86,0.4,345.08,9.91
73.447,4,3,342.0,100.0,0.0,12618.0,4,6.643,99.86,0.4,344.07,12.98
73.464,4,3,342.0,100.0,0.0,12618.0,4,6.643,99.86,0.4,343.19,16.09
73.481,4,3,342.0,100.0,0.0,12618.0,4,6.643,99.86,0.4,342.49,19.05
73.497,4,3,342.0,100.0,0.0,12618.0,4,6.643,99.86,0.4,341.92,22.03
73.512,4,3,342.0,100.0,0.0,12618.0,4,6.643,99.86,0.4,341.48,25.04
73.529,4,3,342.0,100.0,0.0,12618.0,4,6.643,99.86,0.4,341.16,28.25
73.545,4,3,342.0,100.0,0.0,12618.0,4,6.643,99.86,0.4,340.99,31.29
73.562,4,3,342.0,100.0,0.0,12618.0,4,6.643,99.86,0.4,340.81,34.32
73.578,4,3,342.0,100.0,0.0,12618.0,4,6.643,99.86,0.4,340.63,37.55
73.594,4,3,342.0,100.0,0.0,12618.0,4,6.643,99.86,0.4,340.46,40.58
73.611,4,3,342.0,100.0,0.0,12618.0,4,6.643,99.86,0.4,340.28,43.62
73.626,4,3,342.0,100.0,0.0,12618.0,4,6.643,99.86,0.4,340.11,46.65
73.643,4,3,342.0,100.0,0.0,12618.0,4,6.643,99.86,0.4,339.94,49.69
73.658,4,3,342.0,100.0,0.0,12618.0,4,6.643,99.86,0.4,339.76,52.72
73.676,4,3,342.0,100.0,0.0,12618.0,4,6.643,99.86,0.4,339.58,55.95
73.692,4,3,342.0,100.0,0.0,12618.0,4,6.643,99.86,0.4,339.4,58.98
73.708,4,3,342.0,100.0,0.0,12618.0,4,6.643,99.86,0.4,339.22,62.21
73.725,4,3,342.0,100.0,0.0,12618.0,4,6.643,99.86,0.4,339.05,65.24
73.741,4,3,342.0,100.0,0.0,12618.0,4,6.643,99.86,0.4,338.86,68.47
73.759,4,3,342.0,100.0,0.0,12618.0,4,6.643,99.86,0.4,338.68,71.69
73.775,4,3,342.0,100.0,0.0,12618.0,4,6.643,99.86,0.4,338.49,74.92
73.792,4,3,342.0,100.0,0.0,12618.0,4,6.643,99.86,0.4,338.32,77.95
73.807,4,3,342.0,100.0,0.0,12618.0,4,6.643,99.86,0.4,338.15,80.99
73.824,4,3,342.0,100.0,0.0,12618.0,4,6.643,99.86,0.4,337.96,84.21
73.841,4,3,342.0,100.0,0.0,12618.0,4,6.643,99.86,0.4,337.79,87.25
73.857,4,3,342.0,100.0,0.0,12618.0,4,6.643,99.86,0.4,337.61,90.47
73.874,4,3,342.0,100.0,0.0,12618.0,4,6.643,99.86,0.41,337.42,93.7
73.891,4,3,342.0,100.0,0.0,12618.0,4,6.643,99.86,0.41,337.24,96.92
73.907,4,3,342.0,100.0,0.0,12618.0,4,6.643,99.86,0.41,337.06,99.96
73.923,4,3,342.0,100.0,0.0,12618.0,4,6.643,99.86,0.41,336.89,102.99
73.94,4,3,342.0,100.0,0.0,12618.0,4,6.643,99.86,0.41,336.71,106.22
73.957,4,3,342.0,100.0,0.0,12618.0,4,6.643,99.86,0.41,336.52,109.44
73.974,4,3,342.0,100.0,0.0,12618.0,4,6.643,99.86,0.41,336.34,112.67
73.991,4,3,342.0,100.0,0.0,12618.0,4,6.643,99.86,0.41,336.15,115.89
74.008,4,3,342.0,100.0,0.0,12618.0,4,6.643,99.86,0.41,335.97,119.12
74.026,4,3,342.0,100.0,0.0,12618.0,4,6.643,99.86,0.41,335.79,122.34
74.041,4,3,342.0,100.0,0.0,12618.0,4,6.643,99.86,0.41,335.61,125.38
74.058,4,3,342.0,100.0,0.0,12618.0,4,6.643,99.86,0.41,335.44,128.41
74.073,4,3,342.0,100.0,0.0,12618.0,4,6.643,99.86,0.41,335.27,131.45
74.089,4,3,342.0,100.0,0.0,12618.0,4,6.643,99.86,0.41,335.09,134.48
74.106,4,3,342.0,100.0,0.0,12618.0,4,6.643,99.86,0.41,334.92,137.52
74.122,4,3,342.0,100.0,0.0,12618.0,4,6.643,99.86,0.41,334.73,140.74
74.139,4,3,342.0,100.0,0.0,12618.0,4,6.643,99.86,0.41,334.56,143.78
74.155,4,3,342.0,100.0,0.0,12618.0,4,6.643,99.86,0.41,334.38,147.0
74.172,4,3,342.0,100.0,0.0,12618.0,4,6.643,99.86,0.41,334.19,150.23
74.188,4,3,342.0,100.0,0.0,12618.0,4,6.643,99.86,0.41,334.02,153.26
74.205,4,3,342.0,100.0,0.0,12618.0,4,6.643,99.86,0.41,333.83,156.49
74.221,4,3,342.0,100.0,0.0,12618.0,4,6.643,99.86,0.41,333.66,159.52
74.237,4,3,342.0,100.0,0.0,12618.0,4,6.643,99.86,0.41,333.49,162.56
74.254,4,3,342.0,100.0,0.0,12618.0,4,6.643,99.86,0.41,333.3,165.78
74.27,4,3,342.0,100.0,0.0,12618.0,4,6.643,99.86,0.41,333.13,168.82
74.287,4,3,342.0,100.0,0.0,12618.0,4,6.643,99.86,0.41,332.96,171.85
74.303,4,3,342.0,100.0,0.0,12618.0,4,6.643,99.86,0.41,332.78,174.89
74.319,4,3,342.0,100.0,0.0,12618.0,4,6.643,99.86,0.41,332.6,178.11
74.336,4,3,342.0,100.0,0.0,12618.0,4,6.643,99.86,0.41,332.43,181.15
74.352,4,3,342.0,100.0,0.0,12618.0,4,6.643,99.86,0.41,332.25,184.18
74.368,4,3,342.0,100.0,0.0,12618.0,4,6.643,99.86,0.41,332.08,187.22
74.383,4,3,342.0,100.0,0.0,12618.0,4,6.643,99.86,0.41,331.91,190.25
74.399,4,3,342.0,100.0,0.0,12618.0,4,6.643,99.86,0.41,331.73,193.29
74.416,4,3,342.0,100.0,0.0,12618.0,4,6.643,99.86,0.41,331.55,196.51
74.432,4,3,342.0,100.0,0.0,12618.0,4,6.643,99.86,0.41,331.37,199.55
74.449,4,3,342.0,100.0,0.0,12618.0,4,6.643,99.86,0.41,331.2,202.58
74.465,4,3,342.0,100.0,0.0,12618.0,4,6.643,99.86,0.41,331.03,205.62
74.481,4,3,342.0,100.0,0.0,12618.0,4,6.643,99.86,0.41,330.84,208.84
74.498,4,3,342.0,100.0,0.0,12618.0,4,6.643,99.86,0.41,330.67,211.88
74.513,4,3,342.0,100.0,0.0,12618.0,4,6.643,99.86,0.41,330.5,214.91
74.53,4,3,342.0,100.0,0.0,12618.0,4,6.643,99.86,0.41,330.32,217.95
74.546,4,3,342.0,100.0,0.0,12618.0,4,6.643,99.86,0.41,330.15,220.98
74.563,4,3,342.0,100.0,0.0,12618.0,4,6.643,99.86,0.41,329.97,224.21
74.578,4,3,342.0,100.0,0.0,12618.0,4,6.643,99.86,0.41,329.79,227.24
74.596,4,3,342.0,100.0,0.0,12618.0,4,6.643,99.86,0.41,329.61,230.46
74.611,4,3,342.0,100.0,0.0,12618.0,4,6.643,99.86,0.41,329.44,233.5
74.627,4,3,342.0,100.0,0.0,12618.0,4,6.643,99.86,0.41,329.26,236.53
74.644,4,3,342.0,100.0,0.0,12618.0,4,6.643,99.86,0.41,329.09,239.57
74.66,4,3,342.0,100.0,0.0,12618.0,4,6.643,99.86,0.41,328.92,242.61
74.676,4,3,342.0,100.0,0.0,12618.0,4,6.643,99.86,0.41,328.74,245.64
74.691,4,3,342.0,100.0,0.0,12618.0,4,6.643,99.86,0.41,328.57,248.68
74.709,4,3,342.0,100.0,0.0,12618.0,4,6.643,99.86,0.41,328.38,251.9
74.726,4,3,342.0,100.0,0.0,12618.0,4,6.643,99.86,0.41,328.2,255.12
74.741,4,3,342.0,100.0,0.0,12618.0,4,6.643,99.86,0.41,328.03,258.16
74.758,4,3,342.0,100.0,0.0,12618.0,4,6.643,99.86,0.41,327.85,261.19
74.774,4,3,342.0,100.0,0.0,12618.0,4,6.643,99.86,0.41,327.67,264.42
74.792,4,3,342.0,100.0,0.0,12618.0,4,6.643,99.86,0.41,327.48,267.64
74.808,4,3,342.0,100.0,0.0,12618.0,4,6.643,99.86,0.41,327.31,270.68
74.823,4,3,342.0,100.0,0.0,12618.0,4,6.643,99.86,0.41,327.14,273.71
74.84,4,3,342.0,100.0,0.0,12618.0,4,6.643,99.86,0.41,326.95,276.94
74.857,4,3,342.0,100.0,0.0,12618.0,4,6.643,99.86,0.41,326.77,280.16
74.874,4,3,342.0,100.0,0.0,12618.0,4,6.643,99.86,0.41,326.6,283.2
74.889,4,3,342.0,100.0,0.0,12618.0,4,6.643,99.86,0.41,326.42,286.23
74.907,4,3,342.0,100.0,0.0,12618.0,4,6.643,99.86,0.41,326.24,289.46
74.922,4,3,342.0,100.0,0.0,12618.0,4,6.643,99.86,0.41,326.07,292.49
74.94,4,3,342.0,100.0,0.0,12618.0,4,6.643,99.86,0.41,325.87,295.91
74.957,4,3,342.0,100.0,0.0,12618.0,4,6.643,99.86,0.41,325.7,298.94
74.973,4,3,342.0,100.0,0.0,12618.0,4,6.643,99.86,0.41,325.51,302.17
74.99,4,3,342.0,100.0,0.0,12618.0,4,6.643,99.86,0.41,325.34,305.2
75.007,4,3,342.0,100.0,0.0,12618.0,4,6.643,99.86,0.41,325.15,308.43
75.023,4,3,342.0,100.0,0.0,12618.0,4,6.643,99.86,0.41,324.97,311.65
75.04,4,3,342.0,100.0,0.0,12618.0,4,6.643,99.86,0.41,324.8,314.69
75.057,4,3,342.0,100.0,0.0,12618.0,4,6.643,99.86,0.41,324.6,318.1
75.074,4,3,342.0,100.0,0.0,12618.0,4,6.643,99.86,0.41,324.42,321.33
75.091,4,3,342.0,100.0,0.0,12618.0,4,6.643,99.86,0.41,324.24,324.36
75.108,4,3,342.0,100.0,0.0,12618.0,4,6.643,99.86,0.41,324.06,327.59
75.124,4,3,342.0,100.0,0.0,12618.0,4,6.643,99.86,0.41,323.88,330.81
75.14,4,3,342.0,100.0,0.0,12618.0,4,6.643,99.86,0.41,323.7,333.85
75.157,4,3,342.0,100.0,0.0,12618.0,4,6.643,99.86,0.41,323.53,336.88
75.172,4,3,342.0,100.0,0.0,12618.0,4,6.643,99.86,0.41,323.36,339.92
75.188,4,3,342.0,100.0,0.0,12618.0,4,6.643,99.86,0.41,323.18,342.95
75.204,4,3,342.0,100.0,0.0,12618.0,4,6.643,99.86,0.41,323.01,345.99
75.221,4,3,342.0,100.0,0.0,12618.0,4,6.643,99.86,0.41,322.84,349.02
75.236,4,3,342.0,100.0,0.0,12618.0,4,6.643,99.86,0.41,322.66,352.06
75.253,4,3,342.0,100.0,0.0,12618.0,4,6.643,99.86,0.41,322.48,355.28
75.27,4,3,342.0,100.0,0.0,12618.0,4,6.643,99.86,0.41,322.29,358.51
75.287,4,3,342.0,100.0,0.0,12618.0,4,6.643,99.86,0.41,322.12,361.54
75.302,4,3,342.0,100.0,0.0,12618.0,4,6.643,99.86,0.41,321.95,364.58
75.319,4,3,342.0,100.0,0.0,12618.0,4,6.643,99.86,0.41,321.76,367.8
75.336,4,3,342.0,100.0,0.0,12618.0,4,6.643,99.86,0.41,321.59,370.84
75.352,4,3,342.0,100.0,0.0,12618.0,4,6.643,99.86,0.41,321.41,374.06
75.369,4,3,342.0,100.0,0.0,12618.0,4,6.643,99.86,0.41,321.23,377.1
75.384,4,3,342.0,100.0,0.0,12618.0,4,6.643,99.86,0.41,321.06,380.13
75.401,4,3,342.0,100.0,0.0,12618.0,4,6.643,99.86,0.41,320.87,383.36
75.418,4,3,342.0,100.0,0.0,12618.0,4,6.643,99.86,0.41,320.69,386.58
75.436,4,3,342.0,100.0,0.0,12618.0,4,6.643,99.86,0.41,320.51,389.81
75.452,4,3,342.0,100.0,0.0,12618.0,4,6.643,99.86,0.41,320.32,393.03
75.47,4,3,342.0,100.0,0.0,12618.0,4,6.643,99.86,0.41,320.14,396.25
75.486,4,3,342.0,100.0,0.0,12618.0,4,6.643,99.86,0.41,319.96,399.29
75.502,4,3,342.0,100.0,0.0,12618.0,4,6.643,99.86,0.41,319.78,402.51
75.519,4,3,342.0,100.0,0.0,12618.0,4,6.643,99.86,0.41,319.6,405.74
75.536,4,3,342.0,100.0,0.0,12618.0,4,6.643,99.86,0.41,319.41,408.96
75.552,4,3,342.0,100.0,0.0,12618.0,4,6.643,99.86,0.41,319.24,412.0
75.569,4,3,342.0,100.0,0.0,12618.0,4,6.643,99.86,0.41,319.06,415.03
75.584,4,3,342.0,100.0,0.0,12618.0,4,6.643,99.86,0.41,318.89,418.07
75.601,4,3,342.0,100.0,0.0,12618.0,4,6.643,99.86,0.41,318.72,421.1
75.617,4,3,342.0,100.0,0.0,12618.0,4,6.643,99.86,0.41,318.54,424.14
75.632,4,3,342.0,100.0,0.0,12618.0,4,6.643,99.86,0.41,318.37,427.17
75.648,4,3,342.0,100.0,0.0,12618.0,4,6.643,99.86,0.41,318.2,430.21
75.665,4,3,342.0,100.0,0.0,12618.0,4,6.643,99.86,0.41,318.01,433.43
75.682,4,3,342.0,100.0,0.0,12618.0,4,6.643,99.86,0.42,317.84,436.47
75.697,4,3,342.0,100.0,0.0,12618.0,4,6.643,99.86,0.42,317.67,439.5
75.713,4,3,342.0,100.0,0.0,12618.0,4,6.643,99.86,0.42,317.49,442.54
75.73,4,3,342.0,100.0,0.0,12618.0,4,6.643,99.86,0.42,317.32,445.57
75.746,4,3,342.0,100.0,0.0,12618.0,4,6.643,99.86,0.42,317.14,448.8
75.763,4,3,342.0,100.0,0.0,12618.0,4,6.643,99.86,0.42,316.96,451.83
75.778,4,3,342.0,100.0,0.0,12618.0,4,6.643,99.86,0.42,316.79,454.87
75.795,4,3,342.0,100.0,0.0,12618.0,4,6.643,99.86,0.42,316.62,457.9
75.811,4,3,342.0,100.0,0.0,12618.0,4,6.643,99.86,0.42,316.44,460.94
75.826,4,3,342.0,100.0,0.0,12618.0,4,6.643,99.86,0.42,316.27,463.97
75.843,4,3,342.0,100.0,0.0,12618.0,4,6.643,99.86,0.42,316.08,467.2
75.859,4,3,342.0,100.0,0.0,12618.0,4,6.643,99.86,0.42,315.91,470.23
75.876,4,3,342.0,100.0,0.0,12618.0,4,6.643,99.86,0.42,315.74,473.27
75.892,4,3,342.0,100.0,0.0,12618.0,4,6.643,99.86,0.42,315.56,476.3
75.908,4,3,342.0,100.0,0.0,12618.0,4,6.643,99.86,0.42,315.39,479.34
75.924,4,3,342.0,100.0,0.0,12618.0,4,6.643,99.86,0.42,315.21,482.56
75.941,4,3,342.0,100.0,0.0,12618.0,4,6.643,99.86,0.42,315.03,485.6
75.957,4,3,342.0,100.0,0.0,12618.0,4,6.643,99.86,0.42,314.85,488.82
75.974,4,3,342.0,100.0,0.0,12618.0,4,6.643,99.86,0.42,314.68,491.86
75.99,4,3,342.0,100.0,0.0,12618.0,4,6.643,99.86,0.42,314.5,494.89
76.006,4,3,342.0,100.0,0.0,12618.0,4,6.643,99.86,0.42,314.33,497.93
76.022,4,3,342.0,100.0,0.0,12618.0,4,6.643,99.86,0.42,314.15,501.15
76.039,4,3,342.0,100.0,0.0,12618.0,4,6.643,99.86,0.42,314.1,504.38
76.055,4,3,342.0,100.0,0.0,12618.0,4,6.643,99.85,0.42,314.19,507.42
76.072,4,3,342.0,100.0,0.0,12618.0,4,6.643,99.85,0.42,314.43,510.64
76.089,4,3,342.0,100.0,0.0,12618.0,4,6.643,99.85,0.42,314.81,513.85
76.106,4,3,342.0,100.0,0.0,12618.0,4,6.643,99.85,0.42,315.33,517.04
76.123,4,3,342.0,100.0,0.0,12618.0,4,6.643,99.85,0.42,315.99,520.2
76.14,4,3,342.0,100.0,0.0,12618.0,4,6.643,99.85,0.42,316.73,523.15
76.155,4,3,342.0,100.0,0.0,12618.0,4,6.643,99.85,0.42,317.61,526.06
76.172,4,3,342.0,100.0,0.0,12618.0,4,6.643,99.85,0.42,318.61,528.93
76.188,4,3,342.0,100.0,0.0,12618.0,4,6.643,99.85,0.42,319.8,531.93
76.205,4,3,342.0,100.0,0.0,12618.0,4,6.643,99.85,0.42,321.13,534.88
76.222,4,3,342.0,100.0,0.0,12618.0,4,6.643,99.85,0.42,322.58,537.76
76.239,4,3,342.0,100.0,0.0,12618.0,4,6.643,99.85,0.42,324.07,540.41
76.256,4,3,342.0,100.0,0.0,12618.0,4,6.643,99.85,0.42,325.77,543.16
76.272,4,3,342.0,100.0,0.0,12618.0,4,6.643,99.85,0.42,327.48,545.67
76.287,4,3,342.0,100.0,0.0,12618.0,4,6.643,99.85,0.42,329.29,548.11
76.304,4,3,342.0,100.0,0.0,12618.0,4,6.643,99.85,0.42,331.22,550.47
76.319,4,3,342.0,100.0,0.0,12618.0,4,6.643,99.85,0.42,333.24,552.73
76.337,4,3,342.0,100.0,0.0,12618.0,4,6.643,99.85,0.42,335.49,555.05
76.353,4,3,342.0,100.0,0.0,12618.0,4,6.643,99.85,0.42,337.71,557.13
76.369,4,3,342.0,100.0,0.0,12618.0,4,6.643,99.85,0.42,340.01,559.12
76.385,4,3,342.0,100.0,0.0,12618.0,4,6.643,99.85,0.42,342.55,561.12
76.402,4,3,342.0,100.0,0.0,12618.0,4,6.643,99.85,0.42,345.17,563.01
76.419,4,3,342.0,100.0,0.0,12618.0,4,6.643,99.85,0.42,347.87,564.78
76.436,4,3,342.0,100.0,0.0,12618.0,4,6.643,99.85,0.42,350.64,566.43
76.453,4,3,342.0,100.0,0.0,12618.0,4,6.643,99.85,0.42,353.49,567.96
76.469,4,3,342.0,100.0,0.0,12618.0,4,6.643,99.85,0.42,356.22,569.28
76.485,4,3,342.0,100.0,0.0,12618.0,4,6.643,99.85,0.42,359.02,570.48
76.502,4,3,342.0,100.0,0.0,12618.0,4,6.643,99.85,0.42,362.04,571.63
76.519,4,3,342.0,100.0,0.0,12618.0,4,6.643,99.85,0.42,364.92,572.58
76.534,4,3,342.0,100.0,0.0,12618.0,4,6.643,99.85,0.42,367.85,573.41
76.551,4,3,342.0,100.0,0.0,12618.0,4,6.643,99.85,0.42,370.99,574.15
76.568,4,3,342.0,100.0,0.0,12618.0,4,6.643,99.85,0.42,373.98,574.72
76.584,4,3,342.0,100.0,0.0,12618.0,4,6.643,99.85,0.42,376.99,575.15
76.6,4,3,342.0,100.0,0.0,12618.0,4,6.643,99.85,0.42,380.2,575.48
76.617,4,3,342.0,100.0,0.0,12618.0,4,6.643,99.85,0.42,383.24,575.65
76.633,4,3,342.0,100.0,0.0,12618.0,4,6.643,99.85,0.42,386.47,575.7
76.65,4,3,342.0,100.0,0.0,12618.0,4,6.643,99.85,0.42,389.7,575.6
76.668,4,3,342.0,100.0,0.0,12618.0,4,6.643,99.85,0.42,392.92,575.36
76.683,4,3,342.0,100.0,0.0,12618.0,4,6.643,99.85,0.42,395.94,575.0
76.7,4,3,342.0,100.0,0.0,12618.0,4,6.643,99.85,0.42,398.94,574.52
76.716,4,3,342.0,100.0,0.0,12618.0,4,6.643,99.85,0.42,401.91,573.9
76.731,4,3,342.0,100.0,0.0,12618.0,4,6.643,99.85,0.42,404.86,573.15
76.748,4,3,342.0,100.0,0.0,12618.0,4,6.643,99.85,0.42,407.77,572.28
76.764,4,3,342.0,100.0,0.0,12618.0,4,6.643,99.85,0.42,410.82,571.21
76.782,4,3,342.0,100.0,0.0,12618.0,4,6.643,99.85,0.42,413.82,570.02
76.798,4,3,342.0,100.0,0.0,12618.0,4,6.643,99.85,0.42,416.77,568.69
76.816,4,3,342.0,100.0,0.0,12618.0,4,6.643,99.85,0.42,419.65,567.24
76.831,4,3,342.0,100.0,0.0,12618.0,4,6.643,99.85,0.42,422.3,565.75
76.847,4,3,342.0,100.0,0.0,12618.0,4,6.643,99.85,0.42,424.89,564.15
76.863,4,3,342.0,100.0,0.0,12618.0,4,6.643,99.85,0.42,427.4,562.44
76.88,4,3,342.0,100.0,0.0,12618.0,4,6.643,99.85,0.42,429.84,560.63
76.897,4,3,342.0,100.0,0.0,12618.0,4,6.643,99.85,0.42,432.34,558.58
76.913,4,3,342.0,100.0,0.0,12618.0,4,6.643,99.85,0.42,434.75,556.43
76.93,4,3,342.0,100.0,0.0,12618.0,4,6.643,99.85,0.42,436.93,554.31
76.946,4,3,342.0,100.0,0.0,12618.0,4,6.643,99.85,0.42,439.14,551.96
76.963,4,3,342.0,100.0,0.0,12618.0,4,6.643,99.85,0.42,441.25,549.51
76.981,4,3,342.0,100.0,0.0,12618.0,4,6.643,99.85,0.42,443.25,546.98
76.997,4,3,342.0,100.0,0.0,12618.0,4,6.643,99.85,0.42,445.14,544.36
77.014,4,3,342.0,100.0,0.0,12618.0,4,6.643,99.85,0.42,446.91,541.66
77.031,4,3,342.0,100.0,0.0,12618.0,4,6.643,99.85,0.42,448.47,539.04
77.047,4,3,342.0,100.0,0.0,12618.0,4,6.643,99.85,0.42,450.0,536.2
77.065,4,3,342.0,100.0,0.0,12618.0,4,6.643,99.85,0.42,451.49,533.12
77.082,4,3,342.0,100.0,0.0,12618.0,4,6.643,99.85,0.42,452.69,530.33
77.097,4,3,342.0,100.0,0.0,12618.0,4,6.643,99.85,0.42,453.76,527.49
77.114,4,3,342.0,100.0,0.0,12618.0,4,6.643,99.85,0.42,454.78,524.42
77.131,4,3,342.0,100.0,0.0,12618.0,4,6.643,99.85,0.42,455.66,521.31
77.148,4,3,342.0,100.0,0.0,12618.0,4,6.643,99.85,0.42,456.4,518.17
77.166,4,3,342.0,100.0,0.0,12618.0,4,6.643,99.85,0.42,457.0,514.99
77.182,4,3,342.0,100.0,0.0,12618.0,4,6.643,99.85,0.42,457.44,511.98
77.198,4,3,342.0,100.0,0.0,12618.0,4,6.643,99.85,0.42,457.74,508.96
77.213,4,3,342.0,100.0,0.0,12618.0,4,6.643,99.85,0.42,457.92,505.92
77.23,4,3,342.0,100.0,0.0,12618.0,4,6.643,99.85,0.42,457.96,502.69
77.247,4,3,342.0,100.0,0.0,12618.0,4,6.643,99.85,0.42,457.87,499.66
77.263,4,3,342.0,100.0,0.0,12618.0,4,6.643,99.85,0.42,457.63,496.44
77.28,4,3,342.0,100.0,0.0,12618.0,4,6.643,99.85,0.42,457.25,493.23
77.298,4,3,342.0,100.0,0.0,12618.0,4,6.643,99.85,0.42,456.73,490.04
77.315,4,3,342.0,100.0,0.0,12618.0,4,6.643,99.85,0.42,456.08,486.88
77.332,4,3,342.0,100.0,0.0,12618.0,4,6.643,99.85,0.42,455.28,483.75
77.348,4,3,342.0,100.0,0.0,12618.0,4,6.643,99.85,0.42,454.35,480.65
77.365,4,3,342.0,100.0,0.0,12618.0,4,6.643,99.85,0.42,453.29,477.6
77.382,4,3,342.0,100.0,0.0,12618.0,4,6.643,99.85,0.42,452.09,474.6
77.399,4,3,342.0,100.0,0.0,12618.0,4,6.643,99.85,0.42,450.85,471.83
77.415,4,3,342.0,100.0,0.0,12618.0,4,6.643,99.85,0.42,449.39,468.95
77.432,4,3,342.0,100.0,0.0,12618.0,4,6.643,99.85,0.42,447.82,466.13
77.449,4,3,342.0,100.0,0.0,12618.0,4,6.643,99.85,0.42,446.12,463.38
77.467,4,3,342.0,100.0,0.0,12618.0,4,6.643,99.85,0.42,444.3,460.71
77.482,4,3,342.0,100.0,0.0,12618.0,4,6.643,99.85,0.42,442.48,458.27
77.498,4,3,342.0,100.0,0.0,12618.0,4,6.643,99.85,0.43,440.56,455.92
77.515,4,3,342.0,100.0,0.0,12618.0,4,6.643,99.85,0.43,438.54,453.65
77.531,4,3,342.0,100.0,0.0,12618.0,4,6.643,99.85,0.43,436.28,451.33
77.549,4,3,342.0,100.0,0.0,12618.0,4,6.643,99.85,0.43,433.93,449.12
77.564,4,3,342.0,100.0,0.0,12618.0,4,6.643,99.85,0.43,431.63,447.14
77.58,4,3,342.0,100.0,0.0,12618.0,4,6.643,99.85,0.43,429.24,445.25
77.596,4,3,342.0,100.0,0.0,12618.0,4,6.643,99.85,0.43,426.77,443.48
77.612,4,3,342.0,100.0,0.0,12618.0,4,6.643,99.85,0.43,424.23,441.81
77.629,4,3,342.0,100.0,0.0,12618.0,4,6.643,99.85,0.43,421.62,440.25
77.645,4,3,342.0,100.0,0.0,12618.0,4,6.643,99.85,0.43,418.78,438.72
77.662,4,3,342.0,100.0,0.0,12618.0,4,6.643,99.85,0.43,415.87,437.32
77.679,4,3,342.0,100.0,0.0,12618.0,4,6.643,99.85,0.43,412.9,436.04
77.697,4,3,342.0,100.0,0.0,12618.0,4,6.643,99.85,0.43,409.88,434.9
77.713,4,3,342.0,100.0,0.0,12618.0,4,6.643,99.85,0.43,406.99,433.94
77.729,4,3,342.0,100.0,0.0,12618.0,4,6.643,99.85,0.43,404.07,433.12
77.746,4,3,342.0,100.0,0.0,12618.0,4,6.643,99.85,0.43,400.92,432.38
77.762,4,3,342.0,100.0,0.0,12618.0,4,6.643,99.85,0.43,397.75,431.77
77.78,4,3,342.0,100.0,0.0,12618.0,4,6.643,99.85,0.43,394.55,431.31
77.796,4,3,342.0,100.0,0.0,12618.0,4,6.643,99.85,0.43,391.34,430.98
77.812,4,3,342.0,100.0,0.0,12618.0,4,6.643,99.85,0.43,388.31,430.81
77.829,4,3,342.0,100.0,0.0,12618.0,4,6.643,99.85,0.43,385.08,430.77
77.846,4,3,342.0,100.0,0.0,12618.0,4,6.643,99.85,0.43,381.85,430.86
77.864,4,3,342.0,100.0,0.0,12618.0,4,6.643,99.85,0.43,378.63,431.1
77.879,4,3,342.0,100.0,0.0,12618.0,4,6.643,99.85,0.43,375.61,431.46
77.896,4,3,342.0,100.0,0.0,12618.0,4,6.643,99.85,0.43,372.61,431.95
77.912,4,3,342.0,100.0,0.0,12618.0,4,6.643,99.85,0.43,369.44,432.6
77.929,4,3,342.0,100.0,0.0,12618.0,4,6.643,99.85,0.43,366.31,433.4
77.945,4,3,342.0,100.0,0.0,12618.0,4,6.643,99.85,0.43,363.4,434.27
77.962,4,3,342.0,100.0,0.0,12618.0,4,6.643,99.85,0.43,360.53,435.27
77.979,4,3,342.0,100.0,0.0,12618.0,4,6.643,99.85,0.43,357.53,436.47
77.995,4,3,342.0,100.0,0.0,12618.0,4,6.643,99.85,0.43,354.59,437.8
78.012,4,3,342.0,100.0,0.0,12618.0,4,6.643,99.85,0.43,351.87,439.16
78.028,4,3,342.0,100.0,0.0,12618.0,4,6.643,99.85,0.43,349.05,440.74
78.045,4,3,342.0,100.0,0.0,12618.0,4,6.643,99.85,0.43,346.3,442.44
78.062,4,3,342.0,100.0,0.0,12618.0,4,6.643,99.85,0.43,343.63,444.26
78.078,4,3,342.0,100.0,0.0,12618.0,4,6.643,99.85,0.43,341.2,446.07
78.095,4,3,342.0,100.0,0.0,12618.0,4,6.643,99.85,0.43,338.84,448.0
78.111,4,3,342.0,100.0,0.0,12618.0,4,6.643,99.85,0.43,336.57,450.02
78.128,4,3,342.0,100.0,0.0,12618.0,4,6.643,99.85,0.43,334.26,452.27
78.143,4,3,342.0,100.0,0.0,12618.0,4,6.643,99.85,0.43,332.18,454.49
78.159,4,3,342.0,100.0,0.0,12618.0,4,6.643,99.85,0.43,330.19,456.79
78.176,4,3,342.0,100.0,0.0,12618.0,4,6.643,99.85,0.43,328.31,459.18
78.192,4,3,342.0,100.0,0.0,12618.0,4,6.643,99.85,0.43,326.53,461.64
78.208,4,3,342.0,100.0,0.0,12618.0,4,6.643,99.85,0.43,324.86,464.18
78.224,4,3,342.0,100.0,0.0,12618.0,4,6.643,99.85,0.43,323.21,466.96
78.241,4,3,342.0,100.0,0.0,12618.0,4,6.643,99.85,0.43,321.77,469.64
78.257,4,3,342.0,100.0,0.0,12618.0,4,6.643,99.85,0.43,320.45,472.37
78.272,4,3,342.0,100.0,0.0,12618.0,4,6.643,99.85,0.43,319.25,475.17
78.289,4,3,342.0,100.0,0.0,12618.0,4,6.643,99.85,0.43,318.17,478.01
78.305,4,3,342.0,100.0,0.0,12618.0,4,6.643,99.85,0.43,317.16,481.08
78.322,4,3,342.0,100.0,0.0,12618.0,4,6.643,99.85,0.43,316.33,484.0
78.338,4,3,342.0,100.0,0.0,12618.0,4,6.643,99.85,0.43,315.59,487.15
78.356,4,3,342.0,100.0,0.0,12618.0,4,6.643,99.85,0.43,314.99,490.32
78.372,4,3,342.0,100.0,0.0,12618.0,4,6.643,99.85,0.43,314.55,493.33
78.387,4,3,342.0,100.0,0.0,12618.0,4,6.643,99.85,0.43,314.24,496.35
78.404,4,3,342.0,100.0,0.0,12618.0,4,6.643,99.85,0.43,314.07,499.39
78.42,4,3,342.0,100.0,0.0,12618.0,4,6.643,99.85,0.43,314.03,502.62
78.438,4,3,342.0,100.0,0.0,12618.0,4,6.643,99.85,0.43,314.12,505.85
78.455,4,3,342.0,100.0,0.0,12618.0,4,6.643,99.85,0.43,314.36,509.07
78.471,4,3,342.0,100.0,0.0,12618.0,4,6.643,99.85,0.43,314.72,512.09
78.487,4,3,342.0,100.0,0.0,12618.0,4,6.643,99.85,0.43,315.24,515.27
78.504,4,3,342.0,100.0,0.0,12618.0,4,6.643,99.85,0.43,315.89,518.44
78.522,4,3,342.0,100.0,0.0,12618.0,4,6.643,99.85,0.43,316.69,521.57
78.538,4,3,342.0,100.0,0.0,12618.0,4,6.643,99.85,0.43,317.62,524.66
78.554,4,3,342.0,100.0,0.0,12618.0,4,6.643,99.85,0.43,318.62,527.53
78.571,4,3,342.0,100.0,0.0,12618.0,4,6.643,99.85,0.43,319.74,530.35
78.587,4,3,342.0,100.0,0.0,12618.0,4,6.643,99.85,0.43,321.07,533.3
78.604,4,3,342.0,100.0,0.0,12618.0,4,6.643,99.85,0.43,322.44,536.02
78.62,4,3,342.0,100.0,0.0,12618.0,4,6.643,99.85,0.43,323.92,538.67
78.637,4,3,342.0,100.0,0.0,12618.0,4,6.643,99.85,0.43,325.62,541.42
78.653,4,3,342.0,100.0,0.0,12618.0,4,6.643,99.85,0.43,327.44,544.09
78.67,4,3,342.0,100.0,0.0,12618.0,4,6.643,99.85,0.43,329.26,546.52
78.685,4,3,342.0,100.0,0.0,12618.0,4,6.643,99.85,0.43,331.18,548.88
78.703,4,3,342.0,100.0,0.0,12618.0,4,6.643,99.85,0.43,333.33,551.29
78.718,4,3,342.0,100.0,0.0,12618.0,4,6.643,99.85,0.43,335.45,553.47
78.735,4,3,342.0,100.0,0.0,12618.0,4,6.643,99.85,0.43,337.8,555.68
78.751,4,3,342.0,100.0,0.0,12618.0,4,6.643,99.85,0.43,340.1,557.67
78.767,4,3,342.0,100.0,0.0,12618.0,4,6.643,99.85,0.43,342.49,559.55
78.784,4,3,342.0,100.0,0.0,12618.0,4,6.643,99.85,0.43,345.11,561.44
78.8,4,3,342.0,100.0,0.0,12618.0,4,6.643,99.85,0.43,347.65,563.1
78.817,4,3,342.0,100.0,0.0,12618.0,4,6.643,99.85,0.43,350.26,564.66
78.833,4,3,342.0,100.0,0.0,12618.0,4,6.643,99.85,0.43,352.94,566.1
78.849,4,3,342.0,100.0,0.0,12618.0,4,6.643,99.85,0.43,355.85,567.5
78.866,4,3,342.0,100.0,0.0,12618.0,4,6.643,99.85,0.43,358.64,568.7
78.883,4,3,342.0,100.0,0.0,12618.0,4,6.643,99.85,0.43,361.66,569.85
78.899,4,3,342.0,100.0,0.0,12618.0,4,6.643,99.85,0.43,364.55,570.8
78.915,4,3,342.0,100.0,0.0,12618.0,4,6.643,99.85,0.43,367.66,571.68
78.932,4,3,342.0,100.0,0.0,12618.0,4,6.643,99.85,0.43,370.62,572.38
78.948,4,3,342.0,100.0,0.0,12618.0,4,6.643,99.85,0.43,373.6,572.95
78.964,4,3,342.0,100.0,0.0,12618.0,4,6.643,99.85,0.43,376.8,573.41
78.981,4,3,342.0,100.0,0.0,12618.0,4,6.643,99.85,0.43,380.01,573.74
78.998,4,3,342.0,100.0,0.0,12618.0,4,6.643,99.85,0.43,383.24,573.92
79.016,4,3,342.0,100.0,0.0,12618.0,4,6.643,99.85,0.43,386.47,573.96
79.032,4,3,342.0,100.0,0.0,12618.0,4,6.643,99.85,0.43,389.51,573.87
79.048,4,3,342.0,100.0,0.0,12618.0,4,6.643,99.85,0.43,392.73,573.63
79.066,4,3,342.0,100.0,0.0,12618.0,4,6.643,99.85,0.43,395.94,573.25
79.082,4,3,342.0,100.0,0.0,12618.0,4,6.643,99.85,0.43,399.12,572.74
79.099,4,3,342.0,100.0,0.0,12618.0,4,6.643,99.85,0.43,402.1,572.12
79.114,4,3,342.0,100.0,0.0,12618.0,4,6.643,99.85,0.43,405.05,571.37
79.132,4,3,342.0,100.0,0.0,12618.0,4,6.643,99.85,0.43,408.14,570.44
79.147,4,3,342.0,100.0,0.0,12618.0,4,6.643,99.85,0.43,411.01,569.44
79.164,4,3,342.0,100.0,0.0,12618.0,4,6.643,99.85,0.43,414.01,568.24
79.181,4,3,342.0,100.0,0.0,12618.0,4,6.643,99.85,0.43,416.78,567.0
79.196,4,3,342.0,100.0,0.0,12618.0,4,6.643,99.85,0.43,419.5,565.63
79.212,4,3,342.0,100.0,0.0,12618.0,4,6.643,99.85,0.43,422.15,564.14
79.229,4,3,342.0,100.0,0.0,12618.0,4,6.643,99.85,0.43,424.9,562.45
79.246,4,3,342.0,100.0,0.0,12618.0,4,6.643,99.85,0.43,427.57,560.63
79.263,4,3,342.0,100.0,0.0,12618.0,4,6.643,99.85,0.43,430.01,558.81
79.279,4,3,342.0,100.0,0.0,12618.0,4,6.643,99.85,0.43,432.51,556.77
79.296,4,3,342.0,100.0,0.0,12618.0,4,6.643,99.85,0.43,434.78,554.74
79.312,4,3,342.0,100.0,0.0,12618.0,4,6.643,99.85,0.44,437.09,552.49
79.329,4,3,342.0,100.0,0.0,12618.0,4,6.643,99.85,0.44,439.17,550.28
79.344,4,3,342.0,100.0,0.0,12618.0,4,6.643,99.85,0.44,441.16,547.98
79.361,4,3,342.0,100.0,0.0,12618.0,4,6.643,99.85,0.44,443.04,545.59
79.377,4,3,342.0,100.0,0.0,12618.0,4,6.643,99.85,0.44,444.93,542.97
79.394,4,3,342.0,100.0,0.0,12618.0,4,6.643,99.85,0.44,446.6,540.43
79.41,4,3,342.0,100.0,0.0,12618.0,4,6.643,99.85,0.44,448.25,537.65
79.427,4,3,342.0,100.0,0.0,12618.0,4,6.643,99.85,0.44,449.78,534.81
79.444,4,3,342.0,100.0,0.0,12618.0,4,6.643,99.85,0.44,451.1,532.07
79.46,4,3,342.0,100.0,0.0,12618.0,4,6.643,99.85,0.44,452.3,529.28
79.477,4,3,342.0,100.0,0.0,12618.0,4,6.643,99.85,0.44,453.52,526.08
79.494,4,3,342.0,100.0,0.0,12618.0,4,6.643,99.85,0.44,454.53,523.01
79.511,4,3,342.0,100.0,0.0,12618.0,4,6.643,99.85,0.44,455.35,520.09
79.526,4,3,342.0,100.0,0.0,12618.0,4,6.643,99.85,0.44,456.05,517.13
79.543,4,3,342.0,100.0,0.0,12618.0,4,6.643,99.85,0.44,456.66,513.95
79.56,4,3,342.0,100.0,0.0,12618.0,4,6.643,99.85,0.44,457.12,510.76
79.577,4,3,342.0,100.0,0.0,12618.0,4,6.643,99.85,0.44,457.45,507.54
79.594,4,3,342.0,100.0,0.0,12618.0,4,6.643,99.85,0.44,457.62,504.51
79.61,4,3,342.0,100.0,0.0,12618.0,4,6.643,99.85,0.44,457.66,501.47
79.626,4,3,342.0,100.0,0.0,12618.0,4,6.643,99.85,0.44,457.57,498.43
79.642,4,3,342.0,100.0,0.0,12618.0,4,6.643,99.85,0.44,457.33,495.21
79.659,4,3,342.0,100.0,0.0,12618.0,4,6.643,99.85,0.44,456.95,492.0
79.676,4,3,342.0,100.0,0.0,12618.0,4,6.643,99.85,0.44,456.46,489.0
79.692,4,3,342.0,100.0,0.0,12618.0,4,6.643,99.85,0.44,455.85,486.02
79.709,4,3,342.0,100.0,0.0,12618.0,4,6.643,99.85,0.44,455.19,482.86
79.725,4,3,342.0,100.0,0.0,12618.0,4,6.643,99.85,0.44,454.53,479.7
79.742,4,3,342.0,100.0,0.0,12618.0,4,6.643,99.85,0.44,453.88,476.54
79.759,4,3,342.0,100.0,0.0,12618.0,4,6.643,99.85,0.44,453.26,473.56
79.775,4,3,342.0,100.0,0.0,12618.0,4,6.643,99.85,0.44,452.6,470.4
79.792,4,3,342.0,100.0,0.0,12618.0,4,6.643,99.85,0.44,451.94,467.23
79.809,4,3,342.0,100.0,0.0,12618.0,4,6.643,99.85,0.44,451.29,464.07
79.826,4,3,342.0,100.0,0.0,12618.0,4,6.643,99.85,0.44,450.67,461.1
79.843,4,3,342.0,100.0,0.0,12618.0,4,6.643,99.85,0.44,450.01,457.93
79.859,4,3,342.0,100.0,0.0,12618.0,4,6.643,99.85,0.44,449.39,454.96
79.874,4,3,342.0,100.0,0.0,12618.0,4,6.643,99.85,0.44,448.78,451.98
79.892,4,3,342.0,100.0,0.0,12618.0,4,6.643,99.85,0.44,448.12,448.82
79.908,4,3,342.0,100.0,0.0,12618.0,4,6.643,99.85,0.44,447.46,445.65
79.925,4,3,342.0,100.0,0.0,12618.0,4,6.643,99.85,0.44,446.81,442.49
79.941,4,3,342.0,100.0,0.0,12618.0,4,6.643,99.85,0.44,446.19,439.52
79.957,4,3,342.0,100.0,0.0,12618.0,4,6.643,99.85,0.44,445.57,436.54
79.975,4,3,342.0,100.0,0.0,12618.0,4,6.643,99.85,0.44,444.91,433.38
79.991,4,3,342.0,100.0,0.0,12618.0,4,6.643,99.85,0.44,444.26,430.21
80.007,4,3,342.0,100.0,0.0,12618.0,4,6.643,99.85,0.44,443.64,427.24
80.024,4,3,342.0,100.0,0.0,12618.0,4,6.643,99.85,0.44,443.02,424.26
80.04,4,3,342.0,100.0,0.0,12618.0,4,6.643,99.85,0.44,442.36,421.1
80.057,4,3,342.0,100.0,0.0,12618.0,4,6.643,99.85,0.44,441.75,418.12
80.073,4,3,342.0,100.0,0.0,12618.0,4,6.643,99.85,0.44,441.09,414.96
80.09,4,3,342.0,100.0,0.0,12618.0,4,6.643,99.85,0.44,440.47,411.98
80.106,4,3,342.0,100.0,0.0,12618.0,4,6.643,99.85,0.44,439.81,408.82
80.124,4,3,342.0,100.0,0.0,12618.0,4,6.643,99.85,0.44,439.16,405.66
80.14,4,3,342.0,100.0,0.0,12618.0,4,6.643,99.85,0.44,438.54,402.68
80.156,4,3,342.0,100.0,0.0,12618.0,4,6.643,99.85,0.44,437.88,399.52
80.172,4,3,342.0,100.0,0.0,12618.0,4,6.643,99.85,0.44,437.26,396.54
80.188,4,3,342.0,100.0,0.0,12618.0,4,6.643,99.85,0.44,436.65,393.57
80.206,4,3,342.0,100.0,0.0,12618.0,4,6.643,99.85,0.44,435.99,390.4
80.222,4,3,342.0,100.0,0.0,12618.0,4,6.643,99.85,0.44,435.33,387.24
80.239,4,3,342.0,100.0,0.0,12618.0,4,6.643,99.85,0.44,434.72,384.26
80.255,4,3,342.0,100.0,0.0,12618.0,4,6.643,99.85,0.44,434.1,381.29
80.271,4,3,342.0,100.0,0.0,12618.0,4,6.643,99.85,0.44,433.44,378.13
80.288,4,3,342.0,100.0,0.0,12618.0,4,6.643,99.85,0.44,432.78,374.96
80.304,4,3,342.0,100.0,0.0,12618.0,4,6.643,99.85,0.44,432.17,371.99
80.321,4,3,342.0,100.0,0.0,12618.0,4,6.643,99.85,0.44,431.51,368.82
80.337,4,3,342.0,100.0,0.0,12618.0,4,6.643,99.85,0.44,430.89,365.85
80.354,4,3,342.0,100.0,0.0,12618.0,4,6.643,99.85,0.44,430.23,362.68
80.371,4,3,342.0,100.0,0.0,12618.0,4,6.643,99.85,0.44,429.58,359.52
80.388,4,3,342.0,100.0,0.0,12618.0,4,6.643,99.85,0.44,428.92,356.36
80.405,4,3,342.0,100.0,0.0,12618.0,4,6.643,99.85,0.44,428.3,353.38
80.421,4,3,342.0,100.0,0.0,12618.0,4,6.643,99.85,0.44,427.69,350.41
80.438,4,3,342.0,100.0,0.0,12618.0,4,6.643,99.85,0.44,427.03,347.24
80.454,4,3,342.0,100.0,0.0,12618.0,4,6.643,99.85,0.44,426.37,344.08
80.472,4,3,342.0,100.0,0.0,12618.0,4,6.643,99.85,0.44,425.71,340.92
80.488,4,3,342.0,100.0,0.0,12618.0,4,6.643,99.85,0.44,425.1,337.94
80.504,4,3,342.0,100.0,0.0,12618.0,4,6.643,99.85,0.44,424.44,334.78
80.521,4,3,342.0,100.0,0.0,12618.0,4,6.643,99.85,0.44,423.78,331.62
80.537,4,3,342.0,100.0,0.0,12618.0,4,6.643,99.85,0.44,423.17,328.64
80.555,4,3,342.0,100.0,0.0,12618.0,4,6.643,99.85,0.44,422.47,325.29
80.572,4,3,342.0,100.0,0.0,12618.0,4,6.643,99.85,0.44,421.81,322.13
80.589,4,3,342.0,100.0,0.0,12618.0,4,6.643,99.85,0.44,421.2,319.15
80.605,4,3,342.0,100.0,0.0,12618.0,4,6.643,99.85,0.44,420.54,315.99
80.622,4,3,342.0,100.0,0.0,12618.0,4,6.643,99.85,0.44,419.88,312.83
80.639,4,3,342.0,100.0,0.0,12618.0,4,6.643,99.85,0.44,419.26,309.85
80.655,4,3,342.0,100.0,0.0,12618.0,4,6.643,99.85,0.44,418.61,306.69
80.671,4,3,342.0,100.0,0.0,12618.0,4,6.643,99.85,0.44,417.99,303.71
80.688,4,3,342.0,100.0,0.0,12618.0,4,6.643,99.85,0.44,417.33,300.55
80.705,4,3,342.0,100.0,0.0,12618.0,4,6.643,99.85,0.44,416.68,297.39
80.721,4,3,342.0,100.0,0.0,12618.0,4,6.643,99.85,0.44,416.06,294.41
80.738,4,3,342.0,100.0,0.0,12618.0,4,6.643,99.85,0.44,415.44,291.43
80.755,4,3,342.0,100.0,0.0,12618.0,4,6.643,99.85,0.44,414.74,288.09
80.772,4,3,342.0,100.0,0.0,12618.0,4,6.643,99.85,0.44,414.09,284.92
80.789,4,3,342.0,100.0,0.0,12618.0,4,6.643,99.85,0.44,413.47,281.95
80.806,4,3,342.0,100.0,0.0,12618.0,4,6.643,99.85,0.44,412.81,278.78
80.821,4,3,342.0,100.0,0.0,12618.0,4,6.643,99.85,0.44,412.2,275.81
80.837,4,3,342.0,100.0,0.0,12618.0,4,6.643,99.85,0.44,411.58,272.83
80.853,4,3,342.0,100.0,0.0,12618.0,4,6.643,99.85,0.44,410.96,269.85
80.871,4,3,342.0,100.0,0.0,12618.0,4,6.643,99.85,0.44,410.3,266.69
80.887,4,3,342.0,100.0,0.0,12618.0,4,6.643,99.85,0.44,409.65,263.53
80.904,4,3,342.0,100.0,0.0,12618.0,4,6.643,99.85,0.44,408.99,260.37
80.92,4,3,342.0,100.0,0.0,12618.0,4,6.643,99.85,0.44,408.37,257.39
80.937,4,3,342.0,100.0,0.0,12618.0,4,6.643,99.85,0.44,407.88,254.39
80.953,4,3,342.0,100.0,0.0,12618.0,4,6.643,99.85,0.44,407.5,251.18
80.969,4,3,342.0,100.0,0.0,12618.0,4,6.643,99.85,0.44,407.28,248.15
80.985,4,3,342.0,100.0,0.0,12618.0,4,6.643,99.85,0.44,407.19,245.11
81.002,4,3,342.0,100.0,0.0,12618.0,4,6.643,99.85,0.44,407.23,241.88
81.019,4,3,342.0,100.0,0.0,12618.0,4,6.643,99.85,0.44,407.41,238.85
81.034,4,3,342.0,100.0,0.0,12618.0,4,6.643,99.85,0.44,407.71,235.82
81.05,4,3,342.0,100.0,0.0,12618.0,4,6.643,99.84,0.44,408.15,232.81
81.067,4,3,342.0,100.0,0.0,12618.0,4,6.643,99.84,0.44,408.75,229.64
81.084,4,3,342.0,100.0,0.0,12618.0,4,6.643,99.84,0.44,409.45,226.68
81.1,4,3,342.0,100.0,0.0,12618.0,4,6.643,99.84,0.44,410.33,223.57
81.117,4,3,342.0,100.0,0.0,12618.0,4,6.643,99.84,0.45,411.34,220.51
81.134,4,3,342.0,100.0,0.0,12618.0,4,6.643,99.84,0.45,412.42,217.66
81.15,4,3,342.0,100.0,0.0,12618.0,4,6.643,99.84,0.45,413.69,214.7
81.167,4,3,342.0,100.0,0.0,12618.0,4,6.643,99.84,0.45,415.1,211.79
81.184,4,3,342.0,100.0,0.0,12618.0,4,6.643,99.84,0.45,416.63,208.94
81.2,4,3,342.0,100.0,0.0,12618.0,4,6.643,99.84,0.45,418.18,206.33
81.217,4,3,342.0,100.0,0.0,12618.0,4,6.643,99.84,0.45,419.96,203.63
81.234,4,3,342.0,100.0,0.0,12618.0,4,6.643,99.84,0.45,421.84,201.01
81.25,4,3,342.0,100.0,0.0,12618.0,4,6.643,99.84,0.45,423.73,198.62
81.266,4,3,342.0,100.0,0.0,12618.0,4,6.643,99.84,0.45,425.71,196.32
81.282,4,3,342.0,100.0,0.0,12618.0,4,6.643,99.84,0.45,427.79,194.11
81.299,4,3,342.0,100.0,0.0,12618.0,4,6.643,99.84,0.45,429.97,191.99
81.315,4,3,342.0,100.0,0.0,12618.0,4,6.643,99.84,0.45,432.38,189.84
81.332,4,3,342.0,100.0,0.0,12618.0,4,6.643,99.84,0.45,434.89,187.79
81.349,4,3,342.0,100.0,0.0,12618.0,4,6.643,99.84,0.45,437.32,185.98
81.364,4,3,342.0,100.0,0.0,12618.0,4,6.643,99.84,0.45,439.84,184.27
81.381,4,3,342.0,100.0,0.0,12618.0,4,6.643,99.84,0.45,442.58,182.57
81.397,4,3,342.0,100.0,0.0,12618.0,4,6.643,99.84,0.45,445.24,181.08
81.414,4,3,342.0,100.0,0.0,12618.0,4,6.643,99.84,0.45,448.12,179.63
81.43,4,3,342.0,100.0,0.0,12618.0,4,6.643,99.84,0.45,450.89,178.38
81.447,4,3,342.0,100.0,0.0,12618.0,4,6.643,99.84,0.45,453.89,177.19
81.463,4,3,342.0,100.0,0.0,12618.0,4,6.643,99.84,0.45,456.76,176.18
81.48,4,3,342.0,100.0,0.0,12618.0,4,6.643,99.84,0.45,459.67,175.31
81.496,4,3,342.0,100.0,0.0,12618.0,4,6.643,99.84,0.45,462.81,174.52
81.513,4,3,342.0,100.0,0.0,12618.0,4,6.643,99.84,0.45,465.78,173.9
81.53,4,3,342.0,100.0,0.0,12618.0,4,6.643,99.84,0.45,468.97,173.38
81.546,4,3,342.0,100.0,0.0,12618.0,4,6.643,99.84,0.45,471.99,173.02
81.563,4,3,342.0,100.0,0.0,12618.0,4,6.643,99.84,0.45,475.21,172.79
81.58,4,3,342.0,100.0,0.0,12618.0,4,6.643,99.84,0.45,478.44,172.69
81.595,4,3,342.0,100.0,0.0,12618.0,4,6.643,99.84,0.45,481.48,172.73
81.612,4,3,342.0,100.0,0.0,12618.0,4,6.643,99.84,0.45,484.51,172.9
81.628,4,3,342.0,100.0,0.0,12618.0,4,6.643,99.84,0.45,487.73,173.23
81.646,4,3,342.0,100.0,0.0,12618.0,4,6.643,99.84,0.45,490.92,173.69
81.662,4,3,342.0,100.0,0.0,12618.0,4,6.643,99.84,0.45,494.1,174.29
81.678,4,3,342.0,100.0,0.0,12618.0,4,6.643,99.84,0.45,497.06,174.99
81.694,4,3,342.0,100.0,0.0,12618.0,4,6.643,99.84,0.45,499.98,175.82
81.71,4,3,342.0,100.0,0.0,12618.0,4,6.643,99.84,0.45,502.87,176.77
81.727,4,3,342.0,100.0,0.0,12618.0,4,6.643,99.84,0.45,505.89,177.92
81.744,4,3,342.0,100.0,0.0,12618.0,4,6.643,99.84,0.45,508.86,179.19
81.761,4,3,342.0,100.0,0.0,12618.0,4,6.643,99.84,0.45,511.59,180.51
81.777,4,3,342.0,100.0,0.0,12618.0,4,6.643,99.84,0.45,514.44,182.04
81.794,4,3,342.0,100.0,0.0,12618.0,4,6.643,99.84,0.45,517.21,183.7
81.811,4,3,342.0,100.0,0.0,12618.0,4,6.643,99.84,0.45,519.91,185.47
81.829,4,3,342.0,100.0,0.0,12618.0,4,6.643,99.84,0.45,522.53,187.36
81.844,4,3,342.0,100.0,0.0,12618.0,4,6.643,99.84,0.45,524.92,189.24
81.86,4,3,342.0,100.0,0.0,12618.0,4,6.643,99.84,0.45,527.22,191.22
81.877,4,3,342.0,100.0,0.0,12618.0,4,6.643,99.84,0.45,529.44,193.31
81.892,4,3,342.0,100.0,0.0,12618.0,4,6.643,99.84,0.45,531.56,195.49
81.909,4,3,342.0,100.0,0.0,12618.0,4,6.643,99.84,0.45,533.58,197.76
81.925,4,3,342.0,100.0,0.0,12618.0,4,6.643,99.84,0.45,535.62,200.26
81.943,4,3,342.0,100.0,0.0,12618.0,4,6.643,99.84,0.45,537.56,202.85
81.959,4,3,342.0,100.0,0.0,12618.0,4,6.643,99.84,0.45,539.37,205.52
81.976,4,3,342.0,100.0,0.0,12618.0,4,6.643,99.84,0.45,541.07,208.26
81.994,4,3,342.0,100.0,0.0,12618.0,4,6.643,99.84,0.45,542.65,211.08
82.011,4,3,342.0,100.0,0.0,12618.0,4,6.643,99.84,0.45,544.19,214.14
82.029,4,3,342.0,100.0,0.0,12618.0,4,6.643,99.84,0.45,545.51,217.08
82.046,4,3,342.0,100.0,0.0,12618.0,4,6.643,99.84,0.45,546.71,220.08
82.062,4,3,342.0,100.0,0.0,12618.0,4,6.643,99.84,0.45,547.71,222.95
82.078,4,3,342.0,100.0,0.0,12618.0,4,6.643,99.84,0.45,548.64,226.05
82.095,4,3,342.0,100.0,0.0,12618.0,4,6.643,99.84,0.45,549.43,229.18
82.112,4,3,342.0,100.0,0.0,12618.0,4,6.643,99.84,0.45,550.05,232.15
82.127,4,3,342.0,100.0,0.0,12618.0,4,6.643,99.84,0.45,550.54,235.15
82.144,4,3,342.0,100.0,0.0,12618.0,4,6.643,99.84,0.45,550.9,238.17
82.16,4,3,342.0,100.0,0.0,12618.0,4,6.643,99.84,0.45,551.12,241.21
82.176,4,3,342.0,100.0,0.0,12618.0,4,6.643,99.84,0.45,551.22,244.43
82.192,4,3,342.0,100.0,0.0,12618.0,4,6.643,99.84,0.45,551.18,247.47
82.21,4,3,342.0,100.0,0.0,12618.0,4,6.643,99.84,0.45,550.99,250.7
82.226,4,3,342.0,100.0,0.0,12618.0,4,6.643,99.84,0.45,550.67,253.91
82.242,4,3,342.0,100.0,0.0,12618.0,4,6.643,99.84,0.45,550.23,256.92
82.259,4,3,342.0,100.0,0.0,12618.0,4,6.643,99.84,0.45,549.66,259.91
82.275,4,3,342.0,100.0,0.0,12618.0,4,6.643,99.84,0.45,548.92,263.05
82.292,4,3,342.0,100.0,0.0,12618.0,4,6.643,99.84,0.45,548.09,265.98
82.308,4,3,342.0,100.0,0.0,12618.0,4,6.643,99.84,0.45,547.08,269.04
82.325,4,3,342.0,100.0,0.0,12618.0,4,6.643,99.84,0.45,545.94,272.06
82.343,4,3,342.0,100.0,0.0,12618.0,4,6.643,99.84,0.45,544.66,275.03
82.359,4,3,342.0,100.0,0.0,12618.0,4,6.643,99.84,0.45,543.26,277.94
82.377,4,3,342.0,100.0,0.0,12618.0,4,6.643,99.84,0.45,541.73,280.78
82.393,4,3,342.0,100.0,0.0,12618.0,4,6.643,99.84,0.45,540.07,283.56
82.41,4,3,342.0,100.0,0.0,12618.0,4,6.643,99.84,0.45,538.3,286.26
82.426,4,3,342.0,100.0,0.0,12618.0,4,6.643,99.84,0.45,536.53,288.73
82.443,4,3,342.0,100.0,0.0,12618.0,4,6.643,99.84,0.45,534.52,291.26
82.46,4,3,342.0,100.0,0.0,12618.0,4,6.643,99.84,0.45,532.42,293.71
82.477,4,3,342.0,100.0,0.0,12618.0,4,6.643,99.84,0.45,530.33,295.92
82.494,4,3,342.0,100.0,0.0,12618.0,4,6.643,99.84,0.45,528.02,298.18
82.51,4,3,342.0,100.0,0.0,12618.0,4,6.643,99.84,0.45,525.61,300.33
82.527,4,3,342.0,100.0,0.0,12618.0,4,6.643,99.84,0.45,523.25,302.25
82.542,4,3,342.0,100.0,0.0,12618.0,4,6.643,99.84,0.45,520.82,304.07
82.559,4,3,342.0,100.0,0.0,12618.0,4,6.643,99.84,0.45,518.15,305.88
82.576,4,3,342.0,100.0,0.0,12618.0,4,6.643,99.84,0.45,515.4,307.58
82.592,4,3,342.0,100.0,0.0,12618.0,4,6.643,99.84,0.45,512.75,309.07
82.61,4,3,342.0,100.0,0.0,12618.0,4,6.643,99.84,0.45,509.86,310.52
82.626,4,3,342.0,100.0,0.0,12618.0,4,6.643,99.84,0.45,506.91,311.84
82.643,4,3,342.0,100.0,0.0,12618.0,4,6.643,99.84,0.45,504.09,312.97
82.66,4,3,342.0,100.0,0.0,12618.0,4,6.643,99.84,0.45,501.04,314.03
82.676,4,3,342.0,100.0,0.0,12618.0,4,6.643,99.84,0.45,498.13,314.91
82.691,4,3,342.0,100.0,0.0,12618.0,4,6.643,99.84,0.45,495.18,315.66
82.708,4,3,342.0,100.0,0.0,12618.0,4,6.643,99.84,0.45,492.02,316.31
82.725,4,3,342.0,100.0,0.0,12618.0,4,6.643,99.84,0.45,488.83,316.83
82.742,4,3,342.0,100.0,0.0,12618.0,4,6.643,99.84,0.45,485.62,317.21
82.759,4,3,342.0,100.0,0.0,12618.0,4,6.643,99.84,0.45,482.4,317.45
82.777,4,3,342.0,100.0,0.0,12618.0,4,6.643,99.84,0.45,479.17,317.55
82.793,4,3,342.0,100.0,0.0,12618.0,4,6.643,99.84,0.45,476.14,317.51
82.81,4,3,342.0,100.0,0.0,12618.0,4,6.643,99.84,0.45,472.91,317.32
82.827,4,3,342.0,100.0,0.0,12618.0,4,6.643,99.84,0.45,469.7,317.0
82.842,4,3,342.0,100.0,0.0,12618.0,4,6.643,99.84,0.45,466.69,316.56
82.859,4,3,342.0,100.0,0.0,12618.0,4,6.643,99.84,0.45,463.7,315.99
82.876,4,3,342.0,100.0,0.0,12618.0,4,6.643,99.84,0.45,460.56,315.25
82.892,4,3,342.0,100.0,0.0,12618.0,4,6.643,99.84,0.45,457.45,314.37
82.909,4,3,342.0,100.0,0.0,12618.0,4,6.643,99.84,0.45,454.56,313.42
82.925,4,3,342.0,100.0,0.0,12618.0,4,6.643,99.84,0.45,451.54,312.27
82.942,4,3,342.0,100.0,0.0,12618.0,4,6.643,99.84,0.46,448.58,311.0
82.959,4,3,342.0,100.0,0.0,12618.0,4,6.643,99.84,0.46,445.67,309.59
82.975,4,3,342.0,100.0,0.0,12618.0,4,6.643,99.84,0.46,442.99,308.15
82.993,4,3,342.0,100.0,0.0,12618.0,4,6.643,99.84,0.46,440.21,306.5
83.009,4,3,342.0,100.0,0.0,12618.0,4,6.643,99.84,0.46,437.51,304.73
83.027,4,3,342.0,100.0,0.0,12618.0,4,6.643,99.84,0.46,434.89,302.84
83.043,4,3,342.0,100.0,0.0,12618.0,4,6.643,99.84,0.46,432.36,300.84
83.06,4,3,342.0,100.0,0.0,12618.0,4,6.643,99.84,0.46,430.05,298.86
83.076,4,3,342.0,100.0,0.0,12618.0,4,6.643,99.84,0.46,427.84,296.77
83.091,4,3,342.0,100.0,0.0,12618.0,4,6.643,99.84,0.46,425.72,294.59
83.108,4,3,342.0,100.0,0.0,12618.0,4,6.643,99.84,0.46,423.7,292.32
83.123,4,3,342.0,100.0,0.0,12618.0,4,6.643,99.84,0.46,421.77,289.97
83.14,4,3,342.0,100.0,0.0,12618.0,4,6.643,99.84,0.46,419.84,287.38
83.157,4,3,342.0,100.0,0.0,12618.0,4,6.643,99.84,0.46,418.13,284.87
83.173,4,3,342.0,100.0,0.0,12618.0,4,6.643,99.84,0.46,416.53,282.28
83.189,4,3,342.0,100.0,0.0,12618.0,4,6.643,99.84,0.46,415.05,279.63
83.205,4,3,342.0,100.0,0.0,12618.0,4,6.643,99.84,0.46,413.6,276.74
83.222,4,3,342.0,100.0,0.0,12618.0,4,6.643,99.84,0.46,412.35,273.97
83.238,4,3,342.0,100.0,0.0,12618.0,4,6.643,99.84,0.46,411.15,270.97
83.256,4,3,342.0,100.0,0.0,12618.0,4,6.643,99.84,0.46,410.09,267.92
83.271,4,3,342.0,100.0,0.0,12618.0,4,6.643,99.84,0.46,409.21,265.01
83.289,4,3,342.0,100.0,0.0,12618.0,4,6.643,99.84,0.46,408.42,261.88
83.305,4,3,342.0,100.0,0.0,12618.0,4,6.643,99.84,0.46,407.76,258.72
83.322,4,3,342.0,100.0,0.0,12618.0,4,6.643,99.84,0.46,407.25,255.53
83.338,4,3,342.0,100.0,0.0,12618.0,4,6.643,99.84,0.46,406.89,252.51
83.355,4,3,342.0,100.0,0.0,12618.0,4,6.643,99.84,0.46,406.66,249.48
83.372,4,3,342.0,100.0,0.0,12618.0,4,6.643,99.84,0.46,406.57,246.25
83.388,4,3,342.0,100.0,0.0,12618.0,4,6.643,99.84,0.46,406.61,243.02
83.406,4,3,342.0,100.0,0.0,12618.0,4,6.643,99.84,0.46,406.79,239.79
83.421,4,3,342.0,100.0,0.0,12618.0,4,6.643,99.84,0.46,407.1,236.77
83.439,4,3,342.0,100.0,0.0,12618.0,4,6.643,99.84,0.46,407.56,233.57
83.456,4,3,342.0,100.0,0.0,12618.0,4,6.643,99.84,0.46,408.17,230.4
83.472,4,3,342.0,100.0,0.0,12618.0,4,6.643,99.84,0.46,408.87,227.44
83.488,4,3,342.0,100.0,0.0,12618.0,4,6.643,99.84,0.46,409.69,224.52
83.504,4,3,342.0,100.0,0.0,12618.0,4,6.643,99.84,0.46,410.71,221.45
83.521,4,3,342.0,100.0,0.0,12618.0,4,6.643,99.84,0.46,411.78,218.61
83.537,4,3,342.0,100.0,0.0,12618.0,4,6.643,99.84,0.46,413.06,215.64
83.553,4,3,342.0,100.0,0.0,12618.0,4,6.643,99.84,0.46,414.38,212.9
83.571,4,3,342.0,100.0,0.0,12618.0,4,6.643,99.84,0.46,415.91,210.06
83.587,4,3,342.0,100.0,0.0,12618.0,4,6.643,99.84,0.46,417.56,207.28
83.604,4,3,342.0,100.0,0.0,12618.0,4,6.643,99.84,0.46,419.23,204.74
83.62,4,3,342.0,100.0,0.0,12618.0,4,6.643,99.84,0.46,421.01,202.27
83.637,4,3,342.0,100.0,0.0,12618.0,4,6.643,99.84,0.46,423.01,199.74
83.654,4,3,342.0,100.0,0.0,12618.0,4,6.643,99.84,0.46,425.12,197.29
83.67,4,3,342.0,100.0,0.0,12618.0,4,6.643,99.84,0.46,427.33,194.94
83.688,4,3,342.0,100.0,0.0,12618.0,4,6.643,99.84,0.46,429.65,192.69
83.704,4,3,342.0,100.0,0.0,12618.0,4,6.643,99.84,0.46,432.06,190.54
83.721,4,3,342.0,100.0,0.0,12618.0,4,6.643,99.84,0.46,434.41,188.61
83.737,4,3,342.0,100.0,0.0,12618.0,4,6.643,99.84,0.46,437.0,186.68
83.754,4,3,342.0,100.0,0.0,12618.0,4,6.643,99.84,0.46,439.67,184.87
83.771,4,3,342.0,100.0,0.0,12618.0,4,6.643,99.84,0.46,442.26,183.27
83.787,4,3,342.0,100.0,0.0,12618.0,4,6.643,99.84,0.46,444.91,181.78
83.803,4,3,342.0,100.0,0.0,12618.0,4,6.643,99.84,0.46,447.79,180.33
83.82,4,3,342.0,100.0,0.0,12618.0,4,6.643,99.84,0.46,450.74,179.0
83.837,4,3,342.0,100.0,0.0,12618.0,4,6.643,99.84,0.46,453.56,177.88
83.853,4,3,342.0,100.0,0.0,12618.0,4,6.643,99.84,0.46,456.61,176.81
83.87,4,3,342.0,100.0,0.0,12618.0,4,6.643,99.84,0.46,459.52,175.94
83.886,4,3,342.0,100.0,0.0,12618.0,4,6.643,99.84,0.46,462.47,175.19
83.903,4,3,342.0,100.0,0.0,12618.0,4,6.643,99.84,0.46,465.63,174.53
83.919,4,3,342.0,100.0,0.0,12618.0,4,6.643,99.84,0.46,468.63,174.05
83.935,4,3,342.0,100.0,0.0,12618.0,4,6.643,99.84,0.46,471.65,173.69
83.952,4,3,342.0,100.0,0.0,12618.0,4,6.643,99.84,0.46,475.06,173.44
83.969,4,3,342.0,100.0,0.0,12618.0,4,6.643,99.84,0.46,478.1,173.35
83.984,4,3,342.0,100.0,0.0,12618.0,4,6.643,99.84,0.46,481.14,173.39
84.001,4,3,342.0,100.0,0.0,12618.0,4,6.643,99.84,0.46,484.18,173.56
84.016,4,3,342.0,100.0,0.0,12618.0,4,6.643,99.84,0.46,487.2,173.87
84.033,4,3,342.0,100.0,0.0,12618.0,4,6.643,99.84,0.46,490.4,174.33
84.049,4,3,342.0,100.0,0.0,12618.0,4,6.643,99.84,0.46,493.38,174.9
84.067,4,3,342.0,100.0,0.0,12618.0,4,6.643,99.84,0.46,496.53,175.64
84.083,4,3,342.0,100.0,0.0,12618.0,4,6.643,99.84,0.46,499.64,176.52
84.1,4,3,342.0,100.0,0.0,12618.0,4,6.643,99.84,0.46,502.52,177.47
84.115,4,3,342.0,100.0,0.0,12618.0,4,6.643,99.84,0.46,505.37,178.55
84.132,4,3,342.0,100.0,0.0,12618.0,4,6.643,99.84,0.46,508.33,179.83
84.149,4,3,342.0,100.0,0.0,12618.0,4,6.643,99.84,0.46,511.24,181.23
84.166,4,3,342.0,100.0,0.0,12618.0,4,6.643,99.84,0.46,514.09,182.76
84.183,4,3,342.0,100.0,0.0,12618.0,4,6.643,99.84,0.46,516.7,184.31
84.199,4,3,342.0,100.0,0.0,12618.0,4,6.643,99.84,0.46,519.4,186.09
84.216,4,3,342.0,100.0,0.0,12618.0,4,6.643,99.84,0.46,522.02,187.97
84.233,4,3,342.0,100.0,0.0,12618.0,4,6.643,99.84,0.46,524.56,189.98
84.251,4,3,342.0,100.0,0.0,12618.0,4,6.643,99.84,0.46,527.0,192.08
84.267,4,3,342.0,100.0,0.0,12618.0,4,6.643,99.84,0.46,529.35,194.3
84.284,4,3,342.0,100.0,0.0,12618.0,4,6.643,99.84,0.46,531.61,196.61
84.301,4,3,342.0,100.0,0.0,12618.0,4,6.643,99.84,0.46,533.76,199.02
84.318,4,3,342.0,100.0,0.0,12618.0,4,6.643,99.84,0.46,535.8,201.53
84.336,4,3,342.0,100.0,0.0,12618.0,4,6.643,99.84,0.46,537.73,204.11
84.352,4,3,342.0,100.0,0.0,12618.0,4,6.643,99.84,0.46,539.55,206.78
84.369,4,3,342.0,100.0,0.0,12618.0,4,6.643,99.84,0.46,541.25,209.53
84.386,4,3,342.0,100.0,0.0,12618.0,4,6.643,99.84,0.46,542.73,212.18
84.402,4,3,342.0,100.0,0.0,12618.0,4,6.643,99.84,0.46,544.18,215.07
84.419,4,3,342.0,100.0,0.0,12618.0,4,6.643,99.84,0.46,545.43,217.84
84.435,4,3,342.0,100.0,0.0,12618.0,4,6.643,99.84,0.46,546.56,220.67
84.451,4,3,342.0,100.0,0.0,12618.0,4,6.643,99.84,0.46,547.62,223.72
84.468,4,3,342.0,100.0,0.0,12618.0,4,6.643,99.84,0.46,548.55,226.81
84.485,4,3,342.0,100.0,0.0,12618.0,4,6.643,99.84,0.46,549.3,229.76
84.501,4,3,342.0,100.0,0.0,12618.0,4,6.643,99.84,0.46,549.92,232.73
84.517,4,3,342.0,100.0,0.0,12618.0,4,6.643,99.84,0.46,550.44,235.92
84.534,4,3,342.0,100.0,0.0,12618.0,4,6.643,99.84,0.46,550.79,238.94
84.549,4,3,342.0,100.0,0.0,12618.0,4,6.643,99.84,0.46,551.02,241.97
84.567,4,3,342.0,100.0,0.0,12618.0,4,6.643,99.84,0.46,551.11,245.2
84.583,4,3,342.0,100.0,0.0,12618.0,4,6.643,99.84,0.46,551.07,248.24
84.599,4,3,342.0,100.0,0.0,12618.0,4,6.643,99.84,0.46,550.9,251.27
84.615,4,3,342.0,100.0,0.0,12618.0,4,6.643,99.84,0.46,550.57,254.49
84.632,4,3,342.0,100.0,0.0,12618.0,4,6.643,99.84,0.46,550.11,257.68
84.649,4,3,342.0,100.0,0.0,12618.0,4,6.643,99.84,0.46,549.54,260.67
84.665,4,3,342.0,100.0,0.0,12618.0,4,6.643,99.84,0.46,548.8,263.81
84.683,4,3,342.0,100.0,0.0,12618.0,4,6.643,99.84,0.46,547.92,266.92
84.699,4,3,342.0,100.0,0.0,12618.0,4,6.643,99.84,0.46,546.91,269.99
84.716,4,3,342.0,100.0,0.0,12618.0,4,6.643,99.84,0.46,545.83,272.83
84.733,4,3,342.0,100.0,0.0,12618.0,4,6.643,99.84,0.46,544.56,275.8
84.75,4,3,342.0,100.0,0.0,12618.0,4,6.643,99.84,0.47,543.15,278.71
84.767,4,3,342.0,100.0,0.0,12618.0,4,6.643,99.84,0.47,541.62,281.55
84.783,4,3,342.0,100.0,0.0,12618.0,4,6.643,99.84,0.47,540.07,284.17
84.799,4,3,342.0,100.0,0.0,12618.0,4,6.643,99.84,0.47,538.4,286.71
84.815,4,3,342.0,100.0,0.0,12618.0,4,6.643,99.84,0.47,536.51,289.33
84.832,4,3,342.0,100.0,0.0,12618.0,4,6.643,99.84,0.47,534.63,291.71
84.848,4,3,342.0,100.0,0.0,12618.0,4,6.643,99.84,0.47,532.52,294.16
84.866,4,3,342.0,100.0,0.0,12618.0,4,6.643,99.84,0.47,530.3,296.51
84.881,4,3,342.0,100.0,0.0,12618.0,4,6.643,99.84,0.47,528.13,298.63
84.897,4,3,342.0,100.0,0.0,12618.0,4,6.643,99.84,0.47,525.86,300.66
84.914,4,3,342.0,100.0,0.0,12618.0,4,6.643,99.84,0.47,523.5,302.58
84.93,4,3,342.0,100.0,0.0,12618.0,4,6.643,99.84,0.47,520.91,304.51
84.948,4,3,342.0,100.0,0.0,12618.0,4,6.643,99.84,0.47,518.24,306.33
84.964,4,3,342.0,100.0,0.0,12618.0,4,6.643,99.84,0.47,515.66,307.93
84.98,4,3,342.0,100.0,0.0,12618.0,4,6.643,99.84,0.47,512.84,309.5
84.997,4,3,342.0,100.0,0.0,12618.0,4,6.643,99.84,0.47,509.95,310.96
85.014,4,3,342.0,100.0,0.0,12618.0,4,6.643,99.84,0.47,507.18,312.2
85.03,4,3,342.0,100.0,0.0,12618.0,4,6.643,99.84,0.47,504.18,313.4
85.048,4,3,342.0,100.0,0.0,12618.0,4,6.643,99.84,0.47,501.13,314.46
85.064,4,3,342.0,100.0,0.0,12618.0,4,6.643,99.84,0.47,498.04,315.39
85.081,4,3,342.0,100.0,0.0,12618.0,4,6.643,99.84,0.47,494.91,316.19
85.097,4,3,342.0,100.0,0.0,12618.0,4,6.643,99.84,0.47,491.93,316.81
85.114,4,3,342.0,100.0,0.0,12618.0,4,6.643,99.84,0.47,488.93,317.29
85.13,4,3,342.0,100.0,0.0,12618.0,4,6.643,99.84,0.47,485.91,317.65
85.146,4,3,342.0,100.0,0.0,12618.0,4,6.643,99.84,0.47,482.88,317.87
85.162,4,3,342.0,100.0,0.0,12618.0,4,6.643,99.84,0.47,479.84,317.97
85.178,4,3,342.0,100.0,0.0,12618.0,4,6.643,99.84,0.47,476.61,317.92
85.195,4,3,342.0,100.0,0.0,12618.0,4,6.643,99.84,0.47,473.39,317.74
85.212,4,3,342.0,100.0,0.0,12618.0,4,6.643,99.84,0.47,470.17,317.41
85.229,4,3,342.0,100.0,0.0,12618.0,4,6.643,99.84,0.47,467.16,316.98
85.245,4,3,342.0,100.0,0.0,12618.0,4,6.643,99.84,0.47,463.99,316.37
85.262,4,3,342.0,100.0,0.0,12618.0,4,6.643,99.84,0.47,460.85,315.63
85.279,4,3,342.0,100.0,0.0,12618.0,4,6.643,99.84,0.47,457.92,314.81
85.294,4,3,342.0,100.0,0.0,12618.0,4,6.643,99.84,0.47,455.04,313.85
85.311,4,3,342.0,100.0,0.0,12618.0,4,6.643,99.84,0.47,452.02,312.71
85.329,4,3,342.0,100.0,0.0,12618.0,4,6.643,99.84,0.47,449.05,311.43
85.345,4,3,342.0,100.0,0.0,12618.0,4,6.643,99.84,0.47,446.14,310.03
85.361,4,3,342.0,100.0,0.0,12618.0,4,6.643,99.84,0.47,443.46,308.59
85.378,4,3,342.0,100.0,0.0,12618.0,4,6.643,99.84,0.47,440.85,307.03
85.394,4,3,342.0,100.0,0.0,12618.0,4,6.643,99.84,0.47,438.31,305.36
85.411,4,3,342.0,100.0,0.0,12618.0,4,6.643,99.84,0.47,435.69,303.48
85.427,4,3,342.0,100.0,0.0,12618.0,4,6.643,99.84,0.47,433.3,301.59
85.442,4,3,342.0,100.0,0.0,12618.0,4,6.643,99.84,0.47,431.0,299.61
85.458,4,3,342.0,100.0,0.0,12618.0,4,6.643,99.84,0.47,428.79,297.52
85.475,4,3,342.0,100.0,0.0,12618.0,4,6.643,99.84,0.47,426.53,295.21
85.492,4,3,342.0,100.0,0.0,12618.0,4,6.643,99.84,0.47,424.38,292.8
85.509,4,3,342.0,100.0,0.0,12618.0,4,6.643,99.84,0.47,422.46,290.44
85.525,4,3,342.0,100.0,0.0,12618.0,4,6.643,99.84,0.47,420.64,288.01
85.541,4,3,342.0,100.0,0.0,12618.0,4,6.643,99.84,0.47,418.93,285.49
85.557,4,3,342.0,100.0,0.0,12618.0,4,6.643,99.84,0.47,417.33,282.91
85.574,4,3,342.0,100.0,0.0,12618.0,4,6.643,99.84,0.47,415.76,280.09
85.59,4,3,342.0,100.0,0.0,12618.0,4,6.643,99.84,0.47,414.3,277.21
85.607,4,3,342.0,100.0,0.0,12618.0,4,6.643,99.84,0.47,413.05,274.43
85.623,4,3,342.0,100.0,0.0,12618.0,4,6.643,99.84,0.47,411.93,271.61
85.639,4,3,342.0,100.0,0.0,12618.0,4,6.643,99.84,0.47,410.93,268.74
85.655,4,3,342.0,100.0,0.0,12618.0,4,6.643,99.84,0.47,410.0,265.65
85.671,4,3,342.0,100.0,0.0,12618.0,4,6.643,99.84,0.47,409.25,262.7
85.688,4,3,342.0,100.0,0.0,12618.0,4,6.643,99.84,0.47,408.59,259.54
85.705,4,3,342.0,100.0,0.0,12618.0,4,6.643,99.84,0.47,408.08,256.35
85.723,4,3,342.0,100.0,0.0,12618.0,4,6.643,99.84,0.47,407.7,253.14
85.739,4,3,342.0,100.0,0.0,12618.0,4,6.643,99.84,0.47,407.46,249.92
85.755,4,3,342.0,100.0,0.0,12618.0,4,6.643,99.84,0.47,407.37,246.88
85.772,4,3,342.0,100.0,0.0,12618.0,4,6.643,99.84,0.47,407.41,243.65
85.79,4,3,342.0,100.0,0.0,12618.0,4,6.643,99.84,0.47,407.59,240.43
85.807,4,3,342.0,100.0,0.0,12618.0,4,6.643,99.84,0.47,407.92,237.21
85.822,4,3,342.0,100.0,0.0,12618.0,4,6.643,99.84,0.47,408.36,234.2
85.839,4,3,342.0,100.0,0.0,12618.0,4,6.643,99.84,0.47,408.96,231.03
85.856,4,3,342.0,100.0,0.0,12618.0,4,6.643,99.84,0.47,409.7,227.89
85.873,4,3,342.0,100.0,0.0,12618.0,4,6.643,99.84,0.47,410.53,224.96
85.889,4,3,342.0,100.0,0.0,12618.0,4,6.643,99.84,0.47,411.54,221.89
85.907,4,3,342.0,100.0,0.0,12618.0,4,6.643,99.84,0.47,412.69,218.87
85.923,4,3,342.0,100.0,0.0,12618.0,4,6.643,99.84,0.47,413.96,215.91
85.939,4,3,342.0,100.0,0.0,12618.0,4,6.643,99.84,0.47,415.28,213.17
85.957,4,3,342.0,100.0,0.0,12618.0,4,6.643,99.84,0.47,416.81,210.32
85.973,4,3,342.0,100.0,0.0,12618.0,4,6.643,99.84,0.47,418.37,207.71
85.989,4,3,342.0,100.0,0.0,12618.0,4,6.643,99.84,0.47,420.14,205.01
86.005,4,3,342.0,100.0,0.0,12618.0,4,6.643,99.84,0.47,421.92,202.55
86.022,4,3,342.0,100.0,0.0,12618.0,4,6.643,99.84,0.47,423.92,200.01
86.039,4,3,342.0,100.0,0.0,12618.0,4,6.643,99.84,0.47,426.03,197.56
86.055,4,3,342.0,100.0,0.0,12618.0,4,6.643,99.83,0.47,428.11,195.35
86.072,4,3,342.0,100.0,0.0,12618.0,4,6.643,99.83,0.47,430.29,193.23
86.088,4,3,342.0,100.0,0.0,12618.0,4,6.643,99.83,0.47,432.7,191.08
86.106,4,3,342.0,100.0,0.0,12618.0,4,6.643,99.83,0.47,435.2,189.04
86.121,4,3,342.0,100.0,0.0,12618.0,4,6.643,99.83,0.47,437.64,187.22
86.138,4,3,342.0,100.0,0.0,12618.0,4,6.643,99.83,0.47,440.15,185.51
86.153,4,3,342.0,100.0,0.0,12618.0,4,6.643,99.83,0.47,442.74,183.91
86.169,4,3,342.0,100.0,0.0,12618.0,4,6.643,99.83,0.47,445.39,182.43
86.186,4,3,342.0,100.0,0.0,12618.0,4,6.643,99.83,0.47,448.11,181.06
86.202,4,3,342.0,100.0,0.0,12618.0,4,6.643,99.83,0.47,451.05,179.73
86.219,4,3,342.0,100.0,0.0,12618.0,4,6.643,99.83,0.47,453.87,178.61
86.235,4,3,342.0,100.0,0.0,12618.0,4,6.643,99.83,0.47,456.92,177.54
86.252,4,3,342.0,100.0,0.0,12618.0,4,6.643,99.83,0.47,460.02,176.61
86.268,4,3,342.0,100.0,0.0,12618.0,4,6.643,99.83,0.47,462.96,175.87
86.284,4,3,342.0,100.0,0.0,12618.0,4,6.643,99.83,0.47,465.94,175.25
86.301,4,3,342.0,100.0,0.0,12618.0,4,6.643,99.83,0.47,468.94,174.76
86.317,4,3,342.0,100.0,0.0,12618.0,4,6.643,99.83,0.47,472.15,174.38
86.334,4,3,342.0,100.0,0.0,12618.0,4,6.643,99.83,0.47,475.37,174.14
86.35,4,3,342.0,100.0,0.0,12618.0,4,6.643,99.83,0.47,478.41,174.05
86.367,4,3,342.0,100.0,0.0,12618.0,4,6.643,99.83,0.47,481.64,174.09
86.384,4,3,342.0,100.0,0.0,12618.0,4,6.643,99.83,0.47,484.67,174.27
86.4,4,3,342.0,100.0,0.0,12618.0,4,6.643,99.83,0.47,487.7,174.57
86.416,4,3,342.0,100.0,0.0,12618.0,4,6.643,99.83,0.47,490.71,175.01
86.432,4,3,342.0,100.0,0.0,12618.0,4,6.643,99.83,0.47,493.69,175.58
86.448,4,3,342.0,100.0,0.0,12618.0,4,6.643,99.83,0.47,496.84,176.32
86.465,4,3,342.0,100.0,0.0,12618.0,4,6.643,99.83,0.47,499.95,177.2
86.481,4,3,342.0,100.0,0.0,12618.0,4,6.643,99.83,0.47,502.83,178.15
86.498,4,3,342.0,100.0,0.0,12618.0,4,6.643,99.83,0.47,505.85,179.3
86.515,4,3,342.0,100.0,0.0,12618.0,4,6.643,99.83,0.47,508.82,180.57
86.533,4,3,342.0,100.0,0.0,12618.0,4,6.643,99.83,0.47,511.73,181.98
86.549,4,3,342.0,100.0,0.0,12618.0,4,6.643,99.83,0.47,514.57,183.51
86.566,4,3,342.0,100.0,0.0,12618.0,4,6.643,99.83,0.48,517.19,185.06
86.582,4,3,342.0,100.0,0.0,12618.0,4,6.643,99.83,0.48,519.73,186.73
86.598,4,3,342.0,100.0,0.0,12618.0,4,6.643,99.83,0.48,522.35,188.62
86.615,4,3,342.0,100.0,0.0,12618.0,4,6.643,99.83,0.48,524.88,190.62
86.631,4,3,342.0,100.0,0.0,12618.0,4,6.643,99.83,0.48,527.19,192.6
86.648,4,3,342.0,100.0,0.0,12618.0,4,6.643,99.83,0.48,529.4,194.69
86.664,4,3,342.0,100.0,0.0,12618.0,4,6.643,99.83,0.48,531.65,197.0
86.681,4,3,342.0,100.0,0.0,12618.0,4,6.643,99.83,0.48,533.68,199.27
86.697,4,3,342.0,100.0,0.0,12618.0,4,6.643,99.83,0.48,535.6,201.63
86.713,4,3,342.0,100.0,0.0,12618.0,4,6.643,99.83,0.48,537.53,204.21
86.73,4,3,342.0,100.0,0.0,12618.0,4,6.643,99.83,0.48,539.35,206.88
86.746,4,3,342.0,100.0,0.0,12618.0,4,6.643,99.83,0.48,540.95,209.47
86.763,4,3,342.0,100.0,0.0,12618.0,4,6.643,99.83,0.48,542.52,212.29
86.779,4,3,342.0,100.0,0.0,12618.0,4,6.643,99.83,0.48,543.89,215.0
86.796,4,3,342.0,100.0,0.0,12618.0,4,6.643,99.83,0.48,545.22,217.95
86.813,4,3,342.0,100.0,0.0,12618.0,4,6.643,99.83,0.48,546.34,220.77
86.829,4,3,342.0,100.0,0.0,12618.0,4,6.643,99.83,0.48,547.34,223.64
86.844,4,3,342.0,100.0,0.0,12618.0,4,6.643,99.83,0.48,548.22,226.55
86.86,4,3,342.0,100.0,0.0,12618.0,4,6.643,99.83,0.48,548.97,229.5
86.877,4,3,342.0,100.0,0.0,12618.0,4,6.643,99.83,0.48,549.62,232.66
86.893,4,3,342.0,100.0,0.0,12618.0,4,6.643,99.83,0.48,550.11,235.66
86.91,4,3,342.0,100.0,0.0,12618.0,4,6.643,99.83,0.48,550.47,238.68
86.926,4,3,342.0,100.0,0.0,12618.0,4,6.643,99.83,0.48,550.7,241.91
86.942,4,3,342.0,100.0,0.0,12618.0,4,6.643,99.83,0.48,550.8,244.94
86.958,4,3,342.0,100.0,0.0,12618.0,4,6.643,99.83,0.48,550.76,247.98
86.975,4,3,342.0,100.0,0.0,12618.0,4,6.643,99.83,0.48,550.57,251.21
86.992,4,3,342.0,100.0,0.0,12618.0,4,6.643,99.83,0.48,550.25,254.42
87.008,4,3,342.0,100.0,0.0,12618.0,4,6.643,99.83,0.48,549.81,257.43
87.024,4,3,342.0,100.0,0.0,12618.0,4,6.643,99.83,0.48,549.24,260.42
87.042,4,3,342.0,100.0,0.0,12618.0,4,6.643,99.83,0.48,548.5,263.56
87.057,4,3,342.0,100.0,0.0,12618.0,4,6.643,99.83,0.48,547.67,266.49
87.074,4,3,342.0,100.0,0.0,12618.0,4,6.643,99.83,0.48,546.66,269.55
87.091,4,3,342.0,100.0,0.0,12618.0,4,6.643,99.83,0.48,545.58,272.4
87.107,4,3,342.0,100.0,0.0,12618.0,4,6.643,99.83,0.48,544.31,275.36
87.124,4,3,342.0,100.0,0.0,12618.0,4,6.643,99.83,0.48,542.9,278.27
87.141,4,3,342.0,100.0,0.0,12618.0,4,6.643,99.83,0.48,541.46,280.95
87.156,4,3,342.0,100.0,0.0,12618.0,4,6.643,99.83,0.48,539.91,283.56
87.173,4,3,342.0,100.0,0.0,12618.0,4,6.643,99.83,0.48,538.14,286.26
87.191,4,3,342.0,100.0,0.0,12618.0,4,6.643,99.83,0.48,536.25,288.88
87.207,4,3,342.0,100.0,0.0,12618.0,4,6.643,99.83,0.48,534.25,291.42
87.224,4,3,342.0,100.0,0.0,12618.0,4,6.643,99.83,0.48,532.26,293.72
87.24,4,3,342.0,100.0,0.0,12618.0,4,6.643,99.83,0.48,530.05,296.07
87.258,4,3,342.0,100.0,0.0,12618.0,4,6.643,99.83,0.48,527.73,298.33
87.273,4,3,342.0,100.0,0.0,12618.0,4,6.643,99.83,0.48,525.47,300.35
87.29,4,3,342.0,100.0,0.0,12618.0,4,6.643,99.83,0.48,523.11,302.27
87.305,4,3,342.0,100.0,0.0,12618.0,4,6.643,99.83,0.48,520.67,304.09
87.322,4,3,342.0,100.0,0.0,12618.0,4,6.643,99.83,0.48,518.16,305.8
87.339,4,3,342.0,100.0,0.0,12618.0,4,6.643,99.83,0.48,515.41,307.5
87.355,4,3,342.0,100.0,0.0,12618.0,4,6.643,99.83,0.48,512.59,309.08
87.372,4,3,342.0,100.0,0.0,12618.0,4,6.643,99.83,0.48,509.71,310.53
87.389,4,3,342.0,100.0,0.0,12618.0,4,6.643,99.83,0.48,506.94,311.78
87.405,4,3,342.0,100.0,0.0,12618.0,4,6.643,99.83,0.48,503.94,312.97
87.422,4,3,342.0,100.0,0.0,12618.0,4,6.643,99.83,0.48,501.07,313.97
87.438,4,3,342.0,100.0,0.0,12618.0,4,6.643,99.83,0.48,497.97,314.9
87.455,4,3,342.0,100.0,0.0,12618.0,4,6.643,99.83,0.48,494.84,315.7
87.473,4,3,342.0,100.0,0.0,12618.0,4,6.643,99.83,0.48,491.68,316.35
87.488,4,3,342.0,100.0,0.0,12618.0,4,6.643,99.83,0.48,488.68,316.84
87.505,4,3,342.0,100.0,0.0,12618.0,4,6.643,99.83,0.48,485.47,317.22
87.522,4,3,342.0,100.0,0.0,12618.0,4,6.643,99.83,0.48,482.44,317.44
87.537,4,3,342.0,100.0,0.0,12618.0,4,6.643,99.83,0.48,479.4,317.54
87.554,4,3,342.0,100.0,0.0,12618.0,4,6.643,99.83,0.48,476.17,317.49
87.572,4,3,342.0,100.0,0.0,12618.0,4,6.643,99.83,0.48,472.95,317.31
87.587,4,3,342.0,100.0,0.0,12618.0,4,6.643,99.83,0.48,469.92,317.0
87.604,4,3,342.0,100.0,0.0,12618.0,4,6.643,99.83,0.48,466.91,316.57
87.62,4,3,342.0,100.0,0.0,12618.0,4,6.643,99.83,0.48,463.93,316.0
87.635,4,3,342.0,100.0,0.0,12618.0,4,6.643,99.83,0.48,460.97,315.3
87.652,4,3,342.0,100.0,0.0,12618.0,4,6.643,99.83,0.48,458.04,314.47
87.668,4,3,342.0,100.0,0.0,12618.0,4,6.643,99.83,0.48,454.98,313.46
87.685,4,3,342.0,100.0,0.0,12618.0,4,6.643,99.83,0.48,451.96,312.32
87.702,4,3,342.0,100.0,0.0,12618.0,4,6.643,99.83,0.48,449.16,311.11
87.718,4,3,342.0,100.0,0.0,12618.0,4,6.643,99.83,0.48,446.25,309.71
87.735,4,3,342.0,100.0,0.0,12618.0,4,6.643,99.83,0.48,443.41,308.18
87.752,4,3,342.0,100.0,0.0,12618.0,4,6.643,99.83,0.48,440.63,306.53
87.769,4,3,342.0,100.0,0.0,12618.0,4,6.643,99.83,0.48,438.09,304.86
87.785,4,3,342.0,100.0,0.0,12618.0,4,6.643,99.83,0.48,435.47,302.97
87.803,4,3,342.0,100.0,0.0,12618.0,4,6.643,99.83,0.48,432.94,300.97
87.819,4,3,342.0,100.0,0.0,12618.0,4,6.643,99.83,0.48,430.49,298.86
87.837,4,3,342.0,100.0,0.0,12618.0,4,6.643,99.83,0.48,428.14,296.65
87.853,4,3,342.0,100.0,0.0,12618.0,4,6.643,99.83,0.48,425.88,294.33
87.87,4,3,342.0,100.0,0.0,12618.0,4,6.643,99.83,0.48,423.73,291.92
87.887,4,3,342.0,100.0,0.0,12618.0,4,6.643,99.83,0.48,421.69,289.42
87.903,4,3,342.0,100.0,0.0,12618.0,4,6.643,99.83,0.48,419.87,286.99
87.921,4,3,342.0,100.0,0.0,12618.0,4,6.643,99.83,0.48,418.06,284.32
87.937,4,3,342.0,100.0,0.0,12618.0,4,6.643,99.83,0.48,416.46,281.73
87.953,4,3,342.0,100.0,0.0,12618.0,4,6.643,99.83,0.48,414.97,279.08
87.968,4,3,342.0,100.0,0.0,12618.0,4,6.643,99.83,0.48,413.61,276.36
87.986,4,3,342.0,100.0,0.0,12618.0,4,6.643,99.83,0.48,412.28,273.42
88.002,4,3,342.0,100.0,0.0,12618.0,4,6.643,99.83,0.48,411.08,270.42
88.018,4,3,342.0,100.0,0.0,12618.0,4,6.643,99.83,0.48,410.08,267.55
88.035,4,3,342.0,100.0,0.0,12618.0,4,6.643,99.83,0.48,409.15,264.45
88.053,4,3,342.0,100.0,0.0,12618.0,4,6.643,99.83,0.48,408.36,261.32
88.069,4,3,342.0,100.0,0.0,12618.0,4,6.643,99.83,0.48,407.7,258.16
88.086,4,3,342.0,100.0,0.0,12618.0,4,6.643,99.83,0.48,407.18,254.97
88.103,4,3,342.0,100.0,0.0,12618.0,4,6.643,99.83,0.48,406.81,251.76
88.12,4,3,342.0,100.0,0.0,12618.0,4,6.643,99.83,0.48,406.57,248.54
88.137,4,3,342.0,100.0,0.0,12618.0,4,6.643,99.83,0.48,406.48,245.5
88.153,4,3,342.0,100.0,0.0,12618.0,4,6.643,99.83,0.48,406.52,242.46
88.169,4,3,342.0,100.0,0.0,12618.0,4,6.643,99.83,0.48,406.7,239.24
88.186,4,3,342.0,100.0,0.0,12618.0,4,6.643,99.83,0.48,407.01,236.21
88.202,4,3,342.0,100.0,0.0,12618.0,4,6.643,99.83,0.48,407.47,233.02
88.219,4,3,342.0,100.0,0.0,12618.0,4,6.643,99.83,0.48,407.94,229.82
88.235,4,3,342.0,100.0,0.0,12618.0,4,6.643,99.83,0.48,408.37,226.81
88.251,4,3,342.0,100.0,0.0,12618.0,4,6.643,99.83,0.48,408.81,223.8
88.268,4,3,342.0,100.0,0.0,12618.0,4,6.643,99.83,0.48,409.12,220.78
88.284,4,3,342.0,100.0,0.0,12618.0,4,6.643,99.83,0.48,409.3,217.55
88.301,4,3,342.0,100.0,0.0,12618.0,4,6.643,99.83,0.48,409.34,214.33
88.318,4,3,342.0,100.0,0.0,12618.0,4,6.643,99.83,0.48,409.25,211.1
88.335,4,3,342.0,100.0,0.0,12618.0,4,6.643,99.83,0.48,409.01,207.88
88.351,4,3,342.0,100.0,0.0,12618.0,4,6.643,99.83,0.48,408.65,204.86
88.368,4,3,342.0,100.0,0.0,12618.0,4,6.643,99.83,0.48,408.16,201.86
88.383,4,3,342.0,100.0,0.0,12618.0,4,6.643,99.83,0.49,407.55,198.88
88.4,4,3,342.0,100.0,0.0,12618.0,4,6.643,99.83,0.49,406.75,195.75
88.417,4,3,342.0,100.0,0.0,12618.0,4,6.643,99.83,0.49,405.82,192.66
88.433,4,3,342.0,100.0,0.0,12618.0,4,6.643,99.83,0.49,404.82,189.78
88.45,4,3,342.0,100.0,0.0,12618.0,4,6.643,99.83,0.49,403.62,186.78
88.466,4,3,342.0,100.0,0.0,12618.0,4,6.643,99.83,0.49,402.38,184.01
88.483,4,3,342.0,100.0,0.0,12618.0,4,6.643,99.83,0.49,400.92,181.13
88.5,4,3,342.0,100.0,0.0,12618.0,4,6.643,99.83,0.49,399.44,178.47
88.516,4,3,342.0,100.0,0.0,12618.0,4,6.643,99.83,0.49,397.74,175.73
88.534,4,3,342.0,100.0,0.0,12618.0,4,6.643,99.83,0.49,395.92,173.06
88.55,4,3,342.0,100.0,0.0,12618.0,4,6.643,99.83,0.49,393.99,170.47
88.567,4,3,342.0,100.0,0.0,12618.0,4,6.643,99.83,0.49,391.95,167.97
88.583,4,3,342.0,100.0,0.0,12618.0,4,6.643,99.83,0.49,389.93,165.7
88.6,4,3,342.0,100.0,0.0,12618.0,4,6.643,99.83,0.49,387.81,163.52
88.615,4,3,342.0,100.0,0.0,12618.0,4,6.643,99.83,0.49,385.59,161.44
88.631,4,3,342.0,100.0,0.0,12618.0,4,6.643,99.83,0.49,383.29,159.45
88.648,4,3,342.0,100.0,0.0,12618.0,4,6.643,99.83,0.49,380.75,157.45
88.665,4,3,342.0,100.0,0.0,12618.0,4,6.643,99.83,0.49,378.13,155.56
88.682,4,3,342.0,100.0,0.0,12618.0,4,6.643,99.83,0.49,375.43,153.79
88.699,4,3,342.0,100.0,0.0,12618.0,4,6.643,99.83,0.49,372.66,152.14
88.716,4,3,342.0,100.0,0.0,12618.0,4,6.643,99.83,0.49,369.81,150.61
88.733,4,3,342.0,100.0,0.0,12618.0,4,6.643,99.83,0.49,366.9,149.2
88.749,4,3,342.0,100.0,0.0,12618.0,4,6.643,99.83,0.49,364.11,148.0
88.766,4,3,342.0,100.0,0.0,12618.0,4,6.643,99.83,0.49,361.27,146.92
88.782,4,3,342.0,100.0,0.0,12618.0,4,6.643,99.83,0.49,358.2,145.91
88.798,4,3,342.0,100.0,0.0,12618.0,4,6.643,99.83,0.49,355.28,145.09
88.815,4,3,342.0,100.0,0.0,12618.0,4,6.643,99.83,0.49,352.13,144.34
88.832,4,3,342.0,100.0,0.0,12618.0,4,6.643,99.83,0.49,348.96,143.74
88.849,4,3,342.0,100.0,0.0,12618.0,4,6.643,99.83,0.49,345.76,143.28
88.866,4,3,342.0,100.0,0.0,12618.0,4,6.643,99.83,0.49,342.55,142.95
88.882,4,3,342.0,100.0,0.0,12618.0,4,6.643,99.83,0.49,339.51,142.78
88.899,4,3,342.0,100.0,0.0,12618.0,4,6.643,99.83,0.49,336.28,142.73
88.915,4,3,342.0,100.0,0.0,12618.0,4,6.643,99.83,0.49,333.25,142.83
88.932,4,3,342.0,100.0,0.0,12618.0,4,6.643,99.83,0.49,330.02,143.06
88.948,4,3,342.0,100.0,0.0,12618.0,4,6.643,99.83,0.49,327.01,143.42
88.965,4,3,342.0,100.0,0.0,12618.0,4,6.643,99.83,0.49,323.82,143.94
88.982,4,3,342.0,100.0,0.0,12618.0,4,6.643,99.83,0.49,320.65,144.6
89.0,4,3,342.0,100.0,0.0,12618.0,4,6.643,99.83,0.49,317.52,145.39
89.015,4,3,342.0,100.0,0.0,12618.0,4,6.643,99.83,0.49,314.61,146.26
89.033,4,3,342.0,100.0,0.0,12618.0,4,6.643,99.83,0.49,311.74,147.27
89.048,4,3,342.0,100.0,0.0,12618.0,4,6.643,99.83,0.49,308.74,148.46
89.066,4,3,342.0,100.0,0.0,12618.0,4,6.643,99.83,0.49,305.8,149.79
89.082,4,3,342.0,100.0,0.0,12618.0,4,6.643,99.83,0.49,303.08,151.15
89.099,4,3,342.0,100.0,0.0,12618.0,4,6.643,99.83,0.49,300.26,152.73
89.115,4,3,342.0,100.0,0.0,12618.0,4,6.643,99.83,0.49,297.52,154.43
89.131,4,3,342.0,100.0,0.0,12618.0,4,6.643,99.83,0.49,295.0,156.14
89.149,4,3,342.0,100.0,0.0,12618.0,4,6.643,99.83,0.49,292.41,158.07
89.164,4,3,342.0,100.0,0.0,12618.0,4,6.643,99.83,0.49,290.06,160.0
89.181,4,3,342.0,100.0,0.0,12618.0,4,6.643,99.83,0.49,287.65,162.15
89.197,4,3,342.0,100.0,0.0,12618.0,4,6.643,99.83,0.49,285.47,164.27
89.215,4,3,342.0,100.0,0.0,12618.0,4,6.643,99.83,0.49,283.13,166.76
89.232,4,3,342.0,100.0,0.0,12618.0,4,6.643,99.83,0.49,281.02,169.2
89.248,4,3,342.0,100.0,0.0,12618.0,4,6.643,99.83,0.49,279.13,171.59
89.265,4,3,342.0,100.0,0.0,12618.0,4,6.643,99.83,0.49,277.24,174.21
89.282,4,3,342.0,100.0,0.0,12618.0,4,6.643,99.83,0.49,275.47,176.91
89.299,4,3,342.0,100.0,0.0,12618.0,4,6.643,99.83,0.49,273.92,179.52
89.315,4,3,342.0,100.0,0.0,12618.0,4,6.643,99.83,0.49,272.39,182.37
89.333,4,3,342.0,100.0,0.0,12618.0,4,6.643,99.83,0.49,270.98,185.28
89.35,4,3,342.0,100.0,0.0,12618.0,4,6.643,99.83,0.49,269.71,188.24
89.366,4,3,342.0,100.0,0.0,12618.0,4,6.643,99.83,0.49,268.56,191.26
89.383,4,3,342.0,100.0,0.0,12618.0,4,6.643,99.83,0.49,267.55,194.33
89.399,4,3,342.0,100.0,0.0,12618.0,4,6.643,99.83,0.49,266.72,197.26
89.416,4,3,342.0,100.0,0.0,12618.0,4,6.643,99.83,0.49,265.98,200.4
89.433,4,3,342.0,100.0,0.0,12618.0,4,6.643,99.83,0.49,265.38,203.57
89.45,4,3,342.0,100.0,0.0,12618.0,4,6.643,99.83,0.49,264.91,206.77
89.466,4,3,342.0,100.0,0.0,12618.0,4,6.643,99.83,0.49,264.61,209.79
89.482,4,3,342.0,100.0,0.0,12618.0,4,6.643,99.83,0.49,264.44,212.83
89.499,4,3,342.0,100.0,0.0,12618.0,4,6.643,99.83,0.49,264.39,216.06
89.516,4,3,342.0,100.0,0.0,12618.0,4,6.643,99.83,0.49,264.49,219.29
89.534,4,3,342.0,100.0,0.0,12618.0,4,6.643,99.83,0.49,264.73,222.51
89.55,4,3,342.0,100.0,0.0,12618.0,4,6.643,99.83,0.49,265.11,225.72
89.567,4,3,342.0,100.0,0.0,12618.0,4,6.643,99.83,0.49,265.62,228.9
89.583,4,3,342.0,100.0,0.0,12618.0,4,6.643,99.83,0.49,266.24,231.88
89.6,4,3,342.0,100.0,0.0,12618.0,4,6.643,99.83,0.49,266.99,234.83
89.616,4,3,342.0,100.0,0.0,12618.0,4,6.643,99.83,0.49,267.86,237.74
89.633,4,3,342.0,100.0,0.0,12618.0,4,6.643,99.83,0.49,268.93,240.79
89.649,4,3,342.0,100.0,0.0,12618.0,4,6.643,99.83,0.49,270.05,243.61
89.665,4,3,342.0,100.0,0.0,12618.0,4,6.643,99.83,0.49,271.38,246.56
89.683,4,3,342.0,100.0,0.0,12618.0,4,6.643,99.83,0.49,272.83,249.44
89.698,4,3,342.0,100.0,0.0,12618.0,4,6.643,99.83,0.49,274.32,252.1
89.715,4,3,342.0,100.0,0.0,12618.0,4,6.643,99.83,0.49,276.02,254.84
89.733,4,3,342.0,100.0,0.0,12618.0,4,6.643,99.83,0.49,277.83,257.51
89.748,4,3,342.0,100.0,0.0,12618.0,4,6.643,99.83,0.49,279.65,259.95
89.765,4,3,342.0,100.0,0.0,12618.0,4,6.643,99.83,0.49,281.69,262.45
89.782,4,3,342.0,100.0,0.0,12618.0,4,6.643,99.83,0.49,283.84,264.86
89.799,4,3,342.0,100.0,0.0,12618.0,4,6.643,99.83,0.49,285.96,267.04
89.815,4,3,342.0,100.0,0.0,12618.0,4,6.643,99.83,0.49,288.32,269.25
89.833,4,3,342.0,100.0,0.0,12618.0,4,6.643,99.83,0.49,290.91,271.49
89.85,4,3,342.0,100.0,0.0,12618.0,4,6.643,99.83,0.49,293.29,273.37
89.866,4,3,342.0,100.0,0.0,12618.0,4,6.643,99.83,0.49,295.91,275.26
89.883,4,3,342.0,100.0,0.0,12618.0,4,6.643,99.83,0.49,298.61,277.03
89.899,4,3,342.0,100.0,0.0,12618.0,4,6.643,99.83,0.49,301.23,278.59
89.915,4,3,342.0,100.0,0.0,12618.0,4,6.643,99.83,0.49,303.9,280.03
89.931,4,3,342.0,100.0,0.0,12618.0,4,6.643,99.83,0.49,306.64,281.35
89.947,4,3,342.0,100.0,0.0,12618.0,4,6.643,99.83,0.49,309.43,282.55
89.965,4,3,342.0,100.0,0.0,12618.0,4,6.643,99.83,0.49,312.63,283.76
89.982,4,3,342.0,100.0,0.0,12618.0,4,6.643,99.83,0.49,315.52,284.71
89.997,4,3,342.0,100.0,0.0,12618.0,4,6.643,99.83,0.49,318.41,285.67
90.014,4,3,342.0,100.0,0.0,12618.0,4,6.643,99.83,0.49,321.47,286.68
90.031,4,3,342.0,100.0,0.0,12618.0,4,6.643,99.83,0.49,324.31,287.76
90.047,4,3,342.0,100.0,0.0,12618.0,4,6.643,99.83,0.49,327.28,289.03
90.063,4,3,342.0,100.0,0.0,12618.0,4,6.643,99.83,0.49,330.02,290.36
90.08,4,3,342.0,100.0,0.0,12618.0,4,6.643,99.83,0.49,332.7,291.8
90.095,4,3,342.0,100.0,0.0,12618.0,4,6.643,99.83,0.49,335.31,293.35
90.111,4,3,342.0,100.0,0.0,12618.0,4,6.643,99.83,0.49,337.85,295.02
90.128,4,3,342.0,100.0,0.0,12618.0,4,6.643,99.83,0.49,340.47,296.91
90.145,4,3,342.0,100.0,0.0,12618.0,4,6.643,99.83,0.49,343.01,298.91
90.162,4,3,342.0,100.0,0.0,12618.0,4,6.643,99.83,0.49,345.45,301.02
90.179,4,3,342.0,100.0,0.0,12618.0,4,6.643,99.83,0.49,347.81,303.23
90.195,4,3,342.0,100.0,0.0,12618.0,4,6.643,99.83,0.5,349.93,305.41
90.211,4,3,342.0,100.0,0.0,12618.0,4,6.643,99.83,0.5,351.95,307.68
90.227,4,3,342.0,100.0,0.0,12618.0,4,6.643,99.83,0.5,353.87,310.03
90.244,4,3,342.0,100.0,0.0,12618.0,4,6.643,99.83,0.5,355.69,312.47
90.26,4,3,342.0,100.0,0.0,12618.0,4,6.643,99.83,0.5,357.4,314.98
90.276,4,3,342.0,100.0,0.0,12618.0,4,6.643,99.83,0.5,359.1,317.73
90.293,4,3,342.0,100.0,0.0,12618.0,4,6.643,99.83,0.5,360.58,320.38
90.309,4,3,342.0,100.0,0.0,12618.0,4,6.643,99.83,0.5,361.95,323.1
90.325,4,3,342.0,100.0,0.0,12618.0,4,6.643,99.83,0.5,363.28,326.04
90.341,4,3,342.0,100.0,0.0,12618.0,4,6.643,99.83,0.5,364.4,328.87
90.357,4,3,342.0,100.0,0.0,12618.0,4,6.643,99.83,0.5,365.4,331.74
90.373,4,3,342.0,100.0,0.0,12618.0,4,6.643,99.83,0.5,366.28,334.65
90.389,4,3,342.0,100.0,0.0,12618.0,4,6.643,99.83,0.5,367.03,337.59
90.405,4,3,342.0,100.0,0.0,12618.0,4,6.643,99.83,0.5,367.64,340.57
90.421,4,3,342.0,100.0,0.0,12618.0,4,6.643,99.83,0.5,368.13,343.57
90.438,4,3,342.0,100.0,0.0,12618.0,4,6.643,99.83,0.5,368.51,346.78
90.454,4,3,342.0,100.0,0.0,12618.0,4,6.643,99.83,0.5,368.73,349.81
90.471,4,3,342.0,100.0,0.0,12618.0,4,6.643,99.83,0.5,368.83,353.04
90.488,4,3,342.0,100.0,0.0,12618.0,4,6.643,99.83,0.5,368.79,356.27
90.505,4,3,342.0,100.0,0.0,12618.0,4,6.643,99.83,0.5,368.6,359.49
90.522,4,3,342.0,100.0,0.0,12618.0,4,6.643,99.83,0.5,368.28,362.71
90.539,4,3,342.0,100.0,0.0,12618.0,4,6.643,99.83,0.5,367.84,365.72
90.555,4,3,342.0,100.0,0.0,12618.0,4,6.643,99.83,0.5,367.24,368.89
90.572,4,3,342.0,100.0,0.0,12618.0,4,6.643,99.83,0.5,366.5,372.03
90.588,4,3,342.0,100.0,0.0,12618.0,4,6.643,99.83,0.5,365.67,374.96
90.605,4,3,342.0,100.0,0.0,12618.0,4,6.643,99.83,0.5,364.72,377.85
90.621,4,3,342.0,100.0,0.0,12618.0,4,6.643,99.83,0.5,363.64,380.69
90.637,4,3,342.0,100.0,0.0,12618.0,4,6.643,99.83,0.5,362.36,383.65
90.654,4,3,342.0,100.0,0.0,12618.0,4,6.643,99.83,0.5,360.96,386.56
90.671,4,3,342.0,100.0,0.0,12618.0,4,6.643,99.83,0.5,359.43,389.41
90.688,4,3,342.0,100.0,0.0,12618.0,4,6.643,99.83,0.5,357.78,392.18
90.704,4,3,342.0,100.0,0.0,12618.0,4,6.643,99.83,0.5,356.11,394.73
90.721,4,3,342.0,100.0,0.0,12618.0,4,6.643,99.83,0.5,354.44,397.27
90.737,4,3,342.0,100.0,0.0,12618.0,4,6.643,99.83,0.5,352.67,399.97
90.754,4,3,342.0,100.0,0.0,12618.0,4,6.643,99.83,0.5,350.9,402.67
90.77,4,3,342.0,100.0,0.0,12618.0,4,6.643,99.83,0.5,349.23,405.21
90.787,4,3,342.0,100.0,0.0,12618.0,4,6.643,99.83,0.5,347.46,407.91
90.804,4,3,342.0,100.0,0.0,12618.0,4,6.643,99.83,0.5,345.79,410.45
90.819,4,3,342.0,100.0,0.0,12618.0,4,6.643,99.83,0.5,344.12,412.99
90.836,4,3,342.0,100.0,0.0,12618.0,4,6.643,99.83,0.5,342.46,415.54
90.852,4,3,342.0,100.0,0.0,12618.0,4,6.643,99.83,0.5,340.68,418.24
90.868,4,3,342.0,100.0,0.0,12618.0,4,6.643,99.83,0.5,339.02,420.78
90.885,4,3,342.0,100.0,0.0,12618.0,4,6.643,99.83,0.5,337.24,423.48
90.902,4,3,342.0,100.0,0.0,12618.0,4,6.643,99.83,0.5,335.59,426.25
90.919,4,3,342.0,100.0,0.0,12618.0,4,6.643,99.83,0.5,334.15,428.93
90.935,4,3,342.0,100.0,0.0,12618.0,4,6.643,99.83,0.5,332.75,431.84
90.952,4,3,342.0,100.0,0.0,12618.0,4,6.643,99.83,0.5,331.47,434.81
90.969,4,3,342.0,100.0,0.0,12618.0,4,6.643,99.83,0.5,330.33,437.83
90.985,4,3,342.0,100.0,0.0,12618.0,4,6.643,99.83,0.5,329.37,440.71
91.001,4,3,342.0,100.0,0.0,12618.0,4,6.643,99.83,0.5,328.55,443.64
91.018,4,3,342.0,100.0,0.0,12618.0,4,6.643,99.83,0.5,327.81,446.78
91.035,4,3,342.0,100.0,0.0,12618.0,4,6.643,99.83,0.5,327.2,449.96
91.052,4,3,342.0,100.0,0.0,12618.0,4,6.643,99.82,0.5,326.74,453.15
91.069,4,3,342.0,100.0,0.0,12618.0,4,6.643,99.82,0.5,326.43,456.18
91.085,4,3,342.0,100.0,0.0,12618.0,4,6.643,99.82,0.5,326.25,459.4
91.101,4,3,342.0,100.0,0.0,12618.0,4,6.643,99.82,0.5,326.21,462.44
91.118,4,3,342.0,100.0,0.0,12618.0,4,6.643,99.82,0.5,326.3,465.67
91.134,4,3,342.0,100.0,0.0,12618.0,4,6.643,99.82,0.5,326.53,468.7
91.151,4,3,342.0,100.0,0.0,12618.0,4,6.643,99.82,0.5,326.91,471.91
91.168,4,3,342.0,100.0,0.0,12618.0,4,6.643,99.82,0.5,327.43,475.1
91.185,4,3,342.0,100.0,0.0,12618.0,4,6.643,99.82,0.5,328.08,478.26
91.201,4,3,342.0,100.0,0.0,12618.0,4,6.643,99.82,0.5,328.83,481.21
91.218,4,3,342.0,100.0,0.0,12618.0,4,6.643,99.82,0.5,329.76,484.3
91.235,4,3,342.0,100.0,0.0,12618.0,4,6.643,99.82,0.5,330.82,487.35
91.252,4,3,342.0,100.0,0.0,12618.0,4,6.643,99.82,0.5,332.02,490.35
91.269,4,3,342.0,100.0,0.0,12618.0,4,6.643,99.82,0.5,333.34,493.3
91.287,4,3,342.0,100.0,0.0,12618.0,4,6.643,99.82,0.5,334.88,496.35
91.305,4,3,342.0,100.0,0.0,12618.0,4,6.643,99.82,0.5,336.55,499.34
91.323,4,3,342.0,100.0,0.0,12618.0,4,6.643,99.82,0.5,338.25,502.08
91.338,4,3,342.0,100.0,0.0,12618.0,4,6.643,99.82,0.5,339.96,504.6
91.355,4,3,342.0,100.0,0.0,12618.0,4,6.643,99.82,0.5,341.89,507.19
91.371,4,3,342.0,100.0,0.0,12618.0,4,6.643,99.82,0.5,343.82,509.54
91.389,4,3,342.0,100.0,0.0,12618.0,4,6.643,99.82,0.5,346.09,512.09
91.406,4,3,342.0,100.0,0.0,12618.0,4,6.643,99.82,0.5,348.35,514.41
91.423,4,3,342.0,100.0,0.0,12618.0,4,6.643,99.82,0.5,350.56,516.49
91.438,4,3,342.0,100.0,0.0,12618.0,4,6.643,99.82,0.5,352.86,518.48
91.455,4,3,342.0,100.0,0.0,12618.0,4,6.643,99.82,0.5,355.4,520.48
91.471,4,3,342.0,100.0,0.0,12618.0,4,6.643,99.82,0.5,357.86,522.25
91.488,4,3,342.0,100.0,0.0,12618.0,4,6.643,99.82,0.5,360.56,524.03
91.505,4,3,342.0,100.0,0.0,12618.0,4,6.643,99.82,0.5,363.34,525.68
91.522,4,3,342.0,100.0,0.0,12618.0,4,6.643,99.82,0.5,366.02,527.12
91.538,4,3,342.0,100.0,0.0,12618.0,4,6.643,99.82,0.5,368.93,528.52
91.554,4,3,342.0,100.0,0.0,12618.0,4,6.643,99.82,0.5,371.72,529.72
91.57,4,3,342.0,100.0,0.0,12618.0,4,6.643,99.82,0.5,374.56,530.8
91.586,4,3,342.0,100.0,0.0,12618.0,4,6.643,99.82,0.5,377.45,531.75
91.604,4,3,342.0,100.0,0.0,12618.0,4,6.643,99.82,0.5,380.56,532.63
91.62,4,3,342.0,100.0,0.0,12618.0,4,6.643,99.82,0.5,383.7,533.37
91.637,4,3,342.0,100.0,0.0,12618.0,4,6.643,99.82,0.5,386.69,533.94
91.653,4,3,342.0,100.0,0.0,12618.0,4,6.643,99.82,0.5,389.88,534.41
91.67,4,3,342.0,100.0,0.0,12618.0,4,6.643,99.82,0.5,392.91,534.71
91.686,4,3,342.0,100.0,0.0,12618.0,4,6.643,99.82,0.5,396.13,534.9
91.703,4,3,342.0,100.0,0.0,12618.0,4,6.643,99.82,0.5,399.36,534.94
91.72,4,3,342.0,100.0,0.0,12618.0,4,6.643,99.82,0.5,402.59,534.84
91.736,4,3,342.0,100.0,0.0,12618.0,4,6.643,99.82,0.5,405.62,534.62
91.753,4,3,342.0,100.0,0.0,12618.0,4,6.643,99.82,0.5,408.64,534.26
91.769,4,3,342.0,100.0,0.0,12618.0,4,6.643,99.82,0.5,411.83,533.74
91.786,4,3,342.0,100.0,0.0,12618.0,4,6.643,99.82,0.5,414.99,533.09
91.803,4,3,342.0,100.0,0.0,12618.0,4,6.643,99.82,0.5,417.94,532.34
91.818,4,3,342.0,100.0,0.0,12618.0,4,6.643,99.82,0.5,420.85,531.46
91.835,4,3,342.0,100.0,0.0,12618.0,4,6.643,99.82,0.5,423.9,530.4
91.852,4,3,342.0,100.0,0.0,12618.0,4,6.643,99.82,0.5,426.9,529.2
91.869,4,3,342.0,100.0,0.0,12618.0,4,6.643,99.82,0.5,429.85,527.88
91.886,4,3,342.0,100.0,0.0,12618.0,4,6.643,99.82,0.5,432.73,526.43
91.903,4,3,342.0,100.0,0.0,12618.0,4,6.643,99.82,0.5,435.55,524.85
91.92,4,3,342.0,100.0,0.0,12618.0,4,6.643,99.82,0.5,438.14,523.25
91.936,4,3,342.0,100.0,0.0,12618.0,4,6.643,99.82,0.5,440.81,521.43
91.953,4,3,342.0,100.0,0.0,12618.0,4,6.643,99.82,0.5,443.24,519.61
91.969,4,3,342.0,100.0,0.0,12618.0,4,6.643,99.82,0.5,445.6,517.69
91.985,4,3,342.0,100.0,0.0,12618.0,4,6.643,99.82,0.5,448.01,515.54
92.001,4,3,342.0,100.0,0.0,12618.0,4,6.643,99.82,0.51,450.19,513.42
92.018,4,3,342.0,100.0,0.0,12618.0,4,6.643,99.82,0.51,452.4,511.07
92.035,4,3,342.0,100.0,0.0,12618.0,4,6.643,99.82,0.51,454.51,508.62
92.052,4,3,342.0,100.0,0.0,12618.0,4,6.643,99.82,0.51,456.51,506.09
92.069,4,3,342.0,100.0,0.0,12618.0,4,6.643,99.82,0.51,458.29,503.62
92.085,4,3,342.0,100.0,0.0,12618.0,4,6.643,99.82,0.51,460.06,500.92
92.102,4,3,342.0,100.0,0.0,12618.0,4,6.643,99.82,0.51,461.61,498.31
92.119,4,3,342.0,100.0,0.0,12618.0,4,6.643,99.82,0.51,463.14,495.46
92.134,4,3,342.0,100.0,0.0,12618.0,4,6.643,99.82,0.51,464.47,492.73
92.152,4,3,342.0,100.0,0.0,12618.0,4,6.643,99.82,0.51,465.74,489.76
92.167,4,3,342.0,100.0,0.0,12618.0,4,6.643,99.82,0.51,466.82,486.92
92.184,4,3,342.0,100.0,0.0,12618.0,4,6.643,99.82,0.51,467.77,484.03
92.201,4,3,342.0,100.0,0.0,12618.0,4,6.643,99.82,0.51,468.65,480.92
92.218,4,3,342.0,100.0,0.0,12618.0,4,6.643,99.82,0.51,469.39,477.78
92.234,4,3,342.0,100.0,0.0,12618.0,4,6.643,99.82,0.51,469.99,474.6
92.252,4,3,342.0,100.0,0.0,12618.0,4,6.643,99.82,0.51,470.46,471.41
92.268,4,3,342.0,100.0,0.0,12618.0,4,6.643,99.82,0.51,470.78,468.19
92.285,4,3,342.0,100.0,0.0,12618.0,4,6.643,99.82,0.51,470.97,464.97
92.302,4,3,342.0,100.0,0.0,12618.0,4,6.643,99.82,0.51,471.01,461.93
92.318,4,3,342.0,100.0,0.0,12618.0,4,6.643,99.82,0.51,470.91,458.7
92.336,4,3,342.0,100.0,0.0,12618.0,4,6.643,99.82,0.51,470.67,455.48
92.352,4,3,342.0,100.0,0.0,12618.0,4,6.643,99.82,0.51,470.32,452.46
92.369,4,3,342.0,100.0,0.0,12618.0,4,6.643,99.82,0.51,469.8,449.27
92.385,4,3,342.0,100.0,0.0,12618.0,4,6.643,99.82,0.51,469.14,446.11
92.402,4,3,342.0,100.0,0.0,12618.0,4,6.643,99.82,0.51,468.52,443.13
92.418,4,3,342.0,100.0,0.0,12618.0,4,6.643,99.82,0.51,467.91,440.16
92.433,4,3,342.0,100.0,0.0,12618.0,4,6.643,99.82,0.51,467.29,437.18
92.45,4,3,342.0,100.0,0.0,12618.0,4,6.643,99.82,0.51,466.67,434.2
92.466,4,3,342.0,100.0,0.0,12618.0,4,6.643,99.82,0.51,466.01,431.04
92.483,4,3,342.0,100.0,0.0,12618.0,4,6.643,99.82,0.51,465.4,428.06
92.499,4,3,342.0,100.0,0.0,12618.0,4,6.643,99.82,0.51,464.78,425.09
92.515,4,3,342.0,100.0,0.0,12618.0,4,6.643,99.82,0.51,464.12,421.93
92.533,4,3,342.0,100.0,0.0,12618.0,4,6.643,99.82,0.51,463.46,418.76
92.548,4,3,342.0,100.0,0.0,12618.0,4,6.643,99.82,0.51,462.85,415.79
92.565,4,3,342.0,100.0,0.0,12618.0,4,6.643,99.82,0.51,462.19,412.62
92.582,4,3,342.0,100.0,0.0,12618.0,4,6.643,99.82,0.51,461.53,409.46
92.598,4,3,342.0,100.0,0.0,12618.0,4,6.643,99.82,0.51,460.91,406.48
92.615,4,3,342.0,100.0,0.0,12618.0,4,6.643,99.82,0.51,460.26,403.32
92.632,4,3,342.0,100.0,0.0,12618.0,4,6.643,99.82,0.51,459.6,400.16
92.649,4,3,342.0,100.0,0.0,12618.0,4,6.643,99.82,0.51,458.94,397.0
92.666,4,3,342.0,100.0,0.0,12618.0,4,6.643,99.82,0.51,458.29,393.83
92.682,4,3,342.0,100.0,0.0,12618.0,4,6.643,99.82,0.51,457.67,390.86
92.699,4,3,342.0,100.0,0.0,12618.0,4,6.643,99.82,0.51,457.01,387.7
92.716,4,3,342.0,100.0,0.0,12618.0,4,6.643,99.82,0.51,456.39,384.72
92.732,4,3,342.0,100.0,0.0,12618.0,4,6.643,99.82,0.51,455.74,381.56
92.748,4,3,342.0,100.0,0.0,12618.0,4,6.643,99.82,0.51,455.12,378.58
92.766,4,3,342.0,100.0,0.0,12618.0,4,6.643,99.82,0.51,454.46,375.42
92.783,4,3,342.0,100.0,0.0,12618.0,4,6.643,99.82,0.51,453.95,372.23
92.798,4,3,342.0,100.0,0.0,12618.0,4,6.643,99.82,0.51,453.59,369.21
92.815,4,3,342.0,100.0,0.0,12618.0,4,6.643,99.82,0.51,453.35,365.99
92.831,4,3,342.0,100.0,0.0,12618.0,4,6.643,99.82,0.51,453.26,362.95
92.847,4,3,342.0,100.0,0.0,12618.0,4,6.643,99.82,0.51,453.3,359.91
92.864,4,3,342.0,100.0,0.0,12618.0,4,6.643,99.82,0.51,453.48,356.69
92.881,4,3,342.0,100.0,0.0,12618.0,4,6.643,99.82,0.51,453.81,353.47
92.898,4,3,342.0,100.0,0.0,12618.0,4,6.643,99.82,0.51,454.27,350.28
92.915,4,3,342.0,100.0,0.0,12618.0,4,6.643,99.82,0.51,454.88,347.1
92.931,4,3,342.0,100.0,0.0,12618.0,4,6.643,99.82,0.51,455.57,344.14
92.948,4,3,342.0,100.0,0.0,12618.0,4,6.643,99.82,0.51,456.45,341.04
92.965,4,3,342.0,100.0,0.0,12618.0,4,6.643,99.82,0.51,457.47,337.97
92.982,4,3,342.0,100.0,0.0,12618.0,4,6.643,99.82,0.51,458.61,334.95
92.999,4,3,342.0,100.0,0.0,12618.0,4,6.643,99.82,0.51,459.89,331.98
93.016,4,3,342.0,100.0,0.0,12618.0,4,6.643,99.82,0.51,461.29,329.07
93.033,4,3,342.0,100.0,0.0,12618.0,4,6.643,99.82,0.51,462.82,326.23
93.049,4,3,342.0,100.0,0.0,12618.0,4,6.643,99.82,0.51,464.38,323.62
93.067,4,3,342.0,100.0,0.0,12618.0,4,6.643,99.82,0.51,466.25,320.76
93.083,4,3,342.0,100.0,0.0,12618.0,4,6.643,99.82,0.51,468.03,318.29
93.1,4,3,342.0,100.0,0.0,12618.0,4,6.643,99.82,0.51,470.03,315.75
93.117,4,3,342.0,100.0,0.0,12618.0,4,6.643,99.82,0.51,472.14,313.31
93.134,4,3,342.0,100.0,0.0,12618.0,4,6.643,99.82,0.51,474.22,311.09
93.15,4,3,342.0,100.0,0.0,12618.0,4,6.643,99.82,0.51,476.54,308.84
93.168,4,3,342.0,100.0,0.0,12618.0,4,6.643,99.82,0.51,478.95,306.69
93.185,4,3,342.0,100.0,0.0,12618.0,4,6.643,99.82,0.51,481.6,304.53
93.202,4,3,342.0,100.0,0.0,12618.0,4,6.643,99.82,0.51,484.19,302.6
93.218,4,3,342.0,100.0,0.0,12618.0,4,6.643,99.82,0.51,486.7,300.89
93.235,4,3,342.0,100.0,0.0,12618.0,4,6.643,99.82,0.51,489.45,299.19
93.252,4,3,342.0,100.0,0.0,12618.0,4,6.643,99.82,0.51,492.26,297.61
93.269,4,3,342.0,100.0,0.0,12618.0,4,6.643,99.82,0.51,495.15,296.16
93.286,4,3,342.0,100.0,0.0,12618.0,4,6.643,99.82,0.51,497.92,294.91
93.302,4,3,342.0,100.0,0.0,12618.0,4,6.643,99.82,0.51,500.75,293.78
93.318,4,3,342.0,100.0,0.0,12618.0,4,6.643,99.82,0.51,503.8,292.72
93.335,4,3,342.0,100.0,0.0,12618.0,4,6.643,99.82,0.51,506.89,291.79
93.353,4,3,342.0,100.0,0.0,12618.0,4,6.643,99.82,0.51,510.02,291.0
93.369,4,3,342.0,100.0,0.0,12618.0,4,6.643,99.82,0.51,513.18,290.34
93.386,4,3,342.0,100.0,0.0,12618.0,4,6.643,99.82,0.51,516.37,289.82
93.404,4,3,342.0,100.0,0.0,12618.0,4,6.643,99.82,0.51,519.58,289.44
93.42,4,3,342.0,100.0,0.0,12618.0,4,6.643,99.82,0.51,522.8,289.2
93.437,4,3,342.0,100.0,0.0,12618.0,4,6.643,99.82,0.51,526.03,289.11
93.454,4,3,342.0,100.0,0.0,12618.0,4,6.643,99.82,0.51,529.07,289.15
93.471,4,3,342.0,100.0,0.0,12618.0,4,6.643,99.82,0.51,532.29,289.33
93.486,4,3,342.0,100.0,0.0,12618.0,4,6.643,99.82,0.51,535.33,289.51
93.502,4,3,342.0,100.0,0.0,12618.0,4,6.643,99.82,0.51,538.36,289.68
93.519,4,3,342.0,100.0,0.0,12618.0,4,6.643,99.82,0.51,541.4,289.85
93.534,4,3,342.0,100.0,0.0,12618.0,4,6.643,99.82,0.51,544.43,290.03
93.55,4,3,342.0,100.0,0.0,12618.0,4,6.643,99.82,0.51,547.47,290.2
93.567,4,3,342.0,100.0,0.0,12618.0,4,6.643,99.82,0.51,550.69,290.38
93.584,4,3,342.0,100.0,0.0,12618.0,4,6.643,99.82,0.51,553.73,290.56
93.599,4,3,342.0,100.0,0.0,12618.0,4,6.643,99.82,0.51,556.76,290.73
93.616,4,3,342.0,100.0,0.0,12618.0,4,6.643,99.82,0.51,559.99,290.91
93.632,4,3,342.0,100.0,0.0,12618.0,4,6.643,99.82,0.51,563.02,291.09
93.649,4,3,342.0,100.0,0.0,12618.0,4,6.643,99.82,0.51,566.06,291.26
93.665,4,3,342.0,100.0,0.0,12618.0,4,6.643,99.82,0.51,569.28,291.45
93.682,4,3,342.0,100.0,0.0,12618.0,4,6.643,99.82,0.51,572.51,291.63
93.699,4,3,342.0,100.0,0.0,12618.0,4,6.643,99.82,0.51,575.73,291.81
93.716,4,3,342.0,100.0,0.0,12618.0,4,6.643,99.82,0.51,578.96,292.0
93.732,4,3,342.0,100.0,0.0,12618.0,4,6.643,99.82,0.51,581.99,292.17
93.749,4,3,342.0,100.0,0.0,12618.0,4,6.643,99.82,0.51,585.22,292.36
93.766,4,3,342.0,100.0,0.0,12618.0,4,6.643,99.82,0.51,588.44,292.54
93.783,4,3,342.0,100.0,0.0,12618.0,4,6.643,99.82,0.51,591.67,292.72
93.8,4,3,342.0,100.0,0.0,12618.0,4,6.643,99.82,0.51,594.89,292.91
93.816,4,3,342.0,100.0,0.0,12618.0,4,6.643,99.82,0.52,597.93,293.08
93.833,4,3,342.0,100.0,0.0,12618.0,4,6.643,99.82,0.52,601.15,293.27
93.85,4,3,342.0,100.0,0.0,12618.0,4,6.643,99.82,0.52,604.18,293.44
93.867,4,3,342.0,100.0,0.0,12618.0,4,6.643,99.82,0.52,607.41,293.48
93.883,4,3,342.0,100.0,0.0,12618.0,4,6.643,99.82,0.52,610.64,293.38
93.9,4,3,342.0,100.0,0.0,12618.0,4,6.643,99.82,0.52,613.67,293.16
93.916,4,3,342.0,100.0,0.0,12618.0,4,6.643,99.82,0.52,616.88,292.78
93.933,4,3,342.0,100.0,0.0,12618.0,4,6.643,99.82,0.52,620.07,292.26
93.95,4,3,342.0,100.0,0.0,12618.0,4,6.643,99.82,0.52,623.23,291.61
93.967,4,3,342.0,100.0,0.0,12618.0,4,6.643,99.82,0.52,626.36,290.81
93.983,4,3,342.0,100.0,0.0,12618.0,4,6.643,99.82,0.52,629.28,289.94
93.999,4,3,342.0,100.0,0.0,12618.0,4,6.643,99.82,0.52,632.15,288.94
94.016,4,3,342.0,100.0,0.0,12618.0,4,6.643,99.82,0.52,635.15,287.74
94.033,4,3,342.0,100.0,0.0,12618.0,4,6.643,99.82,0.52,638.09,286.42
94.05,4,3,342.0,100.0,0.0,12618.0,4,6.643,99.82,0.52,640.98,284.96
94.067,4,3,342.0,100.0,0.0,12618.0,4,6.643,99.82,0.52,643.63,283.48
94.083,4,3,342.0,100.0,0.0,12618.0,4,6.643,99.82,0.52,646.38,281.78
94.101,4,3,342.0,100.0,0.0,12618.0,4,6.643,99.82,0.52,649.2,279.86
94.118,4,3,342.0,100.0,0.0,12618.0,4,6.643,99.82,0.52,651.64,278.04
94.134,4,3,342.0,100.0,0.0,12618.0,4,6.643,99.82,0.52,654.14,275.99
94.152,4,3,342.0,100.0,0.0,12618.0,4,6.643,99.82,0.52,656.55,273.84
94.169,4,3,342.0,100.0,0.0,12618.0,4,6.643,99.82,0.52,658.87,271.59
94.185,4,3,342.0,100.0,0.0,12618.0,4,6.643,99.82,0.52,661.08,269.24
94.203,4,3,342.0,100.0,0.0,12618.0,4,6.643,99.82,0.52,663.19,266.79
94.219,4,3,342.0,100.0,0.0,12618.0,4,6.643,99.82,0.52,665.19,264.26
94.235,4,3,342.0,100.0,0.0,12618.0,4,6.643,99.82,0.52,666.97,261.79
94.252,4,3,342.0,100.0,0.0,12618.0,4,6.643,99.82,0.52,668.74,259.09
94.269,4,3,342.0,100.0,0.0,12618.0,4,6.643,99.82,0.52,670.3,256.48
94.285,4,3,342.0,100.0,0.0,12618.0,4,6.643,99.82,0.52,671.83,253.63
94.302,4,3,342.0,100.0,0.0,12618.0,4,6.643,99.82,0.52,673.15,250.9
94.318,4,3,342.0,100.0,0.0,12618.0,4,6.643,99.82,0.52,674.42,247.93
94.335,4,3,342.0,100.0,0.0,12618.0,4,6.643,99.82,0.52,675.57,244.91
94.353,4,3,342.0,100.0,0.0,12618.0,4,6.643,99.82,0.52,676.58,241.84
94.369,4,3,342.0,100.0,0.0,12618.0,4,6.643,99.82,0.52,677.41,238.92
94.385,4,3,342.0,100.0,0.0,12618.0,4,6.643,99.82,0.52,678.15,235.77
94.403,4,3,342.0,100.0,0.0,12618.0,4,6.643,99.82,0.52,678.75,232.6
94.42,4,3,342.0,100.0,0.0,12618.0,4,6.643,99.82,0.52,679.22,229.4
94.435,4,3,342.0,100.0,0.0,12618.0,4,6.643,99.82,0.52,679.52,226.38
94.452,4,3,342.0,100.0,0.0,12618.0,4,6.643,99.82,0.52,679.71,223.15
94.469,4,3,342.0,100.0,0.0,12618.0,4,6.643,99.82,0.52,679.75,219.92
94.486,4,3,342.0,100.0,0.0,12618.0,4,6.643,99.82,0.52,679.65,216.69
94.503,4,3,342.0,100.0,0.0,12618.0,4,6.643,99.82,0.52,679.41,213.47
94.52,4,3,342.0,100.0,0.0,12618.0,4,6.643,99.82,0.52,679.06,210.45
94.537,4,3,342.0,100.0,0.0,12618.0,4,6.643,99.82,0.52,678.54,207.27
94.553,4,3,342.0,100.0,0.0,12618.0,4,6.643,99.82,0.52,677.92,204.29
94.57,4,3,342.0,100.0,0.0,12618.0,4,6.643,99.82,0.52,677.13,201.16
94.586,4,3,342.0,100.0,0.0,12618.0,4,6.643,99.82,0.52,676.25,198.25
94.602,4,3,342.0,100.0,0.0,12618.0,4,6.643,99.82,0.52,675.19,195.2
94.618,4,3,342.0,100.0,0.0,12618.0,4,6.643,99.82,0.52,674.06,192.37
94.635,4,3,342.0,100.0,0.0,12618.0,4,6.643,99.82,0.52,672.74,189.43
94.652,4,3,342.0,100.0,0.0,12618.0,4,6.643,99.82,0.52,671.37,186.71
94.668,4,3,342.0,100.0,0.0,12618.0,4,6.643,99.82,0.52,669.89,184.06
94.684,4,3,342.0,100.0,0.0,12618.0,4,6.643,99.82,0.52,668.19,181.31
94.7,4,3,342.0,100.0,0.0,12618.0,4,6.643,99.82,0.52,666.48,178.8
94.716,4,3,342.0,100.0,0.0,12618.0,4,6.643,99.82,0.52,664.66,176.36
94.733,4,3,342.0,100.0,0.0,12618.0,4,6.643,99.82,0.52,662.74,174.01
94.75,4,3,342.0,100.0,0.0,12618.0,4,6.643,99.82,0.52,660.59,171.6
94.766,4,3,342.0,100.0,0.0,12618.0,4,6.643,99.82,0.52,658.33,169.28
94.782,4,3,342.0,100.0,0.0,12618.0,4,6.643,99.82,0.52,656.12,167.2
94.799,4,3,342.0,100.0,0.0,12618.0,4,6.643,99.82,0.52,653.82,165.21
94.815,4,3,342.0,100.0,0.0,12618.0,4,6.643,99.82,0.52,651.28,163.21
94.831,4,3,342.0,100.0,0.0,12618.0,4,6.643,99.82,0.52,648.81,161.44
94.849,4,3,342.0,100.0,0.0,12618.0,4,6.643,99.82,0.52,646.11,159.67
94.865,4,3,342.0,100.0,0.0,12618.0,4,6.643,99.82,0.52,643.34,158.01
94.882,4,3,342.0,100.0,0.0,12618.0,4,6.643,99.82,0.52,640.49,156.48
94.899,4,3,342.0,100.0,0.0,12618.0,4,6.643,99.82,0.52,637.59,155.08
94.916,4,3,342.0,100.0,0.0,12618.0,4,6.643,99.82,0.52,634.62,153.8
94.933,4,3,342.0,100.0,0.0,12618.0,4,6.643,99.82,0.52,631.78,152.72
94.949,4,3,342.0,100.0,0.0,12618.0,4,6.643,99.82,0.52,628.71,151.71
94.965,4,3,342.0,100.0,0.0,12618.0,4,6.643,99.82,0.52,625.78,150.89
94.982,4,3,342.0,100.0,0.0,12618.0,4,6.643,99.82,0.52,622.64,150.14
94.999,4,3,342.0,100.0,0.0,12618.0,4,6.643,99.82,0.52,619.47,149.54
95.016,4,3,342.0,100.0,0.0,12618.0,4,6.643,99.82,0.52,616.27,149.08
95.033,4,3,342.0,100.0,0.0,12618.0,4,6.643,99.82,0.52,613.06,148.75
95.049,4,3,342.0,100.0,0.0,12618.0,4,6.643,99.82,0.52,610.02,148.58
95.066,4,3,342.0,100.0,0.0,12618.0,4,6.643,99.82,0.52,606.79,148.54
95.083,4,3,342.0,100.0,0.0,12618.0,4,6.643,99.82,0.52,603.75,148.63
95.1,4,3,342.0,100.0,0.0,12618.0,4,6.643,99.82,0.52,600.53,148.87
95.117,4,3,342.0,100.0,0.0,12618.0,4,6.643,99.82,0.52,597.32,149.24
95.132,4,3,342.0,100.0,0.0,12618.0,4,6.643,99.82,0.52,594.32,149.73
95.149,4,3,342.0,100.0,0.0,12618.0,4,6.643,99.82,0.52,591.16,150.39
95.166,4,3,342.0,100.0,0.0,12618.0,4,6.643,99.82,0.52,588.03,151.18
95.184,4,3,342.0,100.0,0.0,12618.0,4,6.643,99.82,0.52,584.94,152.11
95.2,4,3,342.0,100.0,0.0,12618.0,4,6.643,99.82,0.52,581.89,153.18
95.216,4,3,342.0,100.0,0.0,12618.0,4,6.643,99.82,0.52,579.06,154.3
95.233,4,3,342.0,100.0,0.0,12618.0,4,6.643,99.82,0.52,576.29,155.55
95.249,4,3,342.0,100.0,0.0,12618.0,4,6.643,99.82,0.52,573.41,157.0
95.266,4,3,342.0,100.0,0.0,12618.0,4,6.643,99.82,0.52,570.75,158.49
95.282,4,3,342.0,100.0,0.0,12618.0,4,6.643,99.82,0.52,568.01,160.19
95.301,4,3,342.0,100.0,0.0,12618.0,4,6.643,99.82,0.52,565.33,162.0
95.316,4,3,342.0,100.0,0.0,12618.0,4,6.643,99.82,0.52,562.75,163.93
95.333,4,3,342.0,100.0,0.0,12618.0,4,6.643,99.82,0.52,560.24,165.98
95.351,4,3,342.0,100.0,0.0,12618.0,4,6.643,99.82,0.52,557.83,168.13
95.367,4,3,342.0,100.0,0.0,12618.0,4,6.643,99.82,0.52,555.52,170.38
95.385,4,3,342.0,100.0,0.0,12618.0,4,6.643,99.82,0.52,553.31,172.73
95.401,4,3,342.0,100.0,0.0,12618.0,4,6.643,99.82,0.52,551.2,175.18
95.418,4,3,342.0,100.0,0.0,12618.0,4,6.643,99.82,0.52,549.2,177.71
95.435,4,3,342.0,100.0,0.0,12618.0,4,6.643,99.82,0.52,547.31,180.33
95.452,4,3,342.0,100.0,0.0,12618.0,4,6.643,99.82,0.52,545.64,182.88
95.467,4,3,342.0,100.0,0.0,12618.0,4,6.643,99.82,0.52,544.08,185.49
95.483,4,3,342.0,100.0,0.0,12618.0,4,6.643,99.82,0.52,542.64,188.17
95.5,4,3,342.0,100.0,0.0,12618.0,4,6.643,99.82,0.52,541.32,190.9
95.515,4,3,342.0,100.0,0.0,12618.0,4,6.643,99.82,0.52,540.12,193.7
95.533,4,3,342.0,100.0,0.0,12618.0,4,6.643,99.82,0.52,538.98,196.72
95.548,4,3,342.0,100.0,0.0,12618.0,4,6.643,99.82,0.52,538.02,199.6
95.565,4,3,342.0,100.0,0.0,12618.0,4,6.643,99.82,0.52,537.15,202.71
95.582,4,3,342.0,100.0,0.0,12618.0,4,6.643,99.82,0.52,536.4,205.85
95.599,4,3,342.0,100.0,0.0,12618.0,4,6.643,99.82,0.52,535.84,208.84
95.615,4,3,342.0,100.0,0.0,12618.0,4,6.643,99.82,0.52,535.37,212.04
95.631,4,3,342.0,100.0,0.0,12618.0,4,6.643,99.82,0.53,535.07,215.06
95.648,4,3,342.0,100.0,0.0,12618.0,4,6.643,99.82,0.53,534.89,218.1
95.664,4,3,342.0,100.0,0.0,12618.0,4,6.643,99.82,0.53,534.85,221.14
95.68,4,3,342.0,100.0,0.0,12618.0,4,6.643,99.82,0.53,534.95,224.37
95.697,4,3,342.0,100.0,0.0,12618.0,4,6.643,99.82,0.53,535.19,227.59
95.715,4,3,342.0,100.0,0.0,12618.0,4,6.643,99.82,0.53,535.59,230.98
95.732,4,3,342.0,100.0,0.0,12618.0,4,6.643,99.82,0.53,536.11,234.17
95.749,4,3,342.0,100.0,0.0,12618.0,4,6.643,99.82,0.53,536.76,237.33
95.766,4,3,342.0,100.0,0.0,12618.0,4,6.643,99.82,0.53,537.51,240.28
95.782,4,3,342.0,100.0,0.0,12618.0,4,6.643,99.82,0.53,538.44,243.37
95.799,4,3,342.0,100.0,0.0,12618.0,4,6.643,99.82,0.53,539.5,246.42
95.816,4,3,342.0,100.0,0.0,12618.0,4,6.643,99.82,0.53,540.63,249.25
95.831,4,3,342.0,100.0,0.0,12618.0,4,6.643,99.82,0.53,541.88,252.02
95.848,4,3,342.0,100.0,0.0,12618.0,4,6.643,99.82,0.53,543.25,254.74
95.864,4,3,342.0,100.0,0.0,12618.0,4,6.643,99.82,0.53,544.73,257.39
95.88,4,3,342.0,100.0,0.0,12618.0,4,6.643,99.82,0.53,546.31,260.21
95.897,4,3,342.0,100.0,0.0,12618.0,4,6.643,99.82,0.53,547.79,262.86
95.913,4,3,342.0,100.0,0.0,12618.0,4,6.643,99.82,0.53,549.37,265.68
95.93,4,3,342.0,100.0,0.0,12618.0,4,6.643,99.82,0.53,550.95,268.5
95.946,4,3,342.0,100.0,0.0,12618.0,4,6.643,99.82,0.53,552.43,271.15
95.963,4,3,342.0,100.0,0.0,12618.0,4,6.643,99.82,0.53,554.01,273.97
95.98,4,3,342.0,100.0,0.0,12618.0,4,6.643,99.82,0.53,555.49,276.62
95.996,4,3,342.0,100.0,0.0,12618.0,4,6.643,99.82,0.53,557.07,279.44
96.012,4,3,342.0,100.0,0.0,12618.0,4,6.643,99.82,0.53,558.55,282.09
96.029,4,3,342.0,100.0,0.0,12618.0,4,6.643,99.82,0.53,560.13,284.91
96.046,4,3,342.0,100.0,0.0,12618.0,4,6.643,99.81,0.53,561.62,287.56
96.063,4,3,342.0,100.0,0.0,12618.0,4,6.643,99.81,0.53,563.19,290.38
96.079,4,3,342.0,100.0,0.0,12618.0,4,6.643,99.81,0.53,564.77,293.2
96.096,4,3,342.0,100.0,0.0,12618.0,4,6.643,99.81,0.53,566.35,296.02
96.113,4,3,342.0,100.0,0.0,12618.0,4,6.643,99.81,0.53,567.83,298.67
96.13,4,3,342.0,100.0,0.0,12618.0,4,6.643,99.81,0.53,569.28,301.56
96.146,4,3,342.0,100.0,0.0,12618.0,4,6.643,99.81,0.53,570.61,304.5
96.163,4,3,342.0,100.0,0.0,12618.0,4,6.643,99.81,0.53,571.81,307.5
96.18,4,3,342.0,100.0,0.0,12618.0,4,6.643,99.81,0.53,572.87,310.55
96.197,4,3,342.0,100.0,0.0,12618.0,4,6.643,99.81,0.53,573.75,313.47
96.213,4,3,342.0,100.0,0.0,12618.0,4,6.643,99.81,0.53,574.54,316.6
96.23,4,3,342.0,100.0,0.0,12618.0,4,6.643,99.81,0.53,575.16,319.57
96.246,4,3,342.0,100.0,0.0,12618.0,4,6.643,99.81,0.53,575.68,322.76
96.263,4,3,342.0,100.0,0.0,12618.0,4,6.643,99.81,0.53,576.05,325.97
96.28,4,3,342.0,100.0,0.0,12618.0,4,6.643,99.81,0.53,576.29,329.19
96.298,4,3,342.0,100.0,0.0,12618.0,4,6.643,99.81,0.53,576.39,332.42
96.313,4,3,342.0,100.0,0.0,12618.0,4,6.643,99.81,0.53,576.35,335.46
96.33,4,3,342.0,100.0,0.0,12618.0,4,6.643,99.81,0.53,576.16,338.68
96.346,4,3,342.0,100.0,0.0,12618.0,4,6.643,99.81,0.53,575.86,341.71
96.364,4,3,342.0,100.0,0.0,12618.0,4,6.643,99.81,0.53,575.39,344.9
96.38,4,3,342.0,100.0,0.0,12618.0,4,6.643,99.81,0.53,574.79,348.08
96.397,4,3,342.0,100.0,0.0,12618.0,4,6.643,99.81,0.53,574.05,351.22
96.414,4,3,342.0,100.0,0.0,12618.0,4,6.643,99.81,0.53,573.17,354.33
96.432,4,3,342.0,100.0,0.0,12618.0,4,6.643,99.81,0.53,572.1,357.58
96.449,4,3,342.0,100.0,0.0,12618.0,4,6.643,99.81,0.53,570.95,360.6
96.466,4,3,342.0,100.0,0.0,12618.0,4,6.643,99.81,0.53,569.68,363.56
96.483,4,3,342.0,100.0,0.0,12618.0,4,6.643,99.81,0.53,568.27,366.47
96.499,4,3,342.0,100.0,0.0,12618.0,4,6.643,99.81,0.53,566.83,369.15
96.516,4,3,342.0,100.0,0.0,12618.0,4,6.643,99.81,0.53,565.18,371.93
96.532,4,3,342.0,100.0,0.0,12618.0,4,6.643,99.81,0.53,563.51,374.47
96.549,4,3,342.0,100.0,0.0,12618.0,4,6.643,99.81,0.53,561.63,377.09
96.565,4,3,342.0,100.0,0.0,12618.0,4,6.643,99.81,0.53,559.74,379.48
96.582,4,3,342.0,100.0,0.0,12618.0,4,6.643,99.81,0.53,557.63,381.92
96.599,4,3,342.0,100.0,0.0,12618.0,4,6.643,99.81,0.53,555.55,384.13
96.615,4,3,342.0,100.0,0.0,12618.0,4,6.643,99.81,0.53,553.24,386.39
96.632,4,3,342.0,100.0,0.0,12618.0,4,6.643,99.81,0.53,550.83,388.54
96.649,4,3,342.0,100.0,0.0,12618.0,4,6.643,99.81,0.53,548.32,390.58
96.666,4,3,342.0,100.0,0.0,12618.0,4,6.643,99.81,0.53,545.73,392.51
96.683,4,3,342.0,100.0,0.0,12618.0,4,6.643,99.81,0.53,543.06,394.33
96.7,4,3,342.0,100.0,0.0,12618.0,4,6.643,99.81,0.53,540.48,395.93
96.716,4,3,342.0,100.0,0.0,12618.0,4,6.643,99.81,0.53,537.83,397.41
96.731,4,3,342.0,100.0,0.0,12618.0,4,6.643,99.81,0.53,535.11,398.78
96.748,4,3,342.0,100.0,0.0,12618.0,4,6.643,99.81,0.53,532.17,400.11
96.765,4,3,342.0,100.0,0.0,12618.0,4,6.643,99.81,0.53,529.16,401.3
96.782,4,3,342.0,100.0,0.0,12618.0,4,6.643,99.81,0.53,526.29,402.3
96.798,4,3,342.0,100.0,0.0,12618.0,4,6.643,99.81,0.53,523.38,403.18
96.814,4,3,342.0,100.0,0.0,12618.0,4,6.643,99.81,0.53,520.25,403.97
96.831,4,3,342.0,100.0,0.0,12618.0,4,6.643,99.81,0.53,517.28,404.59
96.847,4,3,342.0,100.0,0.0,12618.0,4,6.643,99.81,0.53,514.27,405.08
96.863,4,3,342.0,100.0,0.0,12618.0,4,6.643,99.81,0.53,511.26,405.43
96.879,4,3,342.0,100.0,0.0,12618.0,4,6.643,99.81,0.53,508.03,405.67
96.896,4,3,342.0,100.0,0.0,12618.0,4,6.643,99.81,0.53,504.81,405.77
96.913,4,3,342.0,100.0,0.0,12618.0,4,6.643,99.81,0.53,501.77,405.73
96.929,4,3,342.0,100.0,0.0,12618.0,4,6.643,99.81,0.53,498.54,405.54
96.946,4,3,342.0,100.0,0.0,12618.0,4,6.643,99.81,0.53,495.33,405.22
96.963,4,3,342.0,100.0,0.0,12618.0,4,6.643,99.81,0.53,492.13,404.76
96.98,4,3,342.0,100.0,0.0,12618.0,4,6.643,99.81,0.53,489.15,404.19
96.997,4,3,342.0,100.0,0.0,12618.0,4,6.643,99.81,0.53,485.82,403.4
97.015,4,3,342.0,100.0,0.0,12618.0,4,6.643,99.81,0.53,482.53,402.47
97.032,4,3,342.0,100.0,0.0,12618.0,4,6.643,99.81,0.53,479.46,401.46
97.049,4,3,342.0,100.0,0.0,12618.0,4,6.643,99.81,0.53,476.44,400.31
97.066,4,3,342.0,100.0,0.0,12618.0,4,6.643,99.81,0.53,473.47,399.04
97.083,4,3,342.0,100.0,0.0,12618.0,4,6.643,99.81,0.53,470.56,397.63
97.101,4,3,342.0,100.0,0.0,12618.0,4,6.643,99.81,0.53,467.72,396.1
97.117,4,3,342.0,100.0,0.0,12618.0,4,6.643,99.81,0.53,464.94,394.45
97.134,4,3,342.0,100.0,0.0,12618.0,4,6.643,99.81,0.53,462.4,392.78
97.15,4,3,342.0,100.0,0.0,12618.0,4,6.643,99.81,0.53,459.93,391.01
97.166,4,3,342.0,100.0,0.0,12618.0,4,6.643,99.81,0.53,457.4,389.01
97.183,4,3,342.0,100.0,0.0,12618.0,4,6.643,99.81,0.53,454.95,386.9
97.199,4,3,342.0,100.0,0.0,12618.0,4,6.643,99.81,0.53,452.74,384.81
97.216,4,3,342.0,100.0,0.0,12618.0,4,6.643,99.81,0.53,450.62,382.64
97.231,4,3,342.0,100.0,0.0,12618.0,4,6.643,99.81,0.53,448.59,380.37
97.249,4,3,342.0,100.0,0.0,12618.0,4,6.643,99.81,0.53,446.55,377.87
97.265,4,3,342.0,100.0,0.0,12618.0,4,6.643,99.81,0.53,444.62,375.28
97.283,4,3,342.0,100.0,0.0,12618.0,4,6.643,99.81,0.53,442.8,372.61
97.299,4,3,342.0,100.0,0.0,12618.0,4,6.643,99.81,0.53,441.1,369.86
97.315,4,3,342.0,100.0,0.0,12618.0,4,6.643,99.81,0.53,439.62,367.21
97.333,4,3,342.0,100.0,0.0,12618.0,4,6.643,99.81,0.53,438.17,364.32
97.349,4,3,342.0,100.0,0.0,12618.0,4,6.643,99.81,0.53,436.84,361.38
97.366,4,3,342.0,100.0,0.0,12618.0,4,6.643,99.81,0.53,435.64,358.38
97.382,4,3,342.0,100.0,0.0,12618.0,4,6.643,99.81,0.53,434.64,355.5
97.4,4,3,342.0,100.0,0.0,12618.0,4,6.643,99.81,0.53,433.71,352.41
97.416,4,3,342.0,100.0,0.0,12618.0,4,6.643,99.81,0.53,432.92,349.28
97.433,4,3,342.0,100.0,0.0,12618.0,4,6.643,99.81,0.53,432.3,346.3
97.449,4,3,342.0,100.0,0.0,12618.0,4,6.643,99.81,0.54,431.81,343.3
97.465,4,3,342.0,100.0,0.0,12618.0,4,6.643,99.81,0.54,431.44,340.1
97.482,4,3,342.0,100.0,0.0,12618.0,4,6.643,99.81,0.54,431.2,336.87
97.499,4,3,342.0,100.0,0.0,12618.0,4,6.643,99.81,0.54,431.1,333.65
97.516,4,3,342.0,100.0,0.0,12618.0,4,6.643,99.81,0.54,431.14,330.42
97.533,4,3,342.0,100.0,0.0,12618.0,4,6.643,99.81,0.54,431.32,327.38
97.549,4,3,342.0,100.0,0.0,12618.0,4,6.643,99.81,0.54,431.62,324.36
97.565,4,3,342.0,100.0,0.0,12618.0,4,6.643,99.81,0.54,432.09,321.16
97.582,4,3,342.0,100.0,0.0,12618.0,4,6.643,99.81,0.54,432.69,317.99
97.598,4,3,342.0,100.0,0.0,12618.0,4,6.643,99.81,0.54,433.39,315.03
97.614,4,3,342.0,100.0,0.0,12618.0,4,6.643,99.81,0.54,434.21,312.1
97.631,4,3,342.0,100.0,0.0,12618.0,4,6.643,99.81,0.54,435.17,309.22
97.647,4,3,342.0,100.0,0.0,12618.0,4,6.643,99.81,0.54,436.31,306.2
97.663,4,3,342.0,100.0,0.0,12618.0,4,6.643,99.81,0.54,437.51,303.4
97.681,4,3,342.0,100.0,0.0,12618.0,4,6.643,99.81,0.54,438.92,300.49
97.697,4,3,342.0,100.0,0.0,12618.0,4,6.643,99.81,0.54,440.45,297.65
97.715,4,3,342.0,100.0,0.0,12618.0,4,6.643,99.81,0.54,442.2,294.71
97.732,4,3,342.0,100.0,0.0,12618.0,4,6.643,99.81,0.54,443.86,292.17
97.747,4,3,342.0,100.0,0.0,12618.0,4,6.643,99.81,0.54,445.64,289.7
97.764,4,3,342.0,100.0,0.0,12618.0,4,6.644,99.81,0.54,447.64,287.17
97.781,4,3,342.0,100.0,0.0,12618.0,4,6.644,99.81,0.54,449.63,284.86
97.796,4,3,342.0,100.0,0.0,12618.0,4,6.644,99.81,0.54,451.71,282.65
97.813,4,3,342.0,100.0,0.0,12618.0,4,6.644,99.81,0.54,454.03,280.4
97.831,4,3,342.0,100.0,0.0,12618.0,4,6.644,99.81,0.54,456.44,278.25
97.847,4,3,342.0,100.0,0.0,12618.0,4,6.644,99.81,0.54,458.94,276.21
97.864,4,3,342.0,100.0,0.0,12618.0,4,6.644,99.81,0.54,461.37,274.39
97.88,4,3,342.0,100.0,0.0,12618.0,4,6.644,99.81,0.54,464.05,272.57
97.897,4,3,342.0,100.0,0.0,12618.0,4,6.644,99.81,0.54,466.79,270.87
97.914,4,3,342.0,100.0,0.0,12618.0,4,6.644,99.81,0.54,469.45,269.39
97.93,4,3,342.0,100.0,0.0,12618.0,4,6.644,99.81,0.54,472.16,268.02
97.947,4,3,342.0,100.0,0.0,12618.0,4,6.644,99.81,0.54,475.11,266.69
97.963,4,3,342.0,100.0,0.0,12618.0,4,6.644,99.81,0.54,478.11,265.5
97.981,4,3,342.0,100.0,0.0,12618.0,4,6.644,99.81,0.54,481.16,264.43
97.997,4,3,342.0,100.0,0.0,12618.0,4,6.644,99.81,0.54,484.25,263.5
98.014,4,3,342.0,100.0,0.0,12618.0,4,6.644,99.81,0.54,487.38,262.71
98.03,4,3,342.0,100.0,0.0,12618.0,4,6.644,99.81,0.54,490.36,262.09
98.046,4,3,342.0,100.0,0.0,12618.0,4,6.644,99.81,0.54,493.36,261.6
98.063,4,3,342.0,100.0,0.0,12618.0,4,6.644,99.81,0.54,496.38,261.25
98.079,4,3,342.0,100.0,0.0,12618.0,4,6.644,99.81,0.54,499.6,261.01
98.097,4,3,342.0,100.0,0.0,12618.0,4,6.644,99.81,0.54,502.83,260.91
98.113,4,3,342.0,100.0,0.0,12618.0,4,6.644,99.81,0.54,506.06,260.96
98.13,4,3,342.0,100.0,0.0,12618.0,4,6.644,99.81,0.54,509.28,261.14
98.147,4,3,342.0,100.0,0.0,12618.0,4,6.644,99.81,0.54,512.49,261.46
98.165,4,3,342.0,100.0,0.0,12618.0,4,6.644,99.81,0.54,515.69,261.93
98.181,4,3,342.0,100.0,0.0,12618.0,4,6.644,99.81,0.54,518.86,262.53
98.198,4,3,342.0,100.0,0.0,12618.0,4,6.644,99.81,0.54,522.01,263.27
98.215,4,3,342.0,100.0,0.0,12618.0,4,6.644,99.81,0.54,525.12,264.15
98.233,4,3,342.0,100.0,0.0,12618.0,4,6.644,99.81,0.54,528.18,265.16
98.25,4,3,342.0,100.0,0.0,12618.0,4,6.644,99.81,0.54,531.2,266.31
98.266,4,3,342.0,100.0,0.0,12618.0,4,6.644,99.81,0.54,534.17,267.59
98.283,4,3,342.0,100.0,0.0,12618.0,4,6.644,99.81,0.54,537.08,268.99
98.299,4,3,342.0,100.0,0.0,12618.0,4,6.644,99.81,0.54,539.76,270.43
98.315,4,3,342.0,100.0,0.0,12618.0,4,6.644,99.81,0.54,542.37,271.99
98.332,4,3,342.0,100.0,0.0,12618.0,4,6.644,99.81,0.54,544.91,273.65
98.348,4,3,342.0,100.0,0.0,12618.0,4,6.644,99.81,0.54,547.53,275.54
98.365,4,3,342.0,100.0,0.0,12618.0,4,6.644,99.81,0.54,549.92,277.42
98.381,4,3,342.0,100.0,0.0,12618.0,4,6.644,99.81,0.54,552.36,279.53
98.397,4,3,342.0,100.0,0.0,12618.0,4,6.644,99.81,0.54,554.58,281.62
98.414,4,3,342.0,100.0,0.0,12618.0,4,6.644,99.81,0.54,556.7,283.8
98.429,4,3,342.0,100.0,0.0,12618.0,4,6.644,99.81,0.54,558.72,286.06
98.446,4,3,342.0,100.0,0.0,12618.0,4,6.644,99.81,0.54,560.76,288.57
98.462,4,3,342.0,100.0,0.0,12618.0,4,6.644,99.81,0.54,562.58,291.0
98.479,4,3,342.0,100.0,0.0,12618.0,4,6.644,99.81,0.54,564.4,293.67
98.496,4,3,342.0,100.0,0.0,12618.0,4,6.644,99.81,0.54,566.1,296.42
98.512,4,3,342.0,100.0,0.0,12618.0,4,6.644,99.81,0.54,567.58,299.07
98.529,4,3,342.0,100.0,0.0,12618.0,4,6.644,99.81,0.54,569.04,301.96
98.546,4,3,342.0,100.0,0.0,12618.0,4,6.644,99.81,0.54,570.36,304.9
98.563,4,3,342.0,100.0,0.0,12618.0,4,6.644,99.81,0.54,571.56,307.9
98.58,4,3,342.0,100.0,0.0,12618.0,4,6.644,99.81,0.54,572.62,310.95
98.598,4,3,342.0,100.0,0.0,12618.0,4,6.644,99.81,0.54,573.55,314.05
98.613,4,3,342.0,100.0,0.0,12618.0,4,6.644,99.81,0.54,574.3,316.99
98.631,4,3,342.0,100.0,0.0,12618.0,4,6.644,99.81,0.54,574.95,320.16
98.648,4,3,342.0,100.0,0.0,12618.0,4,6.644,99.81,0.54,575.47,323.34
98.664,4,3,342.0,100.0,0.0,12618.0,4,6.644,99.81,0.54,575.85,326.55
98.68,4,3,342.0,100.0,0.0,12618.0,4,6.644,99.81,0.54,576.08,329.58
98.697,4,3,342.0,100.0,0.0,12618.0,4,6.644,99.81,0.54,576.17,332.81
98.714,4,3,342.0,100.0,0.0,12618.0,4,6.644,99.81,0.54,576.13,335.85
98.73,4,3,342.0,100.0,0.0,12618.0,4,6.644,99.81,0.54,575.96,338.89
98.746,4,3,342.0,100.0,0.0,12618.0,4,6.644,99.81,0.54,575.65,341.91
98.762,4,3,342.0,100.0,0.0,12618.0,4,6.644,99.81,0.54,575.19,345.11
98.779,4,3,342.0,100.0,0.0,12618.0,4,6.644,99.81,0.54,574.59,348.28
98.795,4,3,342.0,100.0,0.0,12618.0,4,6.644,99.81,0.54,573.89,351.24
98.811,4,3,342.0,100.0,0.0,12618.0,4,6.644,99.81,0.54,573.06,354.17
98.827,4,3,342.0,100.0,0.0,12618.0,4,6.644,99.81,0.54,572.11,357.05
98.844,4,3,342.0,100.0,0.0,12618.0,4,6.644,99.81,0.54,570.96,360.07
98.861,4,3,342.0,100.0,0.0,12618.0,4,6.644,99.81,0.54,569.69,363.04
98.878,4,3,342.0,100.0,0.0,12618.0,4,6.644,99.81,0.54,568.28,365.95
98.894,4,3,342.0,100.0,0.0,12618.0,4,6.644,99.81,0.54,566.84,368.63
98.911,4,3,342.0,100.0,0.0,12618.0,4,6.644,99.81,0.54,565.29,371.24
98.927,4,3,342.0,100.0,0.0,12618.0,4,6.644,99.81,0.54,563.52,373.94
98.945,4,3,342.0,100.0,0.0,12618.0,4,6.644,99.81,0.54,561.52,376.71
98.961,4,3,342.0,100.0,0.0,12618.0,4,6.644,99.81,0.54,559.63,379.1
98.978,4,3,342.0,100.0,0.0,12618.0,4,6.644,99.81,0.54,557.65,381.4
98.994,4,3,342.0,100.0,0.0,12618.0,4,6.644,99.81,0.54,555.56,383.62
99.011,4,3,342.0,100.0,0.0,12618.0,4,6.644,99.81,0.54,553.25,385.87
99.027,4,3,342.0,100.0,0.0,12618.0,4,6.644,99.81,0.54,550.84,388.02
99.044,4,3,342.0,100.0,0.0,12618.0,4,6.644,99.81,0.54,548.34,390.06
99.061,4,3,342.0,100.0,0.0,12618.0,4,6.644,99.81,0.54,545.9,391.88
99.077,4,3,342.0,100.0,0.0,12618.0,4,6.644,99.81,0.54,543.23,393.7
99.095,4,3,342.0,100.0,0.0,12618.0,4,6.644,99.81,0.54,540.32,395.5
99.111,4,3,342.0,100.0,0.0,12618.0,4,6.644,99.81,0.54,537.67,396.98
99.129,4,3,342.0,100.0,0.0,12618.0,4,6.644,99.81,0.54,534.78,398.43
99.145,4,3,342.0,100.0,0.0,12618.0,4,6.644,99.81,0.54,531.84,399.76
99.162,4,3,342.0,100.0,0.0,12618.0,4,6.644,99.81,0.54,528.84,400.95
99.179,4,3,342.0,100.0,0.0,12618.0,4,6.644,99.81,0.54,525.79,402.02
99.196,4,3,342.0,100.0,0.0,12618.0,4,6.644,99.81,0.54,522.7,402.95
99.213,4,3,342.0,100.0,0.0,12618.0,4,6.644,99.81,0.54,519.75,403.7
99.228,4,3,342.0,100.0,0.0,12618.0,4,6.644,99.81,0.54,516.77,404.31
99.245,4,3,342.0,100.0,0.0,12618.0,4,6.644,99.81,0.54,513.58,404.83
99.262,4,3,342.0,100.0,0.0,12618.0,4,6.644,99.81,0.55,510.38,405.21
99.279,4,3,342.0,100.0,0.0,12618.0,4,6.644,99.81,0.55,507.34,405.43
99.295,4,3,342.0,100.0,0.0,12618.0,4,6.644,99.81,0.55,504.12,405.53
99.312,4,3,342.0,100.0,0.0,12618.0,4,6.644,99.81,0.55,501.08,405.49
99.329,4,3,342.0,100.0,0.0,12618.0,4,6.644,99.81,0.55,497.85,405.31
99.345,4,3,342.0,100.0,0.0,12618.0,4,6.644,99.81,0.55,494.64,404.98
99.363,4,3,342.0,100.0,0.0,12618.0,4,6.644,99.81,0.55,491.44,404.52
99.379,4,3,342.0,100.0,0.0,12618.0,4,6.644,99.81,0.55,488.27,403.91
99.395,4,3,342.0,100.0,0.0,12618.0,4,6.644,99.81,0.55,485.31,403.22
99.411,4,3,342.0,100.0,0.0,12618.0,4,6.644,99.81,0.55,482.38,402.39
99.427,4,3,342.0,100.0,0.0,12618.0,4,6.644,99.81,0.55,479.5,401.44
99.445,4,3,342.0,100.0,0.0,12618.0,4,6.644,99.81,0.55,476.3,400.22
99.462,4,3,342.0,100.0,0.0,12618.0,4,6.644,99.81,0.55,473.33,398.95
99.479,4,3,342.0,100.0,0.0,12618.0,4,6.644,99.81,0.55,470.42,397.54
99.495,4,3,342.0,100.0,0.0,12618.0,4,6.644,99.81,0.55,467.75,396.1
99.512,4,3,342.0,100.0,0.0,12618.0,4,6.644,99.81,0.55,464.97,394.45
99.529,4,3,342.0,100.0,0.0,12618.0,4,6.644,99.81,0.55,462.43,392.78
99.545,4,3,342.0,100.0,0.0,12618.0,4,6.644,99.81,0.55,459.96,391.01
99.561,4,3,342.0,100.0,0.0,12618.0,4,6.644,99.81,0.55,457.58,389.12
99.577,4,3,342.0,100.0,0.0,12618.0,4,6.644,99.81,0.55,455.13,387.01
99.594,4,3,342.0,100.0,0.0,12618.0,4,6.644,99.81,0.55,452.92,384.93
99.61,4,3,342.0,100.0,0.0,12618.0,4,6.644,99.81,0.55,450.66,382.62
99.627,4,3,342.0,100.0,0.0,12618.0,4,6.644,99.81,0.55,448.51,380.21
99.645,4,3,342.0,100.0,0.0,12618.0,4,6.644,99.81,0.55,446.47,377.7
99.661,4,3,342.0,100.0,0.0,12618.0,4,6.644,99.81,0.55,444.54,375.12
99.678,4,3,342.0,100.0,0.0,12618.0,4,6.644,99.81,0.55,442.83,372.6
99.694,4,3,342.0,100.0,0.0,12618.0,4,6.644,99.81,0.55,441.23,370.02
99.71,4,3,342.0,100.0,0.0,12618.0,4,6.644,99.81,0.55,439.75,367.36
99.726,4,3,342.0,100.0,0.0,12618.0,4,6.644,99.81,0.55,438.29,364.48
99.743,4,3,342.0,100.0,0.0,12618.0,4,6.644,99.81,0.55,436.97,361.53
99.76,4,3,342.0,100.0,0.0,12618.0,4,6.644,99.81,0.55,435.77,358.53
99.777,4,3,342.0,100.0,0.0,12618.0,4,6.644,99.81,0.55,434.71,355.48
99.794,4,3,342.0,100.0,0.0,12618.0,4,6.644,99.81,0.55,433.83,352.57
99.81,4,3,342.0,100.0,0.0,12618.0,4,6.644,99.81,0.55,433.04,349.44
99.827,4,3,342.0,100.0,0.0,12618.0,4,6.644,99.81,0.55,432.38,346.28
99.843,4,3,342.0,100.0,0.0,12618.0,4,6.644,99.81,0.55,431.89,343.28
99.86,4,3,342.0,100.0,0.0,12618.0,4,6.644,99.81,0.55,431.54,340.26
99.876,4,3,342.0,100.0,0.0,12618.0,4,6.644,99.81,0.55,431.31,337.23
99.891,4,3,342.0,100.0,0.0,12618.0,4,6.644,99.81,0.55,431.22,334.19
99.907,4,3,342.0,100.0,0.0,12618.0,4,6.644,99.81,0.55,431.26,331.15
99.924,4,3,342.0,100.0,0.0,12618.0,4,6.644,99.81,0.55,431.45,327.92
99.941,4,3,342.0,100.0,0.0,12618.0,4,6.644,99.81,0.55,431.75,324.9
99.957,4,3,342.0,100.0,0.0,12618.0,4,6.644,99.81,0.55,432.22,321.7
99.974,4,3,342.0,100.0,0.0,12618.0,4,6.644,99.81,0.55,432.82,318.53
99.99,4,3,342.0,100.0,0.0,12618.0,4,6.644,99.81,0.55,433.52,315.57
100.007,4,3,342.0,100.0,0.0,12618.0,4,6.644,99.81,0.55,434.4,312.46
100.024,4,3,342.0,100.0,0.0,12618.0,4,6.644,99.81,0.55,435.35,309.58
100.04,4,3,342.0,100.0,0.0,12618.0,4,6.644,99.81,0.55,436.49,306.56
100.057,4,3,342.0,100.0,0.0,12618.0,4,6.644,99.81,0.55,437.69,303.76
100.072,4,3,342.0,100.0,0.0,12618.0,4,6.644,99.81,0.55,439.02,301.03
100.088,4,3,342.0,100.0,0.0,12618.0,4,6.644,99.81,0.55,440.46,298.35
100.105,4,3,342.0,100.0,0.0,12618.0,4,6.644,99.81,0.55,442.11,295.57
100.121,4,3,342.0,100.0,0.0,12618.0,4,6.644,99.81,0.55,443.78,293.03
100.138,4,3,342.0,100.0,0.0,12618.0,4,6.644,99.81,0.55,445.55,290.56
100.154,4,3,342.0,100.0,0.0,12618.0,4,6.644,99.81,0.55,447.55,288.03
100.171,4,3,342.0,100.0,0.0,12618.0,4,6.644,99.81,0.55,449.54,285.73
100.187,4,3,342.0,100.0,0.0,12618.0,4,6.644,99.81,0.55,451.62,283.51
100.203,4,3,342.0,100.0,0.0,12618.0,4,6.644,99.81,0.55,453.94,281.26
100.219,4,3,342.0,100.0,0.0,12618.0,4,6.644,99.81,0.55,456.21,279.24
100.236,4,3,342.0,100.0,0.0,12618.0,4,6.644,99.81,0.55,458.71,277.19
100.253,4,3,342.0,100.0,0.0,12618.0,4,6.644,99.81,0.55,461.14,275.38
100.269,4,3,342.0,100.0,0.0,12618.0,4,6.644,99.81,0.55,463.66,273.66
100.285,4,3,342.0,100.0,0.0,12618.0,4,6.644,99.81,0.55,466.41,271.97
100.301,4,3,342.0,100.0,0.0,12618.0,4,6.644,99.81,0.55,469.06,270.48
100.318,4,3,342.0,100.0,0.0,12618.0,4,6.644,99.81,0.55,471.94,269.03
100.335,4,3,342.0,100.0,0.0,12618.0,4,6.644,99.81,0.55,474.89,267.7
100.351,4,3,342.0,100.0,0.0,12618.0,4,6.644,99.81,0.55,477.71,266.58
100.368,4,3,342.0,100.0,0.0,12618.0,4,6.644,99.81,0.55,480.76,265.51
100.385,4,3,342.0,100.0,0.0,12618.0,4,6.644,99.81,0.55,483.86,264.58
100.402,4,3,342.0,100.0,0.0,12618.0,4,6.644,99.81,0.55,486.8,263.84
100.418,4,3,342.0,100.0,0.0,12618.0,4,6.644,99.81,0.55,489.96,263.18
100.435,4,3,342.0,100.0,0.0,12618.0,4,6.644,99.81,0.55,493.15,262.66
100.452,4,3,342.0,100.0,0.0,12618.0,4,6.644,99.81,0.55,496.36,262.28
100.469,4,3,342.0,100.0,0.0,12618.0,4,6.644,99.81,0.55,499.58,262.05
100.486,4,3,342.0,100.0,0.0,12618.0,4,6.644,99.81,0.55,502.81,261.95
100.503,4,3,342.0,100.0,0.0,12618.0,4,6.644,99.81,0.55,506.04,261.99
100.52,4,3,342.0,100.0,0.0,12618.0,4,6.644,99.81,0.55,509.07,262.16
100.536,4,3,342.0,100.0,0.0,12618.0,4,6.644,99.81,0.55,512.1,262.47
100.552,4,3,342.0,100.0,0.0,12618.0,4,6.644,99.81,0.55,515.3,262.93
100.57,4,3,342.0,100.0,0.0,12618.0,4,6.644,99.81,0.55,518.47,263.54
100.585,4,3,342.0,100.0,0.0,12618.0,4,6.644,99.81,0.55,521.43,264.24
100.602,4,3,342.0,100.0,0.0,12618.0,4,6.644,99.81,0.55,524.54,265.11
100.619,4,3,342.0,100.0,0.0,12618.0,4,6.644,99.81,0.55,527.6,266.13
100.636,4,3,342.0,100.0,0.0,12618.0,4,6.644,99.81,0.55,530.45,267.2
100.652,4,3,342.0,100.0,0.0,12618.0,4,6.644,99.81,0.55,533.41,268.48
100.67,4,3,342.0,100.0,0.0,12618.0,4,6.644,99.81,0.55,536.32,269.88
100.687,4,3,342.0,100.0,0.0,12618.0,4,6.644,99.81,0.55,539.17,271.41
100.702,4,3,342.0,100.0,0.0,12618.0,4,6.644,99.81,0.55,541.78,272.97
100.719,4,3,342.0,100.0,0.0,12618.0,4,6.644,99.81,0.55,544.48,274.74
100.736,4,3,342.0,100.0,0.0,12618.0,4,6.644,99.81,0.55,547.1,276.63
100.753,4,3,342.0,100.0,0.0,12618.0,4,6.644,99.81,0.55,549.64,278.63
100.77,4,3,342.0,100.0,0.0,12618.0,4,6.644,99.81,0.55,551.94,280.62
100.786,4,3,342.0,100.0,0.0,12618.0,4,6.644,99.81,0.55,554.15,282.7
100.802,4,3,342.0,100.0,0.0,12618.0,4,6.644,99.81,0.55,556.4,285.01
100.818,4,3,342.0,100.0,0.0,12618.0,4,6.644,99.81,0.55,558.43,287.28
100.835,4,3,342.0,100.0,0.0,12618.0,4,6.644,99.81,0.55,560.47,289.78
100.852,4,3,342.0,100.0,0.0,12618.0,4,6.644,99.81,0.55,562.4,292.37
100.868,4,3,342.0,100.0,0.0,12618.0,4,6.644,99.81,0.55,564.11,294.89
100.885,4,3,342.0,100.0,0.0,12618.0,4,6.644,99.81,0.55,565.81,297.63
100.902,4,3,342.0,100.0,0.0,12618.0,4,6.644,99.81,0.55,567.39,300.45
100.918,4,3,342.0,100.0,0.0,12618.0,4,6.644,99.81,0.55,568.76,303.17
100.935,4,3,342.0,100.0,0.0,12618.0,4,6.644,99.81,0.55,570.0,305.94
100.951,4,3,342.0,100.0,0.0,12618.0,4,6.644,99.81,0.55,571.2,308.94
100.968,4,3,342.0,100.0,0.0,12618.0,4,6.644,99.81,0.55,572.26,311.99
100.985,4,3,342.0,100.0,0.0,12618.0,4,6.644,99.81,0.55,573.19,315.08
101.003,4,3,342.0,100.0,0.0,12618.0,4,6.644,99.81,0.55,573.99,318.21
101.019,4,3,342.0,100.0,0.0,12618.0,4,6.644,99.81,0.55,574.64,321.38
101.036,4,3,342.0,100.0,0.0,12618.0,4,6.644,99.81,0.55,575.13,324.38
101.052,4,3,342.0,100.0,0.0,12618.0,4,6.644,99.8,0.55,575.49,327.4
101.068,4,3,342.0,100.0,0.0,12618.0,4,6.644,99.8,0.56,575.73,330.62
101.085,4,3,342.0,100.0,0.0,12618.0,4,6.644,99.8,0.56,575.82,333.85
101.102,4,3,342.0,100.0,0.0,12618.0,4,6.644,99.8,0.56,575.78,336.89
101.117,4,3,342.0,100.0,0.0,12618.0,4,6.644,99.8,0.56,575.61,339.92
101.134,4,3,342.0,100.0,0.0,12618.0,4,6.644,99.8,0.56,575.29,343.13
101.15,4,3,342.0,100.0,0.0,12618.0,4,6.644,99.8,0.56,574.85,346.14
101.168,4,3,342.0,100.0,0.0,12618.0,4,6.644,99.8,0.56,574.24,349.32
101.185,4,3,342.0,100.0,0.0,12618.0,4,6.644,99.8,0.56,573.46,352.64
101.201,4,3,342.0,100.0,0.0,12618.0,4,6.644,99.8,0.56,572.63,355.57
101.218,4,3,342.0,100.0,0.0,12618.0,4,6.644,99.8,0.56,571.68,358.46
101.233,4,3,342.0,100.0,0.0,12618.0,4,6.644,99.8,0.56,570.6,361.3
101.25,4,3,342.0,100.0,0.0,12618.0,4,6.644,99.8,0.56,569.33,364.27
101.267,4,3,342.0,100.0,0.0,12618.0,4,6.644,99.8,0.56,567.92,367.18
101.284,4,3,342.0,100.0,0.0,12618.0,4,6.644,99.8,0.56,566.39,370.02
101.301,4,3,342.0,100.0,0.0,12618.0,4,6.644,99.8,0.56,564.74,372.8
101.318,4,3,342.0,100.0,0.0,12618.0,4,6.644,99.8,0.56,563.07,375.34
101.335,4,3,342.0,100.0,0.0,12618.0,4,6.644,99.8,0.56,561.18,377.96
101.351,4,3,342.0,100.0,0.0,12618.0,4,6.644,99.8,0.56,559.18,380.49
101.368,4,3,342.0,100.0,0.0,12618.0,4,6.644,99.8,0.56,557.07,382.94
101.385,4,3,342.0,100.0,0.0,12618.0,4,6.644,99.8,0.56,554.86,385.29
101.402,4,3,342.0,100.0,0.0,12618.0,4,6.644,99.8,0.56,552.68,387.41
101.417,4,3,342.0,100.0,0.0,12618.0,4,6.644,99.8,0.56,550.41,389.44
101.433,4,3,342.0,100.0,0.0,12618.0,4,6.644,99.8,0.56,548.06,391.36
101.45,4,3,342.0,100.0,0.0,12618.0,4,6.644,99.8,0.56,545.62,393.18
101.466,4,3,342.0,100.0,0.0,12618.0,4,6.644,99.8,0.56,542.95,394.99
101.483,4,3,342.0,100.0,0.0,12618.0,4,6.644,99.8,0.56,540.2,396.69
101.5,4,3,342.0,100.0,0.0,12618.0,4,6.644,99.8,0.56,537.39,398.27
101.517,4,3,342.0,100.0,0.0,12618.0,4,6.644,99.8,0.56,534.67,399.64
101.532,4,3,342.0,100.0,0.0,12618.0,4,6.644,99.8,0.56,531.9,400.88
101.549,4,3,342.0,100.0,0.0,12618.0,4,6.644,99.8,0.56,528.9,402.08
101.567,4,3,342.0,100.0,0.0,12618.0,4,6.644,99.8,0.56,525.85,403.14
101.584,4,3,342.0,100.0,0.0,12618.0,4,6.644,99.8,0.56,522.75,404.07
101.6,4,3,342.0,100.0,0.0,12618.0,4,6.644,99.8,0.56,519.81,404.82
101.616,4,3,342.0,100.0,0.0,12618.0,4,6.644,99.8,0.56,516.65,405.48
101.633,4,3,342.0,100.0,0.0,12618.0,4,6.644,99.8,0.56,513.64,405.97
101.65,4,3,342.0,100.0,0.0,12618.0,4,6.644,99.8,0.56,510.44,406.34
101.666,4,3,342.0,100.0,0.0,12618.0,4,6.644,99.8,0.56,507.22,406.58
101.683,4,3,342.0,100.0,0.0,12618.0,4,6.644,99.8,0.56,503.99,406.68
101.7,4,3,342.0,100.0,0.0,12618.0,4,6.644,99.8,0.56,500.76,406.64
101.717,4,3,342.0,100.0,0.0,12618.0,4,6.644,99.8,0.56,497.53,406.45
101.734,4,3,342.0,100.0,0.0,12618.0,4,6.644,99.8,0.56,494.32,406.13
101.751,4,3,342.0,100.0,0.0,12618.0,4,6.644,99.8,0.56,491.12,405.66
101.767,4,3,342.0,100.0,0.0,12618.0,4,6.644,99.8,0.56,488.14,405.1
101.785,4,3,342.0,100.0,0.0,12618.0,4,6.644,99.8,0.56,484.99,404.35
101.801,4,3,342.0,100.0,0.0,12618.0,4,6.644,99.8,0.56,481.88,403.48
101.817,4,3,342.0,100.0,0.0,12618.0,4,6.644,99.8,0.56,479.0,402.52
101.834,4,3,342.0,100.0,0.0,12618.0,4,6.644,99.8,0.56,475.98,401.38
101.851,4,3,342.0,100.0,0.0,12618.0,4,6.644,99.8,0.56,473.01,400.1
101.868,4,3,342.0,100.0,0.0,12618.0,4,6.644,99.8,0.56,470.1,398.7
101.885,4,3,342.0,100.0,0.0,12618.0,4,6.644,99.8,0.56,467.26,397.17
101.902,4,3,342.0,100.0,0.0,12618.0,4,6.644,99.8,0.56,464.64,395.61
101.918,4,3,342.0,100.0,0.0,12618.0,4,6.644,99.8,0.56,461.94,393.84
101.935,4,3,342.0,100.0,0.0,12618.0,4,6.644,99.8,0.56,459.32,391.95
101.952,4,3,342.0,100.0,0.0,12618.0,4,6.644,99.8,0.56,456.79,389.95
101.969,4,3,342.0,100.0,0.0,12618.0,4,6.644,99.8,0.56,454.34,387.84
101.986,4,3,342.0,100.0,0.0,12618.0,4,6.644,99.8,0.56,452.13,385.76
102.002,4,3,342.0,100.0,0.0,12618.0,4,6.644,99.8,0.56,450.01,383.58
102.018,4,3,342.0,100.0,0.0,12618.0,4,6.644,99.8,0.56,447.86,381.17
102.035,4,3,342.0,100.0,0.0,12618.0,4,6.644,99.8,0.56,445.81,378.67
102.052,4,3,342.0,100.0,0.0,12618.0,4,6.644,99.8,0.56,443.88,376.08
102.069,4,3,342.0,100.0,0.0,12618.0,4,6.644,99.8,0.56,442.07,373.41
102.086,4,3,342.0,100.0,0.0,12618.0,4,6.644,99.8,0.56,440.37,370.66
102.104,4,3,342.0,100.0,0.0,12618.0,4,6.644,99.8,0.56,438.79,367.84
102.119,4,3,342.0,100.0,0.0,12618.0,4,6.644,99.8,0.56,437.42,365.13
102.135,4,3,342.0,100.0,0.0,12618.0,4,6.644,99.8,0.56,436.17,362.36
102.151,4,3,342.0,100.0,0.0,12618.0,4,6.644,99.8,0.56,435.05,359.53
102.168,4,3,342.0,100.0,0.0,12618.0,4,6.644,99.8,0.56,434.05,356.66
102.184,4,3,342.0,100.0,0.0,12618.0,4,6.644,99.8,0.56,433.12,353.57
102.201,4,3,342.0,100.0,0.0,12618.0,4,6.644,99.8,0.56,432.37,350.62
102.217,4,3,342.0,100.0,0.0,12618.0,4,6.644,99.8,0.56,431.71,347.46
102.235,4,3,342.0,100.0,0.0,12618.0,4,6.644,99.8,0.56,431.17,344.08
102.252,4,3,342.0,100.0,0.0,12618.0,4,6.644,99.8,0.56,430.79,340.88
102.268,4,3,342.0,100.0,0.0,12618.0,4,6.644,99.8,0.56,430.56,337.84
102.285,4,3,342.0,100.0,0.0,12618.0,4,6.644,99.8,0.56,430.47,334.8
102.301,4,3,342.0,100.0,0.0,12618.0,4,6.644,99.8,0.56,430.51,331.58
102.317,4,3,342.0,100.0,0.0,12618.0,4,6.644,99.8,0.56,430.69,328.54
102.334,4,3,342.0,100.0,0.0,12618.0,4,6.644,99.8,0.56,430.99,325.52
102.35,4,3,342.0,100.0,0.0,12618.0,4,6.644,99.8,0.56,431.46,322.32
102.368,4,3,342.0,100.0,0.0,12618.0,4,6.644,99.8,0.56,432.06,319.15
102.383,4,3,342.0,100.0,0.0,12618.0,4,6.644,99.8,0.56,432.76,316.19
102.399,4,3,342.0,100.0,0.0,12618.0,4,6.644,99.8,0.56,433.59,313.26
102.417,4,3,342.0,100.0,0.0,12618.0,4,6.644,99.8,0.56,434.6,310.19
102.433,4,3,342.0,100.0,0.0,12618.0,4,6.644,99.8,0.56,435.74,307.17
102.45,4,3,342.0,100.0,0.0,12618.0,4,6.644,99.8,0.56,437.02,304.21
102.468,4,3,342.0,100.0,0.0,12618.0,4,6.644,99.8,0.56,438.42,301.3
102.485,4,3,342.0,100.0,0.0,12618.0,4,6.644,99.8,0.56,440.04,298.29
102.501,4,3,342.0,100.0,0.0,12618.0,4,6.644,99.8,0.56,441.6,295.67
102.519,4,3,342.0,100.0,0.0,12618.0,4,6.644,99.8,0.56,443.37,292.97
102.535,4,3,342.0,100.0,0.0,12618.0,4,6.644,99.8,0.56,445.26,290.35
102.552,4,3,342.0,100.0,0.0,12618.0,4,6.644,99.8,0.56,447.26,287.82
102.568,4,3,342.0,100.0,0.0,12618.0,4,6.644,99.8,0.56,449.24,285.51
102.585,4,3,342.0,100.0,0.0,12618.0,4,6.644,99.8,0.56,451.46,283.16
102.602,4,3,342.0,100.0,0.0,12618.0,4,6.644,99.8,0.56,453.77,280.91
102.619,4,3,342.0,100.0,0.0,12618.0,4,6.644,99.8,0.56,456.18,278.76
102.637,4,3,342.0,100.0,0.0,12618.0,4,6.644,99.8,0.56,458.68,276.72
102.653,4,3,342.0,100.0,0.0,12618.0,4,6.644,99.8,0.56,461.27,274.79
102.67,4,3,342.0,100.0,0.0,12618.0,4,6.644,99.8,0.56,463.94,272.97
102.687,4,3,342.0,100.0,0.0,12618.0,4,6.644,99.8,0.56,466.69,271.27
102.703,4,3,342.0,100.0,0.0,12618.0,4,6.644,99.8,0.56,469.34,269.78
102.72,4,3,342.0,100.0,0.0,12618.0,4,6.644,99.8,0.56,472.06,268.42
102.736,4,3,342.0,100.0,0.0,12618.0,4,6.644,99.8,0.56,474.83,267.17
102.752,4,3,342.0,100.0,0.0,12618.0,4,6.644,99.8,0.56,477.66,266.04
102.768,4,3,342.0,100.0,0.0,12618.0,4,6.644,99.8,0.56,480.71,264.98
102.785,4,3,342.0,100.0,0.0,12618.0,4,6.644,99.8,0.56,483.8,264.05
102.803,4,3,342.0,100.0,0.0,12618.0,4,6.644,99.8,0.56,486.93,263.26
102.819,4,3,342.0,100.0,0.0,12618.0,4,6.644,99.8,0.56,490.09,262.6
102.837,4,3,342.0,100.0,0.0,12618.0,4,6.644,99.8,0.56,493.28,262.08
102.853,4,3,342.0,100.0,0.0,12618.0,4,6.644,99.8,0.56,496.3,261.73
102.87,4,3,342.0,100.0,0.0,12618.0,4,6.644,99.8,0.56,499.52,261.49
102.886,4,3,342.0,100.0,0.0,12618.0,4,6.644,99.8,0.57,502.56,261.4
102.902,4,3,342.0,100.0,0.0,12618.0,4,6.644,99.8,0.57,505.6,261.44
102.918,4,3,342.0,100.0,0.0,12618.0,4,6.644,99.8,0.57,508.63,261.61
102.934,4,3,342.0,100.0,0.0,12618.0,4,6.644,99.8,0.57,511.66,261.92
102.95,4,3,342.0,100.0,0.0,12618.0,4,6.644,99.8,0.57,514.85,262.38
102.966,4,3,342.0,100.0,0.0,12618.0,4,6.644,99.8,0.57,517.84,262.95
102.983,4,3,342.0,100.0,0.0,12618.0,4,6.644,99.8,0.57,520.98,263.69
103.0,4,3,342.0,100.0,0.0,12618.0,4,6.644,99.8,0.57,524.09,264.57
103.016,4,3,342.0,100.0,0.0,12618.0,4,6.644,99.8,0.57,526.98,265.52
103.033,4,3,342.0,100.0,0.0,12618.0,4,6.644,99.8,0.57,530.0,266.67
103.05,4,3,342.0,100.0,0.0,12618.0,4,6.644,99.8,0.57,532.97,267.94
103.066,4,3,342.0,100.0,0.0,12618.0,4,6.644,99.8,0.57,535.71,269.26
103.083,4,3,342.0,100.0,0.0,12618.0,4,6.644,99.8,0.57,538.55,270.79
103.099,4,3,342.0,100.0,0.0,12618.0,4,6.644,99.8,0.57,541.16,272.35
103.115,4,3,342.0,100.0,0.0,12618.0,4,6.644,99.8,0.57,543.7,274.02
103.132,4,3,342.0,100.0,0.0,12618.0,4,6.644,99.8,0.57,546.17,275.79
103.148,4,3,342.0,100.0,0.0,12618.0,4,6.644,99.8,0.57,548.71,277.79
103.165,4,3,342.0,100.0,0.0,12618.0,4,6.644,99.8,0.57,551.15,279.9
103.182,4,3,342.0,100.0,0.0,12618.0,4,6.644,99.8,0.57,553.37,281.99
103.197,4,3,342.0,100.0,0.0,12618.0,4,6.644,99.8,0.57,555.49,284.16
103.214,4,3,342.0,100.0,0.0,12618.0,4,6.644,99.8,0.57,557.64,286.58
103.23,4,3,342.0,100.0,0.0,12618.0,4,6.644,99.8,0.57,559.56,288.93
103.247,4,3,342.0,100.0,0.0,12618.0,4,6.644,99.8,0.57,561.49,291.52
103.264,4,3,342.0,100.0,0.0,12618.0,4,6.644,99.8,0.57,563.31,294.19
103.281,4,3,342.0,100.0,0.0,12618.0,4,6.644,99.8,0.57,565.01,296.94
103.297,4,3,342.0,100.0,0.0,12618.0,4,6.644,99.8,0.57,566.49,299.59
103.315,4,3,342.0,100.0,0.0,12618.0,4,6.644,99.8,0.57,567.94,302.47
103.331,4,3,342.0,100.0,0.0,12618.0,4,6.644,99.8,0.57,569.27,305.42
103.348,4,3,342.0,100.0,0.0,12618.0,4,6.644,99.8,0.57,570.47,308.42
103.365,4,3,342.0,100.0,0.0,12618.0,4,6.644,99.8,0.57,571.47,311.29
103.38,4,3,342.0,100.0,0.0,12618.0,4,6.644,99.8,0.57,572.34,314.2
103.397,4,3,342.0,100.0,0.0,12618.0,4,6.644,99.8,0.57,573.14,317.33
103.415,4,3,342.0,100.0,0.0,12618.0,4,6.644,99.8,0.57,573.83,320.68
103.432,4,3,342.0,100.0,0.0,12618.0,4,6.644,99.8,0.57,574.32,323.68
103.448,4,3,342.0,100.0,0.0,12618.0,4,6.644,99.8,0.57,574.7,326.89
103.465,4,3,342.0,100.0,0.0,12618.0,4,6.644,99.8,0.57,574.94,330.11
103.482,4,3,342.0,100.0,0.0,12618.0,4,6.644,99.8,0.57,575.03,333.34
103.498,4,3,342.0,100.0,0.0,12618.0,4,6.644,99.8,0.57,574.99,336.38
103.515,4,3,342.0,100.0,0.0,12618.0,4,6.644,99.8,0.57,574.82,339.41
103.531,4,3,342.0,100.0,0.0,12618.0,4,6.644,99.8,0.57,574.49,342.63
103.547,4,3,342.0,100.0,0.0,12618.0,4,6.644,99.8,0.57,574.06,345.64
103.564,4,3,342.0,100.0,0.0,12618.0,4,6.644,99.8,0.57,573.49,348.62
103.58,4,3,342.0,100.0,0.0,12618.0,4,6.644,99.8,0.57,572.75,351.77
103.598,4,3,342.0,100.0,0.0,12618.0,4,6.644,99.8,0.57,571.87,354.87
103.616,4,3,342.0,100.0,0.0,12618.0,4,6.644,99.8,0.57,570.86,357.94
103.631,4,3,342.0,100.0,0.0,12618.0,4,6.644,99.8,0.57,569.78,360.78
103.647,4,3,342.0,100.0,0.0,12618.0,4,6.644,99.8,0.57,568.58,363.58
103.662,4,3,342.0,100.0,0.0,12618.0,4,6.644,99.8,0.57,567.26,366.31
103.679,4,3,342.0,100.0,0.0,12618.0,4,6.644,99.8,0.57,565.73,369.16
103.696,4,3,342.0,100.0,0.0,12618.0,4,6.644,99.8,0.57,564.07,371.93
103.713,4,3,342.0,100.0,0.0,12618.0,4,6.644,99.8,0.57,562.41,374.48
103.729,4,3,342.0,100.0,0.0,12618.0,4,6.644,99.8,0.57,560.52,377.1
103.745,4,3,342.0,100.0,0.0,12618.0,4,6.644,99.8,0.57,558.64,379.48
103.762,4,3,342.0,100.0,0.0,12618.0,4,6.644,99.8,0.57,556.75,381.87
103.778,4,3,342.0,100.0,0.0,12618.0,4,6.644,99.8,0.57,554.75,384.41
103.795,4,3,342.0,100.0,0.0,12618.0,4,6.644,99.8,0.57,552.75,386.94
103.813,4,3,342.0,100.0,0.0,12618.0,4,6.644,99.8,0.57,550.75,389.48
103.828,4,3,342.0,100.0,0.0,12618.0,4,6.644,99.8,0.57,548.87,391.87
103.845,4,3,342.0,100.0,0.0,12618.0,4,6.644,99.8,0.57,546.87,394.4
103.862,4,3,342.0,100.0,0.0,12618.0,4,6.644,99.8,0.57,544.98,396.79
103.877,4,3,342.0,100.0,0.0,12618.0,4,6.644,99.8,0.57,543.1,399.17
103.894,4,3,342.0,100.0,0.0,12618.0,4,6.644,99.8,0.57,541.1,401.71
103.911,4,3,342.0,100.0,0.0,12618.0,4,6.644,99.8,0.57,539.22,404.1
103.927,4,3,342.0,100.0,0.0,12618.0,4,6.644,99.8,0.57,537.22,406.63
103.944,4,3,342.0,100.0,0.0,12618.0,4,6.644,99.8,0.57,535.34,409.02
103.96,4,3,342.0,100.0,0.0,12618.0,4,6.644,99.8,0.57,533.45,411.41
103.976,4,3,342.0,100.0,0.0,12618.0,4,6.644,99.8,0.57,531.57,413.79
103.991,4,3,342.0,100.0,0.0,12618.0,4,6.644,99.8,0.57,529.69,416.18
104.008,4,3,342.0,100.0,0.0,12618.0,4,6.644,99.8,0.57,527.69,418.72
104.025,4,3,342.0,100.0,0.0,12618.0,4,6.644,99.8,0.57,525.8,421.1
104.041,4,3,342.0,100.0,0.0,12618.0,4,6.644,99.8,0.57,523.69,423.55
104.058,4,3,342.0,100.0,0.0,12618.0,4,6.644,99.8,0.57,521.61,425.76
104.073,4,3,342.0,100.0,0.0,12618.0,4,6.644,99.8,0.57,519.43,427.88
104.089,4,3,342.0,100.0,0.0,12618.0,4,6.644,99.8,0.57,517.16,429.91
104.105,4,3,342.0,100.0,0.0,12618.0,4,6.644,99.8,0.57,514.81,431.83
104.122,4,3,342.0,100.0,0.0,12618.0,4,6.644,99.8,0.57,512.22,433.76
104.138,4,3,342.0,100.0,0.0,12618.0,4,6.644,99.8,0.57,509.71,435.47
104.155,4,3,342.0,100.0,0.0,12618.0,4,6.644,99.8,0.57,506.96,437.17
104.172,4,3,342.0,100.0,0.0,12618.0,4,6.644,99.8,0.57,504.31,438.65
104.188,4,3,342.0,100.0,0.0,12618.0,4,6.644,99.8,0.57,501.59,440.02
104.204,4,3,342.0,100.0,0.0,12618.0,4,6.644,99.8,0.57,498.65,441.35
104.22,4,3,342.0,100.0,0.0,12618.0,4,6.644,99.8,0.57,495.82,442.47
104.236,4,3,342.0,100.0,0.0,12618.0,4,6.644,99.8,0.57,492.95,443.47
104.252,4,3,342.0,100.0,0.0,12618.0,4,6.644,99.8,0.57,490.04,444.35
104.269,4,3,342.0,100.0,0.0,12618.0,4,6.644,99.8,0.57,487.09,445.1
104.285,4,3,342.0,100.0,0.0,12618.0,4,6.644,99.8,0.57,483.93,445.75
104.302,4,3,342.0,100.0,0.0,12618.0,4,6.644,99.8,0.57,480.74,446.27
104.319,4,3,342.0,100.0,0.0,12618.0,4,6.644,99.8,0.57,477.53,446.65
104.336,4,3,342.0,100.0,0.0,12618.0,4,6.644,99.8,0.57,474.31,446.89
104.353,4,3,342.0,100.0,0.0,12618.0,4,6.644,99.8,0.57,471.09,446.99
104.37,4,3,342.0,100.0,0.0,12618.0,4,6.644,99.8,0.57,467.86,446.94
104.387,4,3,342.0,100.0,0.0,12618.0,4,6.644,99.8,0.57,464.63,446.76
104.404,4,3,342.0,100.0,0.0,12618.0,4,6.644,99.8,0.57,461.42,446.43
104.421,4,3,342.0,100.0,0.0,12618.0,4,6.644,99.8,0.57,458.22,445.97
104.438,4,3,342.0,100.0,0.0,12618.0,4,6.644,99.8,0.57,455.05,445.36
104.455,4,3,342.0,100.0,0.0,12618.0,4,6.644,99.8,0.57,451.9,444.62
104.472,4,3,342.0,100.0,0.0,12618.0,4,6.644,99.8,0.57,448.8,443.75
104.489,4,3,342.0,100.0,0.0,12618.0,4,6.644,99.8,0.57,445.73,442.73
104.506,4,3,342.0,100.0,0.0,12618.0,4,6.644,99.8,0.57,442.89,441.66
104.522,4,3,342.0,100.0,0.0,12618.0,4,6.644,99.8,0.57,439.92,440.38
104.538,4,3,342.0,100.0,0.0,12618.0,4,6.644,99.8,0.57,437.18,439.06
104.555,4,3,342.0,100.0,0.0,12618.0,4,6.644,99.8,0.57,434.34,437.53
104.572,4,3,342.0,100.0,0.0,12618.0,4,6.644,99.8,0.57,431.56,435.88
104.589,4,3,342.0,100.0,0.0,12618.0,4,6.644,99.8,0.57,428.86,434.1
104.606,4,3,342.0,100.0,0.0,12618.0,4,6.644,99.8,0.57,426.24,432.22
104.625,4,3,342.0,100.0,0.0,12618.0,4,6.644,99.8,0.57,423.7,430.21
104.64,4,3,342.0,100.0,0.0,12618.0,4,6.644,99.8,0.57,421.4,428.23
104.656,4,3,342.0,100.0,0.0,12618.0,4,6.644,99.8,0.57,419.05,426.02
104.673,4,3,342.0,100.0,0.0,12618.0,4,6.644,99.8,0.57,416.8,423.7
104.689,4,3,342.0,100.0,0.0,12618.0,4,6.644,99.8,0.57,414.77,421.43
104.706,4,3,342.0,100.0,0.0,12618.0,4,6.644,99.8,0.58,412.73,418.93
104.724,4,3,342.0,100.0,0.0,12618.0,4,6.644,99.8,0.58,410.8,416.34
104.74,4,3,342.0,100.0,0.0,12618.0,4,6.644,99.8,0.58,409.09,413.83
104.756,4,3,342.0,100.0,0.0,12618.0,4,6.644,99.8,0.58,407.49,411.24
104.772,4,3,342.0,100.0,0.0,12618.0,4,6.644,99.8,0.58,405.91,408.42
104.789,4,3,342.0,100.0,0.0,12618.0,4,6.644,99.8,0.58,404.54,405.71
104.805,4,3,342.0,100.0,0.0,12618.0,4,6.644,99.8,0.58,403.3,402.94
104.821,4,3,342.0,100.0,0.0,12618.0,4,6.644,99.8,0.58,402.1,399.94
104.838,4,3,342.0,100.0,0.0,12618.0,4,6.644,99.8,0.58,401.04,396.89
104.855,4,3,342.0,100.0,0.0,12618.0,4,6.644,99.8,0.58,400.16,393.98
104.871,4,3,342.0,100.0,0.0,12618.0,4,6.644,99.8,0.58,399.37,390.84
104.888,4,3,342.0,100.0,0.0,12618.0,4,6.644,99.8,0.58,398.71,387.68
104.905,4,3,342.0,100.0,0.0,12618.0,4,6.644,99.8,0.58,398.22,384.68
104.921,4,3,342.0,100.0,0.0,12618.0,4,6.644,99.8,0.58,397.85,381.47
104.938,4,3,342.0,100.0,0.0,12618.0,4,6.644,99.8,0.58,397.61,378.25
104.955,4,3,342.0,100.0,0.0,12618.0,4,6.644,99.8,0.58,397.52,375.21
104.971,4,3,342.0,100.0,0.0,12618.0,4,6.644,99.8,0.58,397.56,371.98
104.988,4,3,342.0,100.0,0.0,12618.0,4,6.644,99.8,0.58,397.73,368.95
105.004,4,3,342.0,100.0,0.0,12618.0,4,6.644,99.8,0.58,398.06,365.74
105.02,4,3,342.0,100.0,0.0,12618.0,4,6.644,99.8,0.58,398.49,362.73
105.037,4,3,342.0,100.0,0.0,12618.0,4,6.644,99.8,0.58,399.1,359.55
105.055,4,3,342.0,100.0,0.0,12618.0,4,6.644,99.8,0.58,399.84,356.41
105.071,4,3,342.0,100.0,0.0,12618.0,4,6.644,99.8,0.58,400.54,353.45
105.086,4,3,342.0,100.0,0.0,12618.0,4,6.644,99.8,0.58,401.23,350.49
105.103,4,3,342.0,100.0,0.0,12618.0,4,6.644,99.8,0.58,401.98,347.35
105.12,4,3,342.0,100.0,0.0,12618.0,4,6.644,99.8,0.58,402.67,344.39
105.137,4,3,342.0,100.0,0.0,12618.0,4,6.644,99.8,0.58,403.41,341.25
105.153,4,3,342.0,100.0,0.0,12618.0,4,6.644,99.8,0.58,404.16,338.1
105.171,4,3,342.0,100.0,0.0,12618.0,4,6.644,99.8,0.58,404.9,334.96
105.188,4,3,342.0,100.0,0.0,12618.0,4,6.644,99.8,0.58,405.64,331.81
105.204,4,3,342.0,100.0,0.0,12618.0,4,6.644,99.8,0.58,406.34,328.86
105.22,4,3,342.0,100.0,0.0,12618.0,4,6.644,99.8,0.58,407.08,325.71
105.238,4,3,342.0,100.0,0.0,12618.0,4,6.644,99.8,0.58,407.82,322.57
105.254,4,3,342.0,100.0,0.0,12618.0,4,6.644,99.8,0.58,408.56,319.42
105.27,4,3,342.0,100.0,0.0,12618.0,4,6.644,99.8,0.58,409.26,316.47
105.288,4,3,342.0,100.0,0.0,12618.0,4,6.644,99.8,0.58,410.04,313.14
105.306,4,3,342.0,100.0,0.0,12618.0,4,6.644,99.8,0.58,410.79,309.99
105.322,4,3,342.0,100.0,0.0,12618.0,4,6.644,99.8,0.58,411.53,306.85
105.338,4,3,342.0,100.0,0.0,12618.0,4,6.644,99.8,0.58,412.22,303.89
105.354,4,3,342.0,100.0,0.0,12618.0,4,6.644,99.8,0.58,412.92,300.93
105.37,4,3,342.0,100.0,0.0,12618.0,4,6.644,99.8,0.58,413.62,297.97
105.386,4,3,342.0,100.0,0.0,12618.0,4,6.644,99.8,0.58,414.32,295.01
105.404,4,3,342.0,100.0,0.0,12618.0,4,6.644,99.8,0.58,415.06,291.87
105.42,4,3,342.0,100.0,0.0,12618.0,4,6.644,99.8,0.58,415.76,288.91
105.436,4,3,342.0,100.0,0.0,12618.0,4,6.644,99.8,0.58,416.5,285.77
105.453,4,3,342.0,100.0,0.0,12618.0,4,6.644,99.8,0.58,417.24,282.62
105.469,4,3,342.0,100.0,0.0,12618.0,4,6.644,99.8,0.58,417.94,279.67
105.485,4,3,342.0,100.0,0.0,12618.0,4,6.644,99.8,0.58,418.64,276.71
105.501,4,3,342.0,100.0,0.0,12618.0,4,6.644,99.8,0.58,419.33,273.75
105.518,4,3,342.0,100.0,0.0,12618.0,4,6.644,99.8,0.58,420.07,270.6
105.534,4,3,342.0,100.0,0.0,12618.0,4,6.644,99.8,0.58,420.77,267.64
105.55,4,3,342.0,100.0,0.0,12618.0,4,6.644,99.8,0.58,421.47,264.69
105.567,4,3,342.0,100.0,0.0,12618.0,4,6.644,99.8,0.58,422.21,261.54
105.585,4,3,342.0,100.0,0.0,12618.0,4,6.644,99.8,0.58,423.0,258.21
105.603,4,3,342.0,100.0,0.0,12618.0,4,6.644,99.8,0.58,423.74,255.07
105.619,4,3,342.0,100.0,0.0,12618.0,4,6.644,99.8,0.58,424.48,251.93
105.635,4,3,342.0,100.0,0.0,12618.0,4,6.644,99.8,0.58,425.18,248.97
105.653,4,3,342.0,100.0,0.0,12618.0,4,6.644,99.8,0.58,425.92,245.82
105.669,4,3,342.0,100.0,0.0,12618.0,4,6.644,99.8,0.58,426.66,242.68
105.686,4,3,342.0,100.0,0.0,12618.0,4,6.644,99.8,0.58,427.4,239.54
105.704,4,3,342.0,100.0,0.0,12618.0,4,6.644,99.8,0.58,428.14,236.39
105.72,4,3,342.0,100.0,0.0,12618.0,4,6.644,99.8,0.58,428.97,233.47
105.736,4,3,342.0,100.0,0.0,12618.0,4,6.644,99.8,0.58,429.98,230.4
105.753,4,3,342.0,100.0,0.0,12618.0,4,6.644,99.8,0.58,431.13,227.38
105.77,4,3,342.0,100.0,0.0,12618.0,4,6.644,99.8,0.58,432.33,224.59
105.786,4,3,342.0,100.0,0.0,12618.0,4,6.644,99.8,0.58,433.73,221.68
105.803,4,3,342.0,100.0,0.0,12618.0,4,6.644,99.8,0.58,435.26,218.83
105.82,4,3,342.0,100.0,0.0,12618.0,4,6.644,99.8,0.58,436.82,216.22
105.836,4,3,342.0,100.0,0.0,12618.0,4,6.644,99.8,0.58,438.59,213.52
105.853,4,3,342.0,100.0,0.0,12618.0,4,6.644,99.8,0.58,440.48,210.9
105.87,4,3,342.0,100.0,0.0,12618.0,4,6.644,99.8,0.58,442.48,208.36
105.887,4,3,342.0,100.0,0.0,12618.0,4,6.644,99.8,0.58,444.59,205.92
105.903,4,3,342.0,100.0,0.0,12618.0,4,6.644,99.8,0.58,446.67,203.7
105.92,4,3,342.0,100.0,0.0,12618.0,4,6.644,99.8,0.58,448.98,201.45
105.936,4,3,342.0,100.0,0.0,12618.0,4,6.644,99.8,0.58,451.25,199.43
105.952,4,3,342.0,100.0,0.0,12618.0,4,6.644,99.8,0.58,453.61,197.5
105.97,4,3,342.0,100.0,0.0,12618.0,4,6.644,99.8,0.58,456.2,195.57
105.986,4,3,342.0,100.0,0.0,12618.0,4,6.644,99.8,0.58,458.87,193.76
106.003,4,3,342.0,100.0,0.0,12618.0,4,6.644,99.8,0.58,461.61,192.06
106.02,4,3,342.0,100.0,0.0,12618.0,4,6.644,99.8,0.58,464.43,190.48
106.037,4,3,342.0,100.0,0.0,12618.0,4,6.644,99.8,0.58,467.32,189.03
106.053,4,3,342.0,100.0,0.0,12618.0,4,6.644,99.79,0.58,470.09,187.78
106.07,4,3,342.0,100.0,0.0,12618.0,4,6.644,99.79,0.58,473.09,186.58
106.087,4,3,342.0,100.0,0.0,12618.0,4,6.644,99.79,0.58,476.14,185.52
106.104,4,3,342.0,100.0,0.0,12618.0,4,6.644,99.79,0.58,479.23,184.59
106.121,4,3,342.0,100.0,0.0,12618.0,4,6.644,99.79,0.58,482.18,183.84
106.137,4,3,342.0,100.0,0.0,12618.0,4,6.644,99.79,0.58,485.34,183.19
106.154,4,3,342.0,100.0,0.0,12618.0,4,6.644,99.79,0.58,488.53,182.67
106.171,4,3,342.0,100.0,0.0,12618.0,4,6.644,99.79,0.58,491.55,182.31
106.187,4,3,342.0,100.0,0.0,12618.0,4,6.644,99.79,0.58,494.58,182.09
106.203,4,3,342.0,100.0,0.0,12618.0,4,6.644,99.79,0.58,497.81,181.99
106.22,4,3,342.0,100.0,0.0,12618.0,4,6.644,99.79,0.58,500.85,182.03
106.235,4,3,342.0,100.0,0.0,12618.0,4,6.644,99.79,0.58,503.89,182.2
106.252,4,3,342.0,100.0,0.0,12618.0,4,6.644,99.79,0.58,507.1,182.53
106.269,4,3,342.0,100.0,0.0,12618.0,4,6.644,99.79,0.58,510.3,182.99
106.286,4,3,342.0,100.0,0.0,12618.0,4,6.644,99.79,0.58,513.47,183.6
106.304,4,3,342.0,100.0,0.0,12618.0,4,6.644,99.79,0.58,516.61,184.34
106.32,4,3,342.0,100.0,0.0,12618.0,4,6.644,99.79,0.58,519.54,185.16
106.335,4,3,342.0,100.0,0.0,12618.0,4,6.644,99.79,0.58,522.42,186.12
106.352,4,3,342.0,100.0,0.0,12618.0,4,6.644,99.79,0.58,525.27,187.2
106.368,4,3,342.0,100.0,0.0,12618.0,4,6.644,99.79,0.58,528.23,188.47
106.385,4,3,342.0,100.0,0.0,12618.0,4,6.644,99.79,0.58,531.14,189.88
106.402,4,3,342.0,100.0,0.0,12618.0,4,6.644,99.79,0.58,533.99,191.41
106.419,4,3,342.0,100.0,0.0,12618.0,4,6.644,99.79,0.58,536.76,193.06
106.436,4,3,342.0,100.0,0.0,12618.0,4,6.644,99.79,0.58,539.46,194.83
106.452,4,3,342.0,100.0,0.0,12618.0,4,6.644,99.79,0.58,541.93,196.61
106.469,4,3,342.0,100.0,0.0,12618.0,4,6.644,99.79,0.58,544.32,198.49
106.485,4,3,342.0,100.0,0.0,12618.0,4,6.644,99.79,0.58,546.62,200.48
106.5,4,3,342.0,100.0,0.0,12618.0,4,6.644,99.79,0.58,548.83,202.56
106.517,4,3,342.0,100.0,0.0,12618.0,4,6.644,99.79,0.59,551.09,204.87
106.534,4,3,342.0,100.0,0.0,12618.0,4,6.644,99.79,0.59,553.11,207.14
106.55,4,3,342.0,100.0,0.0,12618.0,4,6.644,99.79,0.59,555.15,209.64
106.567,4,3,342.0,100.0,0.0,12618.0,4,6.644,99.79,0.59,557.08,212.23
106.584,4,3,342.0,100.0,0.0,12618.0,4,6.644,99.79,0.59,558.79,214.75
106.6,4,3,342.0,100.0,0.0,12618.0,4,6.644,99.79,0.59,560.39,217.33
106.616,4,3,342.0,100.0,0.0,12618.0,4,6.644,99.79,0.59,561.97,220.15
106.633,4,3,342.0,100.0,0.0,12618.0,4,6.644,99.79,0.59,563.42,223.04
106.651,4,3,342.0,100.0,0.0,12618.0,4,6.644,99.79,0.59,564.75,225.98
106.666,4,3,342.0,100.0,0.0,12618.0,4,6.644,99.79,0.59,565.87,228.8
106.683,4,3,342.0,100.0,0.0,12618.0,4,6.644,99.79,0.59,566.94,231.85
106.7,4,3,342.0,100.0,0.0,12618.0,4,6.644,99.79,0.59,567.81,234.77
106.716,4,3,342.0,100.0,0.0,12618.0,4,6.644,99.79,0.59,568.61,237.9
106.733,4,3,342.0,100.0,0.0,12618.0,4,6.644,99.79,0.59,569.23,240.87
106.748,4,3,342.0,100.0,0.0,12618.0,4,6.644,99.79,0.59,569.71,243.87
106.765,4,3,342.0,100.0,0.0,12618.0,4,6.644,99.79,0.59,570.09,247.08
106.782,4,3,342.0,100.0,0.0,12618.0,4,6.644,99.79,0.59,570.33,250.3
106.799,4,3,342.0,100.0,0.0,12618.0,4,6.644,99.79,0.59,570.42,253.34
106.815,4,3,342.0,100.0,0.0,12618.0,4,6.644,99.79,0.59,570.38,256.57
106.832,4,3,342.0,100.0,0.0,12618.0,4,6.644,99.79,0.59,570.19,259.8
106.85,4,3,342.0,100.0,0.0,12618.0,4,6.644,99.79,0.59,570.01,263.02
106.866,4,3,342.0,100.0,0.0,12618.0,4,6.644,99.79,0.59,569.83,266.25
106.883,4,3,342.0,100.0,0.0,12618.0,4,6.644,99.79,0.59,569.65,269.28
106.9,4,3,342.0,100.0,0.0,12618.0,4,6.644,99.79,0.59,569.47,272.5
106.916,4,3,342.0,100.0,0.0,12618.0,4,6.644,99.79,0.59,569.28,275.73
106.932,4,3,342.0,100.0,0.0,12618.0,4,6.644,99.79,0.59,569.11,278.76
106.95,4,3,342.0,100.0,0.0,12618.0,4,6.644,99.79,0.59,568.92,282.18
106.967,4,3,342.0,100.0,0.0,12618.0,4,6.644,99.79,0.59,568.73,285.4
106.984,4,3,342.0,100.0,0.0,12618.0,4,6.644,99.79,0.59,568.56,288.44
107.0,4,3,342.0,100.0,0.0,12618.0,4,6.644,99.79,0.59,568.37,291.66
107.018,4,3,342.0,100.0,0.0,12618.0,4,6.644,99.79,0.59,568.19,294.89
107.034,4,3,342.0,100.0,0.0,12618.0,4,6.644,99.79,0.59,568.0,298.11
107.051,4,3,342.0,100.0,0.0,12618.0,4,6.644,99.79,0.59,567.82,301.34
107.067,4,3,342.0,100.0,0.0,12618.0,4,6.644,99.79,0.59,567.65,304.37
107.084,4,3,342.0,100.0,0.0,12618.0,4,6.644,99.79,0.59,567.47,307.41
107.099,4,3,342.0,100.0,0.0,12618.0,4,6.644,99.79,0.59,567.3,310.44
107.116,4,3,342.0,100.0,0.0,12618.0,4,6.644,99.79,0.59,567.12,313.67
107.133,4,3,342.0,100.0,0.0,12618.0,4,6.644,99.79,0.59,566.93,316.89
107.15,4,3,342.0,100.0,0.0,12618.0,4,6.644,99.79,0.59,566.75,320.12
107.166,4,3,342.0,100.0,0.0,12618.0,4,6.644,99.79,0.59,566.57,323.15
107.183,4,3,342.0,100.0,0.0,12618.0,4,6.644,99.79,0.59,566.39,326.38
107.2,4,3,342.0,100.0,0.0,12618.0,4,6.644,99.79,0.59,566.22,329.41
107.215,4,3,342.0,100.0,0.0,12618.0,4,6.644,99.79,0.59,566.04,332.45
107.232,4,3,342.0,100.0,0.0,12618.0,4,6.644,99.79,0.59,565.87,335.48
107.248,4,3,342.0,100.0,0.0,12618.0,4,6.644,99.79,0.59,565.7,338.52
107.263,4,3,342.0,100.0,0.0,12618.0,4,6.644,99.79,0.59,565.52,341.55
107.279,4,3,342.0,100.0,0.0,12618.0,4,6.644,99.79,0.59,565.35,344.59
107.296,4,3,342.0,100.0,0.0,12618.0,4,6.644,99.79,0.59,565.17,347.81
107.313,4,3,342.0,100.0,0.0,12618.0,4,6.644,99.79,0.59,564.98,351.04
107.33,4,3,342.0,100.0,0.0,12618.0,4,6.644,99.79,0.59,564.8,354.26
107.348,4,3,342.0,100.0,0.0,12618.0,4,6.644,99.79,0.59,564.61,357.49
107.364,4,3,341.55,100.0,100.0,12618.0,4,-7.288,99.79,0.59,564.43,360.71
107.38,4,3,341.13,100.0,100.0,12602.0,4,-7.28,99.79,0.59,564.26,363.73
107.396,4,3,340.72,100.0,100.0,12586.0,4,-7.272,99.79,0.59,564.08,366.76
107.412,4,3,340.3,100.0,100.0,12571.0,4,-7.264,99.79,0.59,563.91,369.78
107.429,4,3,339.85,100.0,100.0,12555.0,4,-7.256,99.79,0.59,563.73,372.98
107.445,4,3,339.44,100.0,100.0,12539.0,4,-7.248,99.79,0.59,563.56,375.99
107.462,4,3,339.02,100.0,100.0,12523.0,4,-7.24,99.79,0.59,563.38,379.0
107.478,4,3,338.58,100.0,100.0,12508.0,4,-7.232,99.79,0.59,563.2,382.2
107.495,4,3,338.16,100.0,100.0,12492.0,4,-7.224,99.79,0.59,563.03,385.2
107.511,4,3,337.72,100.0,100.0,12476.0,4,-7.216,99.79,0.59,562.85,388.38
107.528,4,3,337.28,100.0,100.0,12460.0,4,-7.208,99.79,0.59,562.67,391.56
107.545,4,3,336.29,0.0,100.0,12444.0,4,-17.202,99.79,0.59,562.5,394.55
107.561,4,3,335.3,0.0,100.0,12407.0,4,-17.184,99.79,0.59,562.33,397.52
107.577,4,3,334.25,0.0,100.0,12371.0,4,-17.165,99.79,0.59,562.15,400.67
107.593,4,3,333.26,0.0,100.0,12332.0,4,-17.146,99.79,0.59,561.98,403.63
107.609,4,3,332.27,0.0,100.0,12296.0,4,-17.128,99.79,0.59,561.81,406.58
107.626,4,3,331.29,0.0,100.0,12259.0,4,-17.11,99.79,0.59,561.64,409.52
107.642,4,3,330.3,0.0,100.0,12223.0,4,-17.092,99.79,0.59,561.47,412.45
107.659,4,3,329.26,0.0,100.0,12186.0,4,-17.074,99.79,0.59,561.3,415.55
107.675,4,3,328.27,0.0,100.0,12148.0,4,-17.055,99.79,0.59,561.13,418.47
107.69,4,3,327.29,0.0,100.0,12112.0,4,-17.037,99.79,0.59,560.96,421.37
107.707,4,3,326.25,0.0,100.0,12075.0,4,-17.019,99.79,0.59,560.79,424.45
107.723,4,3,325.27,0.0,100.0,12037.0,4,-17.0,99.79,0.59,560.62,427.34
107.74,4,3,324.23,0.0,100.0,12001.0,4,-16.983,99.79,0.59,560.45,430.39
107.756,4,3,323.26,0.0,100.0,11963.0,4,-16.964,99.79,0.59,560.28,433.26
107.773,4,3,322.22,0.0,100.0,11927.0,4,-16.947,99.79,0.59,560.11,436.3
107.789,4,3,321.24,0.0,100.0,11888.0,4,-16.928,99.79,0.59,559.95,439.15
107.806,4,3,320.27,0.0,100.0,11852.0,4,-16.911,99.79,0.59,559.79,441.99
107.821,4,3,319.3,0.0,100.0,11816.0,4,-16.894,99.79,0.59,559.62,444.83
107.838,4,3,318.26,0.0,100.0,11780.0,4,-16.877,99.79,0.59,559.45,447.83
107.855,4,3,317.23,0.0,100.0,11742.0,4,-16.858,99.79,0.6,559.28,450.82
107.873,4,3,316.2,0.0,100.0,11704.0,4,-16.84,99.79,0.6,559.11,453.8
107.889,4,3,315.17,0.0,100.0,11666.0,4,-16.822,99.79,0.6,558.94,456.77
107.905,4,3,314.2,0.0,100.0,11628.0,4,-16.804,99.79,0.6,558.78,459.56
107.922,4,3,313.18,0.0,100.0,11593.0,4,-16.788,99.79,0.6,558.61,462.51
107.939,4,3,312.15,0.0,100.0,11555.0,4,-16.77,99.79,0.6,558.45,465.46
107.956,4,3,311.13,0.0,100.0,11517.0,4,-16.752,99.79,0.6,558.28,468.39
107.973,4,3,310.1,0.0,100.0,11479.0,4,-16.734,99.79,0.6,558.11,471.31
107.989,4,3,309.14,0.0,100.0,11441.0,4,-16.717,99.79,0.6,557.95,474.06
108.006,4,3,308.12,0.0,100.0,11406.0,4,-16.7,99.79,0.6,557.79,476.96
108.023,4,3,307.09,0.0,100.0,11368.0,4,-16.683,99.79,0.6,557.62,479.86
108.04,4,3,306.13,0.0,100.0,11330.0,4,-16.666,99.79,0.6,557.47,482.57
108.056,4,3,305.12,0.0,100.0,11295.0,4,-16.649,99.79,0.6,557.3,485.45
108.074,4,3,304.1,0.0,100.0,11257.0,4,-16.632,99.79,0.6,557.14,488.32
108.09,4,3,303.08,0.0,100.0,11220.0,4,-16.615,99.79,0.6,556.98,491.18
108.107,4,3,302.07,0.0,100.0,11182.0,4,-16.598,99.79,0.6,556.81,494.03
108.125,4,3,301.05,0.0,100.0,11145.0,4,-16.581,99.79,0.6,556.65,496.86
108.141,4,3,300.1,0.0,100.0,11107.0,4,-16.564,99.79,0.6,556.5,499.53
108.157,4,3,299.08,0.0,100.0,11072.0,4,-16.548,99.79,0.6,556.34,502.35
108.174,4,3,298.13,0.0,100.0,11035.0,4,-16.532,99.79,0.6,556.19,504.99
108.19,4,3,297.12,0.0,100.0,11000.0,4,-16.516,99.79,0.6,555.92,507.79
108.207,4,3,296.17,0.0,100.0,10962.0,4,-16.499,99.79,0.6,555.57,510.4
108.222,4,3,295.22,0.0,100.0,10927.0,4,-16.484,99.79,0.6,555.13,512.98
108.239,4,3,294.21,0.0,100.0,10892.0,4,-16.468,99.79,0.6,554.55,515.7
108.256,4,3,293.21,0.0,100.0,10855.0,4,-16.452,99.79,0.6,553.88,518.39
108.273,4,3,292.2,0.0,100.0,10818.0,4,-16.436,99.79,0.6,553.11,521.04
108.289,4,3,291.25,0.0,100.0,10781.0,4,-16.419,99.79,0.6,552.3,523.49
108.306,4,3,290.25,0.0,100.0,10746.0,4,-16.404,99.79,0.6,551.34,526.06
108.323,4,3,289.25,0.0,100.0,10709.0,4,-16.388,99.79,0.6,550.29,528.59
108.34,4,3,288.25,0.0,100.0,10672.0,4,-16.372,99.79,0.6,549.16,531.06
108.358,4,3,287.24,0.0,100.0,10635.0,4,-16.356,99.79,0.6,547.93,533.48
108.373,4,3,286.3,0.0,100.0,10598.0,4,-16.34,99.79,0.6,546.71,535.71
108.389,4,3,285.36,0.0,100.0,10563.0,4,-16.325,99.79,0.6,545.4,537.89
108.406,4,3,284.37,0.0,100.0,10528.0,4,-16.31,99.79,0.6,543.94,540.14
108.423,4,3,283.37,0.0,100.0,10492.0,4,-16.295,99.79,0.6,542.4,542.33
108.44,4,3,282.37,0.0,100.0,10455.0,4,-16.279,99.79,0.6,540.79,544.45
108.456,4,3,281.43,0.0,100.0,10418.0,4,-16.264,99.79,0.6,539.21,546.39
108.473,4,3,280.5,0.0,100.0,10384.0,4,-16.249,99.79,0.6,537.56,548.27
108.488,4,3,279.56,0.0,100.0,10349.0,4,-16.235,99.79,0.6,535.86,550.07
108.505,4,3,278.57,0.0,100.0,10315.0,4,-16.22,99.79,0.6,533.99,551.92
108.522,4,3,277.58,0.0,100.0,10278.0,4,-16.205,99.79,0.6,532.06,553.7
108.539,4,3,276.65,0.0,100.0,10241.0,4,-16.19,99.79,0.6,530.19,555.3
108.555,4,3,275.72,0.0,100.0,10207.0,4,-16.175,99.79,0.6,528.27,556.83
108.571,4,3,274.73,0.0,100.0,10173.0,4,-16.161,99.79,0.6,526.19,558.37
108.588,4,3,273.8,0.0,100.0,10136.0,4,-16.146,99.79,0.6,524.19,559.75
108.604,4,3,272.81,0.0,100.0,10102.0,4,-16.132,99.79,0.61,522.01,561.14
108.621,4,3,271.82,0.0,100.0,10065.0,4,-16.117,99.79,0.61,519.81,562.45
108.638,4,3,270.84,0.0,100.0,10029.0,4,-16.102,99.79,0.61,517.56,563.67
108.655,4,3,269.85,0.0,100.0,9993.0,4,-16.088,99.79,0.61,515.28,564.82
108.671,4,3,268.93,0.0,100.0,9956.0,4,-16.073,99.79,0.61,513.11,565.81
108.688,4,3,268.0,0.0,100.0,9922.0,4,-16.059,99.79,0.61,510.91,566.73
108.705,4,3,266.96,0.0,100.0,9888.0,4,-16.045,99.79,0.61,508.42,567.68
108.722,4,3,265.98,0.0,100.0,9850.0,4,-16.03,99.79,0.61,506.04,568.49
108.738,4,3,265.06,0.0,100.0,9813.0,4,-16.016,99.79,0.61,503.78,569.18
108.755,4,3,264.08,0.0,100.0,9779.0,4,-16.002,99.79,0.61,501.37,569.82
108.772,4,3,263.1,0.0,100.0,9743.0,4,-15.988,99.79,0.61,498.95,570.38
108.789,4,3,262.12,0.0,100.0,9707.0,4,-15.974,99.79,0.61,496.52,570.86
108.806,4,3,261.15,0.0,100.0,9671.0,4,-15.959,99.79,0.61,494.09,571.25
108.823,4,3,260.23,0.0,100.0,9635.0,4,-15.945,99.79,0.61,491.8,571.55
108.839,4,3,259.25,0.0,100.0,9601.0,4,-15.932,99.79,0.61,489.36,571.78
108.856,4,3,258.28,0.0,100.0,9565.0,4,-15.918,99.79,0.61,486.92,571.93
108.873,4,3,257.31,0.0,100.0,9529.0,4,-15.904,99.79,0.61,484.49,572.0
108.89,4,3,256.39,0.0,100.0,9493.0,4,-15.89,99.79,0.61,482.21,571.99
108.906,4,3,255.42,0.0,100.0,9460.0,4,-15.877,99.79,0.61,479.8,571.9
108.924,4,3,254.45,0.0,100.0,9424.0,4,-15.864,99.79,0.61,477.41,571.73
108.94,4,3,253.48,0.0,100.0,9388.0,4,-15.85,99.79,0.61,475.02,571.49
108.957,4,3,252.51,0.0,100.0,9352.0,4,-15.836,99.79,0.61,472.66,571.17
108.974,4,3,251.54,0.0,100.0,9316.0,4,-15.823,99.79,0.61,470.32,570.78
108.991,4,3,250.57,0.0,100.0,9281.0,4,-15.809,99.79,0.61,468.0,570.31
109.007,4,3,249.66,0.0,100.0,9245.0,4,-15.796,99.79,0.61,465.84,569.81
109.024,4,3,248.7,0.0,100.0,9211.0,4,-15.783,99.79,0.61,463.57,569.2
109.041,4,3,247.79,0.0,100.0,9176.0,4,-15.77,99.79,0.61,461.46,568.57
109.057,4,3,246.82,0.0,100.0,9142.0,4,-15.758,99.79,0.61,459.25,567.82
109.075,4,3,245.86,0.0,100.0,9107.0,4,-15.745,99.79,0.61,457.07,567.01
109.091,4,3,244.95,0.0,100.0,9071.0,4,-15.731,99.79,0.61,455.06,566.19
109.107,4,3,244.05,0.0,100.0,9038.0,4,-15.719,99.79,0.61,453.07,565.31
109.123,4,3,243.09,0.0,100.0,9004.0,4,-15.707,99.79,0.61,451.01,564.31
109.139,4,3,242.18,0.0,100.0,8969.0,4,-15.694,99.79,0.61,449.1,563.32
109.156,4,3,241.28,0.0,100.0,8935.0,4,-15.682,99.79,0.61,447.23,562.27
109.172,4,3,240.32,0.0,100.0,8902.0,4,-15.67,99.79,0.61,445.28,561.1
109.189,4,3,239.42,0.0,100.0,8867.0,4,-15.657,99.79,0.61,443.49,559.95
109.205,4,3,238.52,0.0,100.0,8833.0,4,-15.645,99.79,0.61,441.75,558.75
109.221,4,3,237.56,0.0,100.0,8800.0,4,-15.633,99.79,0.61,439.94,557.42
109.238,4,3,236.61,0.0,100.0,8765.0,4,-15.621,99.79,0.61,438.17,556.05
109.255,4,3,235.71,0.0,100.0,8730.0,4,-15.608,99.79,0.61,436.56,554.71
109.271,4,3,234.75,0.0,100.0,8696.0,4,-15.597,99.79,0.61,434.9,553.24
109.288,4,3,233.85,0.0,100.0,8661.0,4,-15.584,99.79,0.61,433.38,551.82
109.303,4,3,232.96,0.0,100.0,8628.0,4,-15.573,99.79,0.61,431.92,550.36
109.32,4,3,232.0,0.0,100.0,8595.0,4,-15.561,99.79,0.61,430.41,548.77
109.337,4,3,231.05,0.0,100.0,8560.0,4,-15.549,99.79,0.61,428.95,547.14
109.353,4,3,230.16,0.0,100.0,8525.0,4,-15.537,99.79,0.61,427.64,545.58
109.37,4,3,229.21,0.0,100.0,8492.0,4,-15.525,99.79,0.61,426.29,543.88
109.387,4,3,228.26,0.0,100.0,8457.0,4,-15.513,99.79,0.61,425.0,542.15
109.404,4,3,227.37,0.0,100.0,8422.0,4,-15.501,99.79,0.62,423.84,540.5
109.42,4,3,226.47,0.0,100.0,8389.0,4,-15.49,99.79,0.62,422.73,538.82
109.436,4,3,225.53,0.0,100.0,8356.0,4,-15.479,99.79,0.62,421.61,537.01
109.453,4,3,224.58,0.0,100.0,8321.0,4,-15.467,99.79,0.62,420.54,535.17
109.47,4,3,223.69,0.0,100.0,8286.0,4,-15.455,99.79,0.62,419.6,533.43
109.486,4,3,222.74,0.0,100.0,8253.0,4,-15.444,99.79,0.62,418.64,531.55
109.503,4,3,221.86,0.0,100.0,8218.0,4,-15.433,99.79,0.62,417.8,529.77
109.519,4,3,220.91,0.0,100.0,8185.0,4,-15.422,99.79,0.62,416.97,527.85
109.537,4,3,219.97,0.0,100.0,8151.0,4,-15.41,99.79,0.62,416.19,525.93
109.554,4,3,218.97,0.0,100.0,8116.0,4,-15.399,99.79,0.62,415.42,523.88
109.571,4,3,218.08,0.0,100.0,8079.0,4,-15.387,99.79,0.62,414.8,522.04
109.587,4,3,217.14,0.0,100.0,8046.0,4,-15.376,99.79,0.62,414.19,520.08
109.604,4,3,216.26,0.0,100.0,8012.0,4,-15.365,99.79,0.62,413.67,518.23
109.62,4,3,215.32,0.0,100.0,7979.0,4,-15.354,99.79,0.62,413.17,516.26
109.637,4,3,214.44,0.0,100.0,7944.0,4,-15.343,99.79,0.62,412.76,514.4
109.653,4,3,213.5,0.0,100.0,7912.0,4,-15.332,99.79,0.62,412.38,512.42
109.67,4,3,212.56,0.0,100.0,7877.0,4,-15.321,99.79,0.62,412.05,510.44
109.688,4,3,211.62,0.0,100.0,7842.0,4,-15.31,99.79,0.62,411.78,508.46
109.705,4,3,210.69,0.0,100.0,7808.0,4,-15.299,99.79,0.62,411.56,506.48
109.721,4,3,209.75,0.0,100.0,7773.0,4,-15.288,99.79,0.62,411.39,504.51
109.738,4,3,208.82,0.0,100.0,7739.0,4,-15.277,99.79,0.62,411.28,502.54
109.755,4,3,207.94,0.0,100.0,7704.0,4,-15.267,99.79,0.62,411.22,500.69
109.771,4,3,207.0,0.0,100.0,7672.0,4,-15.257,99.79,0.62,411.21,498.74
109.788,4,3,206.12,0.0,100.0,7637.0,4,-15.246,99.79,0.62,411.25,496.9
109.805,4,3,205.19,0.0,100.0,7605.0,4,-15.236,99.79,0.62,411.35,494.97
109.821,4,3,204.31,0.0,100.0,7571.0,4,-15.225,99.79,0.62,411.48,493.16
109.837,4,3,203.44,0.0,100.0,7538.0,4,-15.215,99.79,0.62,411.66,491.36
109.854,4,3,202.51,0.0,100.0,7506.0,4,-15.205,99.79,0.62,411.91,489.46
109.87,4,3,201.58,0.0,100.0,7472.0,4,-15.195,99.79,0.62,412.19,487.58
109.887,4,3,200.65,0.0,100.0,7437.0,4,-15.185,99.79,0.62,412.53,485.71
109.904,4,3,199.77,0.0,100.0,7403.0,4,-15.174,99.79,0.62,412.89,483.98
109.921,4,3,198.85,0.0,100.0,7371.0,4,-15.165,99.79,0.62,413.31,482.15
109.937,4,3,197.92,0.0,100.0,7336.0,4,-15.155,99.79,0.62,413.78,480.34
109.955,4,3,196.99,0.0,100.0,7302.0,4,-15.144,99.79,0.62,414.29,478.55
109.971,4,3,196.07,0.0,100.0,7268.0,4,-15.134,99.79,0.62,414.85,476.78
109.988,4,3,195.14,0.0,100.0,7234.0,4,-15.124,99.79,0.62,415.44,475.04
110.005,4,3,194.22,0.0,100.0,7200.0,4,-15.114,99.79,0.62,416.08,473.32
110.022,4,3,193.35,0.0,100.0,7166.0,4,-15.104,99.79,0.62,416.71,471.72
110.038,4,3,192.42,0.0,100.0,7133.0,4,-15.095,99.79,0.62,417.42,470.05
110.055,4,3,191.5,0.0,100.0,7099.0,4,-15.085,99.79,0.62,418.17,468.4
110.073,4,3,190.58,0.0,100.0,7065.0,4,-15.075,99.79,0.62,418.96,466.78
110.089,4,3,189.71,0.0,100.0,7031.0,4,-15.066,99.79,0.62,419.73,465.28
110.105,4,3,188.79,0.0,100.0,6999.0,4,-15.057,99.79,0.62,420.58,463.72
110.123,4,3,187.87,0.0,100.0,6965.0,4,-15.047,99.79,0.62,421.47,462.18
110.139,4,3,187.0,0.0,100.0,6931.0,4,-15.037,99.79,0.62,422.34,460.76
110.155,4,3,186.08,0.0,100.0,6899.0,4,-15.028,99.79,0.62,423.29,459.28
110.172,4,3,185.21,0.0,100.0,6865.0,4,-15.019,99.79,0.62,424.21,457.92
110.187,4,3,184.35,0.0,100.0,6833.0,4,-15.01,99.79,0.62,425.16,456.58
110.205,4,3,183.38,0.0,100.0,6802.0,4,-15.001,99.79,0.62,426.26,455.12
110.222,4,3,182.46,0.0,100.0,6766.0,4,-14.991,99.79,0.63,427.32,453.76
110.24,4,3,181.54,0.0,100.0,6732.0,4,-14.982,99.79,0.63,428.41,452.44
110.256,4,3,180.68,0.0,100.0,6698.0,4,-14.973,99.79,0.63,429.46,451.22
110.273,4,3,179.77,0.0,100.0,6666.0,4,-14.964,99.79,0.63,430.6,449.96
110.289,4,3,178.9,0.0,100.0,6632.0,4,-14.955,99.79,0.63,431.66,448.78
110.305,4,3,177.99,0.0,100.0,6601.0,4,-14.947,99.79,0.63,432.79,447.53
110.321,4,3,177.13,0.0,100.0,6567.0,4,-14.938,99.79,0.63,433.84,446.36
110.338,4,3,176.21,0.0,100.0,6535.0,4,-14.929,99.79,0.63,434.96,445.13
110.355,4,3,175.3,0.0,100.0,6501.0,4,-14.92,99.79,0.63,436.07,443.9
110.372,4,3,174.39,0.0,100.0,6468.0,4,-14.911,99.79,0.63,437.17,442.67
110.389,4,3,173.48,0.0,100.0,6434.0,4,-14.903,99.79,0.63,438.27,441.46
110.406,4,3,172.62,0.0,100.0,6400.0,4,-14.894,99.79,0.63,439.3,440.32
110.423,4,3,171.71,0.0,100.0,6369.0,4,-14.886,99.79,0.63,440.39,439.12
110.439,4,3,170.85,0.0,100.0,6335.0,4,-14.877,99.79,0.63,441.4,437.99
110.455,4,3,169.99,0.0,100.0,6304.0,4,-14.869,99.79,0.63,442.42,436.87
110.471,4,3,169.09,0.0,100.0,6272.0,4,-14.861,99.79,0.63,443.49,435.68
110.488,4,3,168.23,0.0,100.0,6238.0,4,-14.852,99.79,0.63,444.49,434.57
110.504,4,3,167.37,0.0,100.0,6207.0,4,-14.844,99.79,0.63,445.48,433.47
110.52,4,3,166.52,0.0,100.0,6175.0,4,-14.836,99.79,0.63,446.48,432.37
110.536,4,3,165.61,0.0,100.0,6144.0,4,-14.829,99.79,0.63,447.52,431.21
110.552,4,3,164.76,0.0,100.0,6110.0,4,-14.82,99.79,0.63,448.51,430.12
110.568,4,3,163.91,0.0,100.0,6079.0,4,-14.812,99.79,0.63,449.48,429.04
110.585,4,3,163.0,0.0,100.0,6047.0,4,-14.805,99.79,0.63,450.51,427.9
110.602,4,3,162.09,0.0,100.0,6014.0,4,-14.797,99.79,0.63,451.54,426.76
110.619,4,3,161.19,0.0,100.0,7309.0,3,-14.788,99.79,0.63,452.56,425.63
110.636,4,3,160.28,0.0,100.0,7269.0,3,-14.78,99.79,0.63,453.57,424.51
110.653,4,3,159.43,0.0,100.0,7228.0,3,-14.772,99.79,0.63,454.52,423.45
110.668,4,3,158.58,0.0,100.0,7189.0,3,-14.765,99.79,0.63,455.47,422.41
110.685,4,3,157.68,0.0,100.0,7151.0,3,-14.757,99.79,0.63,456.47,421.3
110.701,4,3,156.83,0.0,100.0,7110.0,3,-14.749,99.79,0.63,457.4,420.27
110.719,4,3,155.93,0.0,100.0,7072.0,3,-14.742,99.79,0.63,458.39,419.17
110.735,4,3,155.03,0.0,100.0,7031.0,3,-14.734,99.79,0.63,459.37,418.09
110.752,4,3,154.13,0.0,100.0,6991.0,3,-14.727,99.79,0.63,460.34,417.01
110.769,4,3,153.22,0.0,100.0,6950.0,3,-14.719,99.79,0.63,461.31,415.93
110.786,4,3,152.38,0.0,100.0,6909.0,3,-14.711,99.79,0.63,462.22,414.93
110.801,4,3,151.53,0.0,100.0,6871.0,3,-14.704,99.79,0.63,463.12,413.93
110.818,4,3,150.63,0.0,100.0,6833.0,3,-14.697,99.79,0.63,464.08,412.87
110.835,4,3,149.78,0.0,100.0,6793.0,3,-14.689,99.79,0.63,464.97,411.88
110.851,4,3,148.94,0.0,100.0,6754.0,3,-14.682,99.79,0.63,465.85,410.9
110.867,4,3,148.09,0.0,100.0,6716.0,3,-14.675,99.79,0.63,466.74,409.92
110.883,4,3,147.25,0.0,100.0,6678.0,3,-14.669,99.79,0.63,467.61,408.95
110.899,4,3,146.4,0.0,100.0,6640.0,3,-14.662,99.79,0.63,468.49,407.99
110.915,4,3,145.56,0.0,100.0,6602.0,3,-14.655,99.79,0.63,469.35,407.03
110.931,4,3,144.72,0.0,100.0,6564.0,3,-14.648,99.79,0.63,470.21,406.07
110.947,4,3,143.82,0.0,100.0,6526.0,3,-14.641,99.79,0.63,471.13,405.06
110.964,4,3,142.98,0.0,100.0,6485.0,3,-14.634,99.79,0.63,471.98,404.12
110.98,4,3,142.14,0.0,100.0,6447.0,3,-14.627,99.79,0.63,472.82,403.18
110.996,4,3,141.29,0.0,100.0,6409.0,3,-14.621,99.79,0.63,473.66,402.25
111.011,4,3,140.45,0.0,100.0,6371.0,3,-14.614,99.79,0.63,474.5,401.32
111.027,4,3,139.61,0.0,100.0,6333.0,3,-14.608,99.79,0.63,475.33,400.4
111.045,4,3,138.66,0.0,100.0,6296.0,3,-14.601,99.79,0.63,476.26,399.37
111.062,4,3,137.77,0.0,100.0,6253.0,3,-14.594,99.79,0.64,477.13,398.41
111.08,4,3,136.88,0.0,100.0,6213.0,3,-14.587,99.79,0.64,478.0,397.45
111.096,4,3,136.04,0.0,100.0,6172.0,3,-14.58,99.79,0.64,478.81,396.55
111.112,4,3,135.15,0.0,100.0,6134.0,3,-14.574,99.79,0.64,479.67,395.6
111.128,4,3,134.31,0.0,100.0,6094.0,3,-14.567,99.79,0.64,480.45,394.7
111.145,4,3,133.47,0.0,100.0,6056.0,3,-14.561,99.79,0.64,481.21,393.79
111.16,4,3,132.63,0.0,100.0,6019.0,3,-14.555,99.79,0.64,481.96,392.88
111.177,4,3,131.74,0.0,100.0,7612.0,2,-14.549,99.79,0.64,482.73,391.9
111.195,4,3,130.85,0.0,100.0,7561.0,2,-14.542,99.79,0.64,483.48,390.92
111.211,4,3,129.96,0.0,100.0,7510.0,2,-14.536,99.79,0.64,484.2,389.93
111.228,4,3,129.07,0.0,100.0,7459.0,2,-14.529,99.79,0.64,484.91,388.93
111.245,4,3,128.18,0.0,100.0,7408.0,2,-14.523,99.79,0.64,485.59,387.93
111.261,4,3,127.35,0.0,100.0,7357.0,2,-14.517,99.79,0.64,486.21,386.99
111.277,4,3,126.51,0.0,100.0,7309.0,2,-14.511,99.79,0.64,486.82,386.04
111.295,4,3,125.62,0.0,100.0,7261.0,2,-14.505,99.79,0.64,487.44,385.03
111.311,4,3,124.73,0.0,100.0,7210.0,2,-14.499,99.79,0.64,488.04,384.02
111.329,4,3,124.7,0.0,0.0,7159.0,2,-0.562,99.79,0.64,488.63,383.0
111.345,4,3,124.67,0.0,0.0,7157.0,2,-0.562,99.79,0.64,489.2,381.97
111.362,4,3,124.63,0.0,0.0,7155.0,2,-0.562,99.79,0.64,489.75,380.93
111.378,4,3,124.6,0.0,0.0,7153.0,2,-0.562,99.79,0.64,490.25,379.94
111.395,4,3,124.57,0.0,0.0,7151.0,2,-0.561,99.79,0.64,490.74,378.95
111.411,4,3,124.53,0.0,0.0,7149.0,2,-0.561,99.79,0.64,491.24,377.88
111.427,4,3,124.5,0.0,0.0,7147.0,2,-0.561,99.79,0.64,491.7,376.87
111.445,4,3,124.47,0.0,0.0,7145.0,2,-0.561,99.79,0.64,492.17,375.8
111.46,4,3,124.43,0.0,0.0,7143.0,2,-0.561,99.79,0.64,492.59,374.77
111.476,4,3,124.4,0.0,0.0,7142.0,2,-0.56,99.79,0.64,493.0,373.75
111.492,4,3,124.37,0.0,0.0,7140.0,2,-0.56,99.79,0.64,493.39,372.71
111.509,4,3,124.34,0.0,0.0,7138.0,2,-0.56,99.79,0.64,493.76,371.67
111.525,4,3,124.3,0.0,0.0,7136.0,2,-0.56,99.79,0.64,494.12,370.63
111.541,4,3,124.27,0.0,0.0,7134.0,2,-0.559,99.79,0.64,494.48,369.51
111.557,4,3,124.24,0.0,0.0,7132.0,2,-0.559,99.79,0.64,494.81,368.45
111.574,4,3,124.21,0.0,0.0,7130.0,2,-0.559,99.79,0.64,495.11,367.39
111.589,4,3,124.17,0.0,0.0,7128.0,2,-0.559,99.79,0.64,495.4,366.33
111.606,4,3,124.14,0.0,0.0,7127.0,2,-0.559,99.79,0.64,495.68,365.26
111.621,4,3,124.11,0.0,0.0,7125.0,2,-0.558,99.79,0.64,495.95,364.19
111.638,4,3,124.08,0.0,0.0,7123.0,2,-0.558,99.79,0.64,496.22,363.12
111.653,4,3,124.05,0.0,0.0,7121.0,2,-0.558,99.79,0.64,496.5,362.05
111.669,4,3,124.01,0.0,0.0,7119.0,2,-0.558,99.79,0.64,496.77,360.99
111.686,4,3,123.98,0.0,0.0,7117.0,2,-0.557,99.79,0.64,497.06,359.85
111.703,4,3,123.94,0.0,0.0,7115.0,2,-0.557,99.79,0.64,497.35,358.72
111.719,4,3,123.91,0.0,0.0,7113.0,2,-0.557,99.79,0.64,497.62,357.65
111.735,4,3,123.88,0.0,0.0,7112.0,2,-0.557,99.79,0.64,497.89,356.58
111.752,4,3,123.85,0.0,0.0,7110.0,2,-0.557,99.79,0.64,498.18,355.45
111.769,4,3,123.81,0.0,0.0,7108.0,2,-0.556,99.79,0.64,498.47,354.32
111.786,4,3,123.78,0.0,0.0,7106.0,2,-0.556,99.79,0.64,498.76,353.18
111.802,4,3,123.75,0.0,0.0,7104.0,2,-0.556,99.79,0.64,499.04,352.12
111.819,4,3,123.71,0.0,0.0,7102.0,2,-0.556,99.79,0.64,499.32,350.99
111.836,4,3,123.68,0.0,0.0,7100.0,2,-0.555,99.79,0.64,499.61,349.85
111.852,4,3,123.65,0.0,0.0,7098.0,2,-0.555,99.79,0.64,499.89,348.79
111.869,4,3,123.61,0.0,0.0,7096.0,2,-0.555,99.79,0.64,500.18,347.66
111.886,4,3,123.58,0.0,0.0,7094.0,2,-0.555,99.79,0.64,500.46,346.53
111.902,4,3,123.55,0.0,0.0,7092.0,2,-0.554,99.79,0.64,500.74,345.46
111.918,4,3,123.51,0.0,0.0,7091.0,2,-0.554,99.79,0.64,501.01,344.4
111.935,4,3,123.48,0.0,0.0,7089.0,2,-0.554,99.79,0.64,501.28,343.34
111.951,4,3,123.45,0.0,0.0,7087.0,2,-0.554,99.79,0.64,501.57,342.21
111.968,4,3,123.42,0.0,0.0,7085.0,2,-0.554,99.79,0.64,501.86,341.08
111.984,4,3,123.38,0.0,0.0,7083.0,2,-0.553,99.79,0.64,502.13,340.02
112.001,4,3,123.35,0.0,0.0,7081.0,2,-0.553,99.79,0.64,502.42,338.89
112.018,4,3,123.32,0.0,0.0,7079.0,2,-0.553,99.79,0.64,502.71,337.76
112.035,4,3,123.28,0.0,0.0,7077.0,2,-0.553,99.79,0.64,502.99,336.63
112.051,4,3,123.25,0.0,0.0,7075.0,2,-0.552,99.79,0.64,503.27,335.57
112.068,4,3,123.22,0.0,0.0,7074.0,2,-0.552,99.79,0.64,503.55,334.44
112.085,4,3,123.18,0.0,0.0,7072.0,2,-0.552,99.79,0.64,503.82,333.38
112.101,4,3,123.15,0.0,0.0,7070.0,2,-0.552,99.79,0.64,504.11,332.25
112.118,4,3,123.12,0.0,0.0,7068.0,2,-0.552,99.79,0.64,504.4,331.13
112.135,4,3,123.09,0.0,0.0,7066.0,2,-0.551,99.79,0.64,504.67,330.07
112.151,4,3,123.05,0.0,0.0,7064.0,2,-0.551,99.79,0.64,504.96,328.94
112.168,4,3,123.02,0.0,0.0,7062.0,2,-0.551,99.79,0.64,505.25,327.82
112.185,4,3,122.98,0.0,0.0,7060.0,2,-0.551,99.79,0.64,505.53,326.69
112.202,4,3,122.95,0.0,0.0,7058.0,2,-0.55,99.79,0.64,505.82,325.57
112.219,4,3,122.92,0.0,0.0,7056.0,2,-0.55,99.79,0.64,506.11,324.44
112.236,4,3,122.88,0.0,0.0,7054.0,2,-0.55,99.79,0.64,506.4,323.32
112.252,4,3,122.85,0.0,0.0,7053.0,2,-0.55,99.79,0.64,506.67,322.26
112.269,4,3,122.82,0.0,0.0,7051.0,2,-0.55,99.79,0.64,506.96,321.13
112.286,4,3,122.78,0.0,0.0,7049.0,2,-0.549,99.79,0.64,507.24,320.01
112.302,4,3,122.75,0.0,0.0,7047.0,2,-0.549,99.79,0.64,507.51,318.95
112.319,4,3,122.72,0.0,0.0,7045.0,2,-0.549,99.79,0.64,507.78,317.9
112.335,4,3,122.69,0.0,0.0,7043.0,2,-0.549,99.79,0.64,508.07,316.77
112.352,4,3,122.65,0.0,0.0,7041.0,2,-0.548,99.79,0.64,508.36,315.65
112.368,4,3,122.62,0.0,0.0,7039.0,2,-0.548,99.79,0.64,508.63,314.6
112.385,4,3,122.59,0.0,0.0,7038.0,2,-0.548,99.79,0.64,508.9,313.54
112.401,4,3,122.56,0.0,0.0,7036.0,2,-0.548,99.79,0.64,509.17,312.48
112.417,4,3,122.53,0.0,0.0,7034.0,2,-0.548,99.79,0.64,509.45,311.36
112.435,4,3,122.49,0.0,0.0,7032.0,2,-0.547,99.79,0.64,509.74,310.24
112.451,4,3,122.46,0.0,0.0,7030.0,2,-0.547,99.79,0.64,510.03,309.12
112.469,4,3,122.42,0.0,0.0,7028.0,2,-0.547,99.79,0.64,510.31,308.0
112.485,4,3,122.39,0.0,0.0,7026.0,2,-0.547,99.79,0.64,510.58,306.95
112.5,4,3,122.36,0.0,0.0,7024.0,2,-0.546,99.79,0.64,510.85,305.89
112.517,4,3,122.33,0.0,0.0,7023.0,2,-0.546,99.79,0.64,511.12,304.84
112.533,4,3,122.3,0.0,0.0,7021.0,2,-0.546,99.79,0.64,511.41,303.72
112.55,4,3,122.27,0.0,0.0,7019.0,2,-0.546,99.79,0.64,511.68,302.67
112.565,4,3,122.23,0.0,0.0,7017.0,2,-0.546,99.79,0.64,511.94,301.62
112.581,4,3,122.2,0.0,0.0,7015.0,2,-0.545,99.79,0.64,512.21,300.56
112.598,4,3,122.17,0.0,0.0,7013.0,2,-0.545,99.79,0.64,512.5,299.45
112.615,4,3,122.14,0.0,0.0,7012.0,2,-0.545,99.79,0.64,512.77,298.39
112.631,4,3,122.1,0.0,0.0,7010.0,2,-0.545,99.79,0.64,513.05,297.28
112.648,4,3,122.07,0.0,0.0,7008.0,2,-0.544,99.79,0.64,513.34,296.16
112.665,4,3,122.04,0.0,0.0,7006.0,2,-0.544,99.79,0.64,513.62,295.04
112.683,4,3,122.0,0.0,0.0,7004.0,2,-0.544,99.79,0.64,513.91,293.93
112.699,4,3,121.97,0.0,0.0,7002.0,2,-0.544,99.79,0.64,514.18,292.88
112.715,4,3,121.94,0.0,0.0,7000.0,2,-0.544,99.79,0.64,514.45,291.83
112.731,4,3,121.91,0.0,0.0,6999.0,2,-0.543,99.79,0.64,514.73,290.71
112.747,4,3,121.88,0.0,0.0,6997.0,2,-0.543,99.79,0.64,515.0,289.66
112.764,4,3,121.84,0.0,0.0,6995.0,2,-0.543,99.79,0.64,515.29,288.55
112.78,4,3,121.81,0.0,0.0,6993.0,2,-0.543,99.79,0.64,515.55,287.5
112.796,4,3,121.78,0.0,0.0,6991.0,2,-0.543,99.79,0.64,515.82,286.45
112.813,4,3,121.75,0.0,0.0,6989.0,2,-0.542,99.79,0.64,516.09,285.4
112.829,4,3,121.72,0.0,0.0,6988.0,2,-0.542,99.79,0.64,516.37,284.29
112.845,4,3,121.69,0.0,0.0,6986.0,2,-0.542,99.79,0.64,516.64,283.24
112.861,4,3,121.66,0.0,0.0,6984.0,2,-0.542,99.79,0.64,516.91,282.19
112.877,4,3,121.62,0.0,0.0,6982.0,2,-0.541,99.79,0.64,517.18,281.14
112.893,4,3,121.59,0.0,0.0,6980.0,2,-0.541,99.79,0.64,517.44,280.1
112.91,4,3,121.56,0.0,0.0,6978.0,2,-0.541,99.79,0.64,517.73,278.98
112.927,4,3,121.53,0.0,0.0,6977.0,2,-0.541,99.79,0.64,518.01,277.87
112.943,4,3,121.5,0.0,0.0,6975.0,2,-0.541,99.79,0.64,518.28,276.83
112.96,4,3,121.46,0.0,0.0,6973.0,2,-0.54,99.79,0.64,518.57,275.71
112.977,4,3,121.43,0.0,0.0,6971.0,2,-0.54,99.79,0.64,518.85,274.6
112.994,4,3,121.4,0.0,0.0,6969.0,2,-0.54,99.79,0.64,519.13,273.49
113.01,4,3,121.37,0.0,0.0,6967.0,2,-0.54,99.79,0.64,519.4,272.45
113.027,4,3,121.33,0.0,0.0,6965.0,2,-0.54,99.79,0.64,519.67,271.4
113.042,4,3,121.3,0.0,0.0,6964.0,2,-0.539,99.79,0.64,519.93,270.36
113.059,4,3,121.27,0.0,0.0,6962.0,2,-0.539,99.79,0.64,520.2,269.31
113.075,4,3,121.24,0.0,0.0,6960.0,2,-0.539,99.79,0.64,520.48,268.2
113.092,4,3,121.21,0.0,0.0,6958.0,2,-0.539,99.79,0.64,520.77,267.09
113.109,4,3,121.17,0.0,0.0,6956.0,2,-0.538,99.79,0.64,521.05,265.99
113.126,4,3,121.14,0.0,0.0,6954.0,2,-0.538,99.79,0.64,521.34,264.88
113.143,4,3,121.11,0.0,0.0,6952.0,2,-0.538,99.79,0.64,521.62,263.77
113.16,4,3,121.07,0.0,0.0,6951.0,2,-0.538,99.79,0.64,521.9,262.66
113.177,4,3,121.04,0.0,0.0,6949.0,2,-0.538,99.79,0.64,522.17,261.62
113.193,4,3,121.01,0.0,0.0,6947.0,2,-0.537,99.79,0.64,522.45,260.51
113.211,4,3,120.98,0.0,0.0,6945.0,2,-0.537,99.79,0.64,522.73,259.4
113.227,4,3,120.94,0.0,0.0,6943.0,2,-0.537,99.79,0.64,523.02,258.3
113.244,4,3,120.91,0.0,0.0,6941.0,2,-0.537,99.79,0.64,523.3,257.19
113.261,4,3,120.88,0.0,0.0,6939.0,2,-0.537,99.79,0.64,523.57,256.15
113.277,4,3,120.85,0.0,0.0,6938.0,2,-0.536,99.79,0.64,523.85,255.04
113.293,4,3,120.82,0.0,0.0,6936.0,2,-0.536,99.79,0.64,524.11,254.0
113.31,4,3,120.78,0.0,0.0,6934.0,2,-0.536,99.79,0.64,524.4,252.9
113.327,4,3,120.75,0.0,0.0,6932.0,2,-0.536,99.79,0.64,524.66,251.86
113.343,4,3,120.72,0.0,0.0,6930.0,2,-0.535,99.79,0.64,524.95,250.75
113.36,4,3,120.69,0.0,0.0,6928.0,2,-0.535,99.79,0.64,525.23,249.65
113.377,4,3,120.66,0.0,0.0,6927.0,2,-0.535,99.79,0.64,525.51,248.55
113.394,4,3,120.62,0.0,0.0,6925.0,2,-0.535,99.79,0.64,525.79,247.44
113.411,4,3,120.59,0.0,0.0,6923.0,2,-0.535,99.79,0.64,526.07,246.34
113.428,4,3,120.56,0.0,0.0,6921.0,2,-0.534,99.79,0.64,526.36,245.24
113.445,4,3,120.53,0.0,0.0,6919.0,2,-0.534,99.79,0.64,526.62,244.2
113.461,4,3,120.49,0.0,0.0,6917.0,2,-0.534,99.79,0.64,526.9,243.09
113.478,4,3,120.46,0.0,0.0,6915.0,2,-0.534,99.79,0.64,527.17,242.06
113.493,4,3,120.43,0.0,0.0,6914.0,2,-0.534,99.79,0.64,527.43,241.02
113.509,4,3,120.4,0.0,0.0,6912.0,2,-0.533,99.79,0.64,527.7,239.98
113.525,4,3,120.37,0.0,0.0,6910.0,2,-0.533,99.79,0.64,527.96,238.95
113.541,4,3,120.34,0.0,0.0,6908.0,2,-0.533,99.79,0.64,528.23,237.91
113.558,4,3,120.31,0.0,0.0,6907.0,2,-0.533,99.79,0.64,528.51,236.81
113.576,4,3,120.27,0.0,0.0,6905.0,2,-0.532,99.79,0.64,528.79,235.71
113.592,4,3,120.24,0.0,0.0,6903.0,2,-0.532,99.79,0.64,529.06,234.67
113.608,4,3,120.21,0.0,0.0,6901.0,2,-0.532,99.79,0.64,529.32,233.64
113.624,4,3,120.18,0.0,0.0,6899.0,2,-0.532,99.79,0.64,529.6,232.54
113.641,4,3,120.15,0.0,0.0,6897.0,2,-0.532,99.79,0.64,529.88,231.44
113.658,4,3,120.12,0.0,0.0,6896.0,2,-0.531,99.79,0.64,530.16,230.34
113.675,4,3,120.08,0.0,0.0,6894.0,2,-0.531,99.79,0.64,530.44,229.24
113.692,4,3,120.05,0.0,0.0,6892.0,2,-0.531,99.79,0.64,530.72,228.14
113.709,4,3,120.02,0.0,0.0,6890.0,2,-0.531,99.79,0.64,531.01,227.04
113.726,4,3,119.99,0.0,0.0,6888.0,2,-0.531,99.79,0.64,531.27,226.01
113.742,4,3,119.96,0.0,0.0,6886.0,2,-0.53,99.79,0.64,531.55,224.91
113.759,4,3,119.92,0.0,0.0,6885.0,2,-0.53,99.79,0.64,531.83,223.82
113.776,4,3,119.89,0.0,0.0,6883.0,2,-0.53,99.79,0.64,532.09,222.78
113.791,4,3,119.86,0.0,0.0,6881.0,2,-0.53,99.79,0.64,532.36,221.75
113.808,4,3,119.83,0.0,0.0,6879.0,2,-0.53,99.79,0.64,532.64,220.66
113.825,4,3,119.8,0.0,0.0,6877.0,2,-0.529,99.79,0.64,532.92,219.56
113.842,4,3,119.77,0.0,0.0,6875.0,2,-0.529,99.79,0.64,533.18,218.53
113.858,4,3,119.74,0.0,0.0,6874.0,2,-0.529,99.79,0.64,533.45,217.5
113.874,4,3,119.7,0.0,0.0,6872.0,2,-0.529,99.79,0.64,533.73,216.4
113.891,4,3,119.67,0.0,0.0,6870.0,2,-0.528,99.79,0.64,534.01,215.31
113.907,4,3,119.64,0.0,0.0,6868.0,2,-0.528,99.79,0.64,534.27,214.28
113.924,4,3,119.61,0.0,0.0,6866.0,2,-0.528,99.79,0.64,534.55,213.18
113.941,4,3,119.58,0.0,0.0,6865.0,2,-0.528,99.79,0.64,534.81,212.15
113.957,4,3,119.55,0.0,0.0,6863.0,2,-0.528,99.79,0.64,535.09,211.06
113.974,4,3,119.51,0.0,0.0,6861.0,2,-0.527,99.79,0.64,535.37,209.96
113.99,4,3,119.48,0.0,0.0,6859.0,2,-0.527,99.79,0.64,535.63,208.93
114.006,4,3,119.45,0.0,0.0,6857.0,2,-0.527,99.79,0.64,535.9,207.91
114.023,4,3,119.42,0.0,0.0,6856.0,2,-0.527,99.79,0.64,536.18,206.81
114.039,4,3,119.39,0.0,0.0,6854.0,2,-0.527,99.79,0.64,536.44,205.79
114.056,4,3,119.36,0.0,0.0,6852.0,2,-0.526,99.79,0.64,536.7,204.76
114.072,4,3,119.33,0.0,0.0,6850.0,2,-0.526,99.79,0.64,536.98,203.67
114.089,4,3,119.3,0.0,0.0,6848.0,2,-0.526,99.79,0.64,537.26,202.57
114.105,4,3,119.27,0.0,0.0,6847.0,2,-0.526,99.79,0.64,537.52,201.55
114.122,4,3,119.23,0.0,0.0,6845.0,2,-0.526,99.79,0.64,537.8,200.46
114.139,4,3,119.2,0.0,0.0,6843.0,2,-0.525,99.79,0.64,538.08,199.37
114.155,4,3,119.17,0.0,0.0,6841.0,2,-0.525,99.79,0.64,538.34,198.34
114.172,4,3,119.14,0.0,0.0,6839.0,2,-0.525,99.79,0.64,538.62,197.25
114.188,4,3,119.11,0.0,0.0,6838.0,2,-0.525,99.79,0.64,538.88,196.22
114.204,4,3,119.08,0.0,0.0,6836.0,2,-0.525,99.79,0.64,539.15,195.2
114.221,4,3,119.05,0.0,0.0,6834.0,2,-0.524,99.79,0.64,539.41,194.17
114.237,4,3,119.02,0.0,0.0,6832.0,2,-0.524,99.79,0.64,539.69,193.08
114.254,4,3,118.98,0.0,0.0,6831.0,2,-0.524,99.79,0.64,539.96,191.99
114.27,4,3,118.95,0.0,0.0,6829.0,2,-0.524,99.79,0.64,540.23,190.97
114.287,4,3,118.92,0.0,0.0,6827.0,2,-0.524,99.79,0.64,540.5,189.88
114.304,4,3,118.89,0.0,0.0,6825.0,2,-0.523,99.79,0.64,540.78,188.79
114.321,4,3,118.86,0.0,0.0,6823.0,2,-0.523,99.79,0.64,541.06,187.71
114.339,4,3,118.83,0.0,0.0,6822.0,2,-0.523,99.79,0.64,541.34,186.62
114.355,4,3,118.8,0.0,0.0,6820.0,2,-0.523,99.79,0.64,541.6,185.6
114.371,4,3,118.76,0.0,0.0,6818.0,2,-0.523,99.79,0.64,541.88,184.51
114.387,4,3,118.73,0.0,0.0,6816.0,2,-0.522,99.79,0.64,542.14,183.49
114.404,4,3,118.7,0.0,0.0,6814.0,2,-0.522,99.79,0.64,542.42,182.4
114.421,4,3,118.67,0.0,0.0,6813.0,2,-0.522,99.79,0.64,542.66,181.37
114.437,4,3,118.64,0.0,0.0,6811.0,2,-0.522,99.79,0.64,542.91,180.28
114.455,4,3,118.61,0.0,0.0,6809.0,2,-0.521,99.79,0.64,543.13,179.18
114.47,4,3,118.58,0.0,0.0,6807.0,2,-0.521,99.79,0.64,543.33,178.15
114.487,4,3,118.55,0.0,0.0,6805.0,2,-0.521,99.79,0.64,543.53,177.05
114.505,4,3,118.51,0.0,0.0,6804.0,2,-0.521,99.79,0.64,543.71,175.94
114.521,4,3,118.48,0.0,0.0,6802.0,2,-0.521,99.79,0.64,543.87,174.83
114.538,4,3,118.45,0.0,0.0,6800.0,2,-0.52,99.79,0.64,544.0,173.79
114.554,4,3,118.42,0.0,0.0,6798.0,2,-0.52,99.79,0.64,544.12,172.74
114.57,4,3,118.39,0.0,0.0,6797.0,2,-0.52,99.79,0.64,544.23,171.63
114.587,4,3,118.36,0.0,0.0,6795.0,2,-0.52,99.79,0.64,544.32,170.58
114.603,4,3,118.33,0.0,0.0,6793.0,2,-0.52,99.79,0.64,544.39,169.53
114.619,4,3,118.3,0.0,0.0,6791.0,2,-0.519,99.79,0.64,544.45,168.48
114.635,4,3,118.27,0.0,0.0,6790.0,2,-0.519,99.79,0.64,544.49,167.43
114.65,4,3,118.24,0.0,0.0,6788.0,2,-0.519,99.79,0.64,544.52,166.38
114.667,4,3,118.21,0.0,0.0,6786.0,2,-0.519,99.79,0.64,544.52,165.27
114.684,4,3,118.18,0.0,0.0,6784.0,2,-0.519,99.79,0.64,544.52,164.22
114.7,4,3,118.15,0.0,0.0,6783.0,2,-0.518,99.79,0.64,544.5,163.17
114.716,4,3,118.12,0.0,0.0,6781.0,2,-0.518,99.79,0.64,544.46,162.12
114.732,4,3,118.09,0.0,0.0,6779.0,2,-0.518,99.79,0.64,544.4,161.0
114.749,4,3,118.06,0.0,0.0,6777.0,2,-0.518,99.79,0.64,544.33,159.96
114.765,4,3,118.03,0.0,0.0,6776.0,2,-0.518,99.79,0.64,544.24,158.91
114.781,4,3,118.0,0.0,0.0,6774.0,2,-0.518,99.79,0.64,544.14,157.8
114.797,4,3,117.97,0.0,0.0,6772.0,2,-0.517,99.79,0.64,544.02,156.76
114.813,4,3,117.94,0.0,0.0,6770.0,2,-0.517,99.79,0.64,543.88,155.72
114.83,4,3,117.91,0.0,0.0,6769.0,2,-0.517,99.79,0.64,543.74,154.68
114.846,4,3,117.88,0.0,0.0,6767.0,2,-0.517,99.79,0.64,543.56,153.58
114.863,4,3,117.84,0.0,0.0,6765.0,2,-0.517,99.79,0.64,543.37,152.49
114.88,4,3,117.81,0.0,0.0,6763.0,2,-0.516,99.79,0.64,543.16,151.39
114.897,4,3,117.78,0.0,0.0,6761.0,2,-0.516,99.79,0.64,542.94,150.3
114.915,4,3,117.75,0.0,0.0,6760.0,2,-0.516,99.79,0.64,542.69,149.15
114.933,4,3,117.72,0.0,0.0,6758.0,2,-0.516,99.79,0.64,542.43,148.07
114.949,4,3,117.69,0.0,0.0,6756.0,2,-0.515,99.79,0.64,542.18,147.06
114.965,4,3,117.66,0.0,0.0,6754.0,2,-0.515,99.79,0.64,541.9,146.05
114.981,4,3,118.24,100.0,0.0,6753.0,2,9.487,99.79,0.64,541.6,144.97
114.998,4,3,118.82,100.0,0.0,6786.0,2,9.483,99.79,0.64,541.27,143.9
115.014,4,3,119.36,100.0,0.0,6819.0,2,9.48,99.79,0.64,540.95,142.89
115.03,4,3,119.91,100.0,0.0,6851.0,2,9.476,99.79,0.64,540.61,141.88
115.048,4,3,120.45,100.0,0.0,6882.0,2,9.472,99.79,0.64,540.26,140.87
115.063,4,3,121.03,100.0,0.0,6913.0,2,9.469,99.79,0.64,539.86,139.79
115.079,4,3,121.58,100.0,0.0,6946.0,2,9.465,99.79,0.64,539.47,138.79
115.095,4,3,122.12,100.0,0.0,6978.0,2,9.461,99.79,0.64,539.07,137.78
115.111,4,3,122.67,100.0,0.0,7009.0,2,9.458,99.79,0.64,538.64,136.78
115.128,4,3,123.21,100.0,0.0,7040.0,2,9.454,99.79,0.64,538.2,135.77
115.145,4,3,123.79,100.0,0.0,7072.0,2,9.45,99.79,0.64,537.71,134.71
115.161,4,3,124.37,100.0,0.0,7105.0,2,9.446,99.79,0.64,537.2,133.65
115.177,4,3,124.91,100.0,0.0,7138.0,2,9.442,99.79,0.64,536.7,132.66
115.194,4,3,125.46,100.0,0.0,7169.0,2,9.439,99.79,0.64,536.19,131.67
115.209,4,3,126.0,100.0,0.0,7200.0,2,9.435,99.79,0.64,535.65,130.69
115.226,4,3,126.54,100.0,0.0,7231.0,2,9.431,99.79,0.64,535.1,129.71
115.242,4,3,127.12,100.0,0.0,7263.0,2,9.427,99.79,0.64,534.5,128.67
115.259,4,3,127.7,100.0,0.0,7296.0,2,9.423,99.79,0.64,533.87,127.64
115.277,4,3,128.31,100.0,0.0,7329.0,2,9.419,99.79,0.64,533.19,126.55
115.295,4,3,128.88,100.0,0.0,7364.0,2,9.415,99.79,0.64,532.52,125.53
115.311,4,3,129.46,100.0,0.0,7397.0,2,9.411,99.79,0.64,531.84,124.52
115.328,4,3,130.0,100.0,0.0,7430.0,2,9.407,99.79,0.64,531.18,123.57
115.345,4,3,130.58,100.0,0.0,7461.0,2,9.403,99.79,0.64,530.45,122.57
115.361,4,3,131.12,100.0,0.0,7494.0,2,9.399,99.79,0.64,529.75,121.64
115.377,4,3,131.66,100.0,0.0,7525.0,2,9.395,99.79,0.64,529.04,120.72
115.392,4,3,132.2,100.0,0.0,7556.0,2,9.391,99.79,0.64,528.3,119.8
115.409,4,3,132.74,100.0,0.0,7587.0,2,9.387,99.79,0.64,527.54,118.9
115.425,4,3,133.32,100.0,0.0,7618.0,2,9.383,99.79,0.64,526.72,117.94
115.442,4,3,133.89,100.0,0.0,7651.0,2,9.379,99.79,0.64,525.88,117.0
115.459,4,3,134.46,100.0,0.0,7684.0,2,9.375,99.79,0.64,525.02,116.07
115.476,4,3,135.04,100.0,0.0,7717.0,2,9.37,99.79,0.64,524.14,115.14
115.493,4,3,135.61,100.0,0.0,7750.0,2,9.366,99.79,0.64,523.24,114.23
115.51,4,3,136.18,100.0,0.0,7783.0,2,9.362,99.79,0.64,522.31,113.34
115.528,4,3,136.76,100.0,0.0,7816.0,2,9.358,99.79,0.64,521.37,112.45
115.544,4,3,137.29,100.0,0.0,7849.0,2,9.353,99.79,0.64,520.47,111.63
115.561,4,3,137.87,100.0,0.0,7880.0,2,9.349,99.79,0.64,519.49,110.77
115.576,4,3,138.41,100.0,0.0,7912.0,2,9.345,99.79,0.64,518.55,109.97
115.592,4,3,138.94,100.0,0.0,7943.0,2,9.341,99.79,0.64,517.6,109.19
115.608,4,3,139.48,100.0,0.0,7974.0,2,9.337,99.79,0.64,516.62,108.43
115.625,4,3,140.05,100.0,0.0,8005.0,2,9.332,99.79,0.64,515.57,107.63
115.643,4,3,140.62,100.0,0.0,8038.0,2,9.328,99.79,0.64,514.5,106.84
115.659,4,3,141.16,100.0,0.0,8071.0,2,9.324,99.79,0.64,513.47,106.12
115.675,4,3,141.7,100.0,0.0,8101.0,2,9.319,99.79,0.65,512.43,105.41
115.691,4,3,142.23,100.0,0.0,8132.0,2,9.315,99.79,0.65,511.37,104.72
115.708,4,3,142.8,100.0,0.0,8163.0,2,9.311,99.79,0.65,510.23,104.01
115.724,4,3,143.34,100.0,0.0,8196.0,2,9.307,99.79,0.65,509.14,103.35
115.74,4,3,143.91,100.0,0.0,8227.0,2,9.302,99.79,0.65,507.96,102.67
115.757,4,3,144.48,100.0,0.0,8259.0,2,9.298,99.79,0.65,506.76,102.01
115.773,4,3,145.01,100.0,0.0,8292.0,2,9.293,99.79,0.65,505.62,101.41
115.791,4,3,145.58,100.0,0.0,8323.0,2,9.289,99.79,0.65,504.39,100.79
115.807,4,3,146.15,100.0,0.0,8355.0,2,9.285,99.79,0.65,503.15,100.2
115.825,4,3,146.72,100.0,0.0,8388.0,2,9.28,99.79,0.65,501.89,99.62
115.841,4,3,147.29,100.0,0.0,8420.0,2,9.275,99.79,0.65,500.62,99.06
115.858,4,3,147.85,100.0,0.0,8453.0,2,9.271,99.79,0.65,499.33,98.53
115.875,4,3,148.39,100.0,0.0,8486.0,2,9.266,99.79,0.65,498.1,98.05
115.891,4,3,148.95,100.0,0.0,8516.0,2,9.262,99.79,0.65,496.78,97.56
115.908,4,3,149.49,100.0,0.0,8549.0,2,9.257,99.79,0.65,495.52,97.13
115.925,4,3,150.05,100.0,0.0,8579.0,2,9.253,99.79,0.65,494.18,96.69
115.941,4,3,150.62,100.0,0.0,8612.0,2,9.248,99.79,0.65,492.81,96.27
115.958,4,3,151.18,100.0,0.0,8644.0,2,9.243,99.79,0.65,491.44,95.88
115.975,4,3,151.72,100.0,0.0,8677.0,2,9.239,99.79,0.65,490.14,95.54
115.991,4,3,152.25,100.0,0.0,8707.0,2,9.234,99.79,0.65,488.82,95.22
116.007,4,3,152.81,100.0,0.0,8738.0,2,9.23,99.79,0.65,487.41,94.9
116.024,4,3,153.34,100.0,0.0,8770.0,2,9.225,99.79,0.65,486.08,94.63
116.039,4,3,153.88,100.0,0.0,8801.0,2,9.221,99.79,0.65,484.73,94.39
116.056,4,3,154.44,100.0,0.0,8831.0,2,9.216,99.79,0.65,483.29,94.16
116.072,4,3,154.97,100.0,0.0,8864.0,2,9.211,99.79,0.65,481.93,93.96
116.089,4,3,155.53,100.0,0.0,8894.0,2,9.207,99.79,0.65,480.47,93.79
116.106,4,3,156.06,100.0,0.0,8926.0,2,9.202,99.79,0.65,479.09,93.65
116.121,4,3,156.59,100.0,0.0,8957.0,2,9.197,99.79,0.65,477.7,93.53
116.138,4,3,157.16,100.0,0.0,8987.0,2,9.193,99.79,0.65,476.22,93.45
116.155,4,3,157.72,100.0,0.0,9020.0,2,9.188,99.79,0.65,474.73,93.39
116.172,4,3,158.25,100.0,0.0,9052.0,2,9.183,99.79,0.65,473.33,93.36
116.187,4,3,158.78,100.0,0.0,9082.0,2,9.178,99.79,0.65,471.91,93.36
116.204,4,3,159.3,100.0,0.0,9113.0,2,9.174,99.79,0.65,470.5,93.39
116.22,4,3,159.83,100.0,0.0,9143.0,2,9.169,99.79,0.65,469.08,93.44
116.236,4,3,160.39,100.0,0.0,9173.0,2,9.165,99.79,0.65,467.57,93.54
116.253,4,3,160.92,100.0,0.0,9205.0,2,9.16,99.79,0.65,466.14,93.65
116.269,4,3,161.48,100.0,0.0,9236.0,2,9.155,99.79,0.65,464.62,93.81
116.287,4,3,162.04,100.0,0.0,9268.0,2,9.15,99.79,0.65,463.11,94.0
116.303,4,3,162.57,100.0,0.0,9300.0,2,9.145,99.79,0.65,461.68,94.2
116.319,4,3,163.09,100.0,0.0,9330.0,2,9.14,99.79,0.65,460.25,94.44
116.335,4,3,163.62,100.0,0.0,9360.0,2,9.135,99.79,0.65,458.82,94.71
116.351,4,3,164.15,100.0,0.0,9391.0,2,9.131,99.79,0.65,457.39,95.01
116.367,4,3,164.71,100.0,0.0,9421.0,2,9.126,99.79,0.65,455.87,95.36
116.384,4,3,165.23,100.0,0.0,9453.0,2,9.121,99.79,0.65,454.45,95.72
116.4,4,3,165.76,100.0,0.0,9483.0,2,9.116,99.79,0.65,453.03,96.11
116.416,4,3,166.28,100.0,0.0,9513.0,2,9.111,99.79,0.65,451.61,96.54
116.432,4,3,166.84,100.0,0.0,9543.0,2,9.107,99.79,0.65,450.11,97.02
116.449,4,3,167.39,100.0,0.0,9575.0,2,9.101,99.79,0.65,448.62,97.54
116.466,4,3,167.95,100.0,0.0,9607.0,2,9.096,99.79,0.65,447.13,98.09
116.483,4,3,168.51,100.0,0.0,9639.0,2,9.091,99.79,0.65,445.65,98.68
116.499,4,3,169.03,100.0,0.0,9671.0,2,9.086,99.79,0.65,444.27,99.26
116.517,4,3,169.59,100.0,0.0,9701.0,2,9.081,99.79,0.65,442.8,99.91
116.533,4,3,170.14,100.0,0.0,9733.0,2,9.076,99.79,0.65,441.35,100.6
116.55,4,3,170.7,100.0,0.0,9765.0,2,9.071,99.79,0.65,439.91,101.32
116.567,4,3,171.22,100.0,0.0,9797.0,2,9.066,99.79,0.65,438.56,102.03
116.584,4,3,171.77,100.0,0.0,9827.0,2,9.061,99.79,0.65,437.14,102.81
116.6,4,3,172.3,100.0,0.0,9859.0,2,9.055,99.79,0.65,435.82,103.59
116.616,4,3,172.85,100.0,0.0,9888.0,2,9.05,99.79,0.65,434.43,104.44
116.634,4,3,173.44,100.0,0.0,9920.0,2,9.045,99.79,0.65,432.97,105.38
116.651,4,3,173.96,100.0,0.0,9954.0,2,9.04,99.79,0.65,431.69,106.25
116.667,4,3,174.48,100.0,0.0,9984.0,2,9.035,99.79,0.65,430.43,107.15
116.683,4,3,175.0,100.0,0.0,10014.0,2,9.03,99.79,0.65,429.18,108.08
116.699,4,3,175.52,100.0,0.0,10043.0,2,9.025,99.79,0.65,427.95,109.04
116.715,4,3,176.04,100.0,0.0,10073.0,2,9.019,99.79,0.65,426.74,110.02
116.731,4,3,176.59,100.0,0.0,10103.0,2,9.014,99.79,0.65,425.47,111.11
116.748,4,3,177.14,100.0,0.0,10135.0,2,9.009,99.79,0.65,424.22,112.22
116.765,4,3,177.69,100.0,0.0,10166.0,2,9.004,99.79,0.65,423.0,113.37
116.782,4,3,178.21,100.0,0.0,10198.0,2,8.998,99.79,0.65,421.87,114.48
116.798,4,3,178.76,100.0,0.0,10228.0,2,8.993,99.79,0.65,420.69,115.69
116.815,4,3,179.28,100.0,0.0,10259.0,2,8.988,99.79,0.65,419.6,116.85
116.831,4,3,179.79,100.0,0.0,10289.0,2,8.983,99.79,0.65,418.54,118.05
116.846,4,3,180.31,100.0,0.0,10319.0,2,8.978,99.79,0.65,417.5,119.27
116.863,4,3,180.86,100.0,0.0,10348.0,2,8.972,99.79,0.65,416.43,120.6
116.88,4,3,181.38,100.0,0.0,10380.0,2,8.967,99.79,0.65,415.44,121.87
116.896,4,3,181.93,100.0,0.0,10410.0,2,8.962,99.79,0.65,414.42,123.26
116.913,4,3,182.47,100.0,0.0,10441.0,2,8.956,99.79,0.65,413.43,124.67
116.929,4,3,182.99,100.0,0.0,10473.0,2,8.951,99.79,0.65,412.53,126.02
116.946,4,3,183.5,100.0,0.0,10502.0,2,8.946,99.79,0.65,411.66,127.4
116.962,4,3,184.02,100.0,0.0,10532.0,2,8.94,99.79,0.65,410.82,128.8
116.978,4,3,184.57,100.0,0.0,10561.0,2,8.935,99.79,0.65,409.96,130.32
116.996,4,3,185.11,100.0,0.0,10593.0,2,8.93,99.79,0.65,409.13,131.86
117.012,4,3,185.63,100.0,0.0,10624.0,2,8.924,99.79,0.66,408.38,133.33
117.029,4,3,186.17,100.0,0.0,10654.0,2,8.919,99.79,0.66,407.62,134.91
117.045,4,3,186.69,100.0,0.0,10685.0,2,8.913,99.79,0.66,406.94,136.43
117.062,4,3,187.23,100.0,0.0,10714.0,2,8.908,99.79,0.66,406.25,138.06
117.077,4,3,187.74,100.0,0.0,10746.0,2,8.902,99.79,0.66,405.64,139.61
117.093,4,3,188.26,100.0,0.0,10775.0,2,8.897,99.79,0.66,405.07,141.18
117.11,4,3,188.8,100.0,0.0,10804.0,2,8.892,99.79,0.66,404.5,142.87
117.127,4,3,189.34,100.0,0.0,10836.0,2,8.886,99.79,0.66,403.96,144.58
117.143,4,3,189.86,100.0,0.0,10867.0,2,8.88,99.79,0.66,403.5,146.2
117.16,4,3,190.37,100.0,0.0,10896.0,2,8.875,99.79,0.66,403.07,147.84
117.176,4,3,190.88,100.0,0.0,10926.0,2,8.87,99.79,0.66,402.69,149.49
117.191,4,3,191.39,100.0,0.0,10955.0,2,8.864,99.79,0.66,402.34,151.16
117.208,4,3,191.9,100.0,0.0,10984.0,2,8.859,99.79,0.66,402.03,152.83
117.225,4,3,192.44,100.0,0.0,11014.0,2,8.854,99.79,0.66,401.75,154.63
117.241,4,3,192.95,100.0,0.0,11045.0,2,8.848,99.79,0.66,401.53,156.33
117.257,4,3,193.46,100.0,0.0,11074.0,2,8.842,99.79,0.66,401.34,158.04
117.273,4,3,193.97,100.0,0.0,11103.0,2,8.837,99.79,0.66,401.2,159.76
117.289,4,3,194.51,100.0,0.0,11132.0,2,8.832,99.79,0.66,401.1,161.59
117.306,4,3,195.05,100.0,0.0,11163.0,2,8.826,99.79,0.66,401.04,163.43
117.323,4,3,195.59,100.0,0.0,11194.0,2,8.82,99.79,0.66,401.02,165.28
117.34,4,3,196.13,100.0,0.0,11225.0,2,8.814,99.79,0.66,401.06,167.13
117.357,4,3,196.64,100.0,0.0,11256.0,2,8.808,99.79,0.66,401.13,168.88
117.373,4,3,197.17,100.0,0.0,11285.0,2,8.803,99.79,0.66,401.26,170.74
117.39,4,3,197.71,100.0,0.0,11316.0,2,8.797,99.79,0.66,401.43,172.6
117.407,4,3,198.25,100.0,0.0,11347.0,2,8.791,99.79,0.66,401.65,174.45
117.425,4,3,198.82,100.0,0.0,11378.0,2,8.785,99.79,0.66,401.94,176.42
117.442,4,3,199.36,100.0,0.0,11411.0,2,8.779,99.79,0.66,402.25,178.28
117.459,4,3,199.89,100.0,0.0,11442.0,2,8.773,99.79,0.66,402.62,180.13
117.475,4,3,200.4,100.0,0.0,11472.0,2,8.767,99.79,0.66,403.01,181.87
117.492,4,3,200.9,100.0,0.0,11501.0,2,8.762,99.79,0.66,403.44,183.6
117.508,4,3,201.44,100.0,0.0,11530.0,2,8.756,99.79,0.66,403.95,185.43
117.525,4,3,201.94,100.0,0.0,11561.0,2,8.75,99.79,0.66,404.48,187.15
117.541,4,3,202.48,100.0,0.0,11590.0,2,8.744,99.79,0.66,405.08,188.96
117.558,4,3,203.01,100.0,0.0,11621.0,2,8.738,99.79,0.66,405.74,190.76
117.575,4,3,203.52,100.0,0.0,11651.0,2,8.732,99.79,0.66,406.4,192.45
117.591,4,3,204.02,100.0,0.0,11680.0,2,8.727,99.79,0.66,407.11,194.12
117.607,4,3,204.52,100.0,0.0,11709.0,2,8.721,99.79,0.66,407.86,195.77
117.622,4,3,205.02,100.0,0.0,11738.0,2,8.716,99.79,0.66,408.66,197.41
117.639,4,3,205.53,100.0,0.0,11767.0,2,8.71,99.79,0.66,409.51,199.03
117.655,4,3,206.03,100.0,0.0,11796.0,2,8.704,99.79,0.66,410.39,200.63
117.671,4,3,206.56,100.0,0.0,11824.0,2,8.699,99.79,0.66,411.38,202.31
117.688,4,3,207.06,100.0,0.0,11855.0,2,8.692,99.79,0.66,412.36,203.88
117.705,4,3,207.59,100.0,0.0,11884.0,2,8.687,99.79,0.66,413.44,205.51
117.72,4,3,208.09,100.0,0.0,11914.0,2,8.681,99.79,0.66,414.5,207.02
117.737,4,3,208.62,100.0,0.0,11943.0,2,8.675,99.79,0.66,415.68,208.61
117.754,4,3,208.54,0.0,0.0,11973.0,2,-1.334,99.79,0.66,416.89,210.16
117.771,4,3,208.46,0.0,0.0,11969.0,2,-1.333,99.79,0.66,418.11,211.71
117.787,4,3,208.38,0.0,0.0,11964.0,2,-1.332,99.79,0.66,419.25,213.16
117.803,4,3,208.31,0.0,0.0,11960.0,2,-1.331,99.79,0.66,420.39,214.62
117.82,4,3,208.22,0.0,0.0,11955.0,2,-1.33,99.79,0.66,421.6,216.17
117.837,4,3,208.15,0.0,0.0,11950.0,2,-1.329,99.79,0.66,422.75,217.63
117.853,4,3,208.07,0.0,0.0,11946.0,2,-1.328,99.79,0.66,423.96,219.17
117.87,4,3,207.99,0.0,0.0,11941.0,2,-1.327,99.79,0.66,425.17,220.72
117.887,4,3,207.9,0.0,0.0,11937.0,2,-1.326,99.79,0.66,426.38,222.26
117.904,4,3,207.83,0.0,0.0,11932.0,2,-1.325,99.79,0.66,427.52,223.72
117.92,4,3,207.75,0.0,0.0,11928.0,2,-1.324,99.79,0.66,428.73,225.26
117.937,4,3,207.67,0.0,0.0,11923.0,2,-1.323,99.79,0.66,429.87,226.71
117.952,4,3,207.59,0.0,0.0,11919.0,2,-1.323,99.79,0.66,431.01,228.17
117.969,4,3,207.51,0.0,0.0,11914.0,2,-1.322,99.79,0.66,432.22,229.71
117.987,4,3,207.43,0.0,0.0,11910.0,2,-1.321,99.79,0.66,433.43,231.25
118.003,4,3,207.35,0.0,0.0,11905.0,2,-1.32,99.79,0.66,434.63,232.79
118.02,4,3,207.27,0.0,0.0,11900.0,2,-1.319,99.79,0.66,435.84,234.33
118.038,4,3,207.19,0.0,0.0,11896.0,2,-1.318,99.79,0.66,437.12,235.96
118.054,4,3,207.11,0.0,0.0,11891.0,2,-1.317,99.79,0.66,438.26,237.41
118.071,4,3,207.03,0.0,0.0,11887.0,2,-1.316,99.79,0.66,439.39,238.86
118.086,4,3,206.96,0.0,0.0,11882.0,2,-1.315,99.79,0.66,440.53,240.31
118.103,4,3,206.88,0.0,0.0,11878.0,2,-1.314,99.79,0.66,441.73,241.85
118.12,4,3,206.8,0.0,0.0,11873.0,2,-1.314,99.79,0.66,442.94,243.38
118.136,4,3,206.72,0.0,0.0,11869.0,2,-1.313,99.79,0.66,444.07,244.83
118.152,4,3,206.65,0.0,0.0,11864.0,2,-1.312,99.79,0.66,445.2,246.28
118.17,4,3,206.57,0.0,0.0,11860.0,2,-1.311,99.79,0.66,446.41,247.81
118.185,4,3,206.49,0.0,0.0,11855.0,2,-1.31,99.79,0.66,447.54,249.26
118.202,4,3,206.41,0.0,0.0,11851.0,2,-1.309,99.79,0.66,448.74,250.79
118.22,4,3,206.33,0.0,0.0,11846.0,2,-1.308,99.79,0.66,449.94,252.32
118.237,4,3,206.25,0.0,0.0,11842.0,2,-1.307,99.79,0.66,451.14,253.86
118.253,4,3,206.18,0.0,0.0,11837.0,2,-1.306,99.79,0.66,452.24,255.33
118.269,4,3,206.1,0.0,0.0,11833.0,2,-1.306,99.79,0.66,453.36,256.92
118.285,4,3,206.02,0.0,0.0,11828.0,2,-1.305,99.79,0.66,454.37,258.45
118.302,4,3,205.94,0.0,0.0,11824.0,2,-1.304,99.79,0.66,455.4,260.1
118.319,4,3,205.87,0.0,0.0,11819.0,2,-1.303,99.79,0.66,456.33,261.67
118.334,4,3,205.79,0.0,0.0,11815.0,2,-1.302,99.79,0.66,457.22,263.27
118.351,4,3,205.71,0.0,0.0,11811.0,2,-1.301,99.79,0.66,458.12,264.99
118.368,4,3,205.63,0.0,0.0,11806.0,2,-1.3,99.79,0.66,458.97,266.74
118.385,4,3,205.55,0.0,0.0,11802.0,2,-1.299,99.79,0.66,459.78,268.5
118.402,4,3,205.47,0.0,0.0,11797.0,2,-1.298,99.79,0.66,460.54,270.29
118.418,4,3,205.4,0.0,0.0,11793.0,2,-1.298,99.79,0.66,461.21,271.99
118.435,4,3,205.32,0.0,0.0,11788.0,2,-1.297,99.79,0.66,461.87,273.81
118.451,4,3,205.24,0.0,0.0,11784.0,2,-1.296,99.79,0.66,462.45,275.54
118.467,4,3,205.17,0.0,0.0,11779.0,2,-1.295,99.79,0.66,462.99,277.28
118.483,4,3,205.09,0.0,0.0,11775.0,2,-1.294,99.79,0.66,463.48,279.04
118.5,4,3,205.02,0.0,0.0,11771.0,2,-1.293,99.79,0.66,463.92,280.81
118.515,4,3,204.95,0.0,0.0,11767.0,2,-1.292,99.79,0.66,464.31,282.59
118.531,4,3,204.87,0.0,0.0,11762.0,2,-1.292,99.79,0.66,464.66,284.37
118.548,4,3,204.8,0.0,0.0,11758.0,2,-1.291,99.79,0.66,464.96,286.17
118.564,4,3,204.72,0.0,0.0,11754.0,2,-1.29,99.79,0.66,465.22,287.97
118.58,4,3,204.64,0.0,0.0,11749.0,2,-1.289,99.79,0.66,465.44,289.89
118.598,4,3,204.56,0.0,0.0,11745.0,2,-1.288,99.79,0.66,465.61,291.81
118.614,4,3,204.49,0.0,0.0,11740.0,2,-1.287,99.79,0.66,465.72,293.63
118.629,4,3,204.42,0.0,0.0,11736.0,2,-1.286,99.79,0.66,465.79,295.44
118.646,4,3,204.34,0.0,0.0,11732.0,2,-1.286,99.79,0.66,465.81,297.37
118.663,4,3,204.26,0.0,0.0,11727.0,2,-1.285,99.79,0.66,465.78,299.19
118.679,4,3,204.19,0.0,0.0,11723.0,2,-1.284,99.79,0.66,465.7,301.0
118.695,4,3,204.11,0.0,0.0,11719.0,2,-1.283,99.79,0.66,465.57,302.93
118.712,4,3,204.03,0.0,0.0,11714.0,2,-1.282,99.79,0.66,465.39,304.84
118.728,4,3,203.96,0.0,0.0,11710.0,2,-1.281,99.79,0.66,465.18,306.64
118.744,4,3,203.89,0.0,0.0,11706.0,2,-1.28,99.79,0.66,464.91,308.44
118.761,4,3,203.81,0.0,0.0,11701.0,2,-1.28,99.79,0.66,464.58,310.33
118.778,4,3,203.73,0.0,0.0,11697.0,2,-1.279,99.79,0.66,464.23,312.11
118.795,4,3,203.66,0.0,0.0,11693.0,2,-1.278,99.79,0.66,463.8,313.98
118.811,4,3,203.58,0.0,0.0,11688.0,2,-1.277,99.79,0.66,463.35,315.74
118.828,4,3,203.5,0.0,0.0,11684.0,2,-1.276,99.79,0.66,462.83,317.59
118.843,4,3,203.43,0.0,0.0,11680.0,2,-1.275,99.79,0.66,462.29,319.31
118.86,4,3,203.35,0.0,0.0,11675.0,2,-1.275,99.79,0.66,461.67,321.13
118.877,4,3,203.28,0.0,0.0,11671.0,2,-1.274,99.79,0.66,461.04,322.83
118.893,4,3,203.2,0.0,0.0,11667.0,2,-1.273,99.79,0.66,460.33,324.61
118.91,4,3,203.12,0.0,0.0,11662.0,2,-1.272,99.79,0.66,459.58,326.37
118.927,4,3,203.05,0.0,0.0,11658.0,2,-1.271,99.79,0.66,458.77,328.11
118.945,4,3,202.97,0.0,0.0,11653.0,2,-1.27,99.79,0.66,457.93,329.83
118.962,4,3,202.89,0.0,0.0,11649.0,2,-1.269,99.79,0.66,457.04,331.53
118.978,4,3,202.81,0.0,0.0,11644.0,2,-1.268,99.79,0.66,456.1,333.2
118.995,4,3,202.74,0.0,0.0,11640.0,2,-1.268,99.79,0.66,455.18,334.75
119.012,4,3,202.66,0.0,0.0,11636.0,2,-1.267,99.79,0.66,454.17,336.37
119.028,4,3,202.59,0.0,0.0,11631.0,2,-1.266,99.79,0.66,453.17,337.87
119.043,4,3,202.52,0.0,0.0,11627.0,2,-1.265,99.79,0.66,452.13,339.35
119.06,4,3,202.44,0.0,0.0,11623.0,2,-1.264,99.79,0.66,451.06,340.79
119.077,4,3,202.37,0.0,0.0,11619.0,2,-1.263,99.79,0.66,449.88,342.3
119.092,4,3,202.29,0.0,0.0,11614.0,2,-1.263,99.79,0.66,448.74,343.68
119.11,4,3,202.22,0.0,0.0,11610.0,2,-1.262,99.79,0.66,447.48,345.12
119.126,4,3,202.14,0.0,0.0,11606.0,2,-1.261,99.79,0.66,446.27,346.45
119.142,4,3,202.07,0.0,0.0,11601.0,2,-1.26,99.79,0.66,444.95,347.82
119.158,4,3,201.99,0.0,0.0,11597.0,2,-1.259,99.79,0.66,443.67,349.08
119.176,4,3,201.91,0.0,0.0,11593.0,2,-1.258,99.79,0.66,442.19,350.46
119.193,4,3,201.83,0.0,0.0,11588.0,2,-1.258,99.79,0.66,440.77,351.73
119.21,4,3,201.76,0.0,0.0,11584.0,2,-1.257,99.79,0.66,439.31,352.95
119.227,4,3,201.69,0.0,0.0,11579.0,2,-1.256,99.79,0.66,437.91,354.07
119.243,4,3,201.61,0.0,0.0,11575.0,2,-1.255,99.79,0.66,436.39,355.22
119.26,4,3,201.54,0.0,0.0,11571.0,2,-1.254,99.79,0.66,434.94,356.27
119.276,4,3,201.46,0.0,0.0,11567.0,2,-1.253,99.79,0.66,433.36,357.34
119.293,4,3,201.38,0.0,0.0,11562.0,2,-1.253,99.79,0.66,431.76,358.37
119.31,4,3,201.31,0.0,0.0,11558.0,2,-1.252,99.79,0.66,430.14,359.36
119.327,4,3,201.23,0.0,0.0,11553.0,2,-1.251,99.79,0.66,428.49,360.3
119.343,4,3,201.16,0.0,0.0,11549.0,2,-1.25,99.79,0.66,426.92,361.15
119.36,4,3,201.09,0.0,0.0,11545.0,2,-1.249,99.79,0.66,425.32,361.96
119.375,4,3,201.01,0.0,0.0,11541.0,2,-1.248,99.79,0.66,423.71,362.73
119.392,4,3,200.94,0.0,0.0,11537.0,2,-1.248,99.79,0.66,422.08,363.45
119.408,4,3,200.87,0.0,0.0,11533.0,2,-1.247,99.79,0.66,420.32,364.18
119.425,4,3,200.79,0.0,0.0,11528.0,2,-1.246,99.79,0.66,418.66,364.81
119.441,4,3,200.72,0.0,0.0,11524.0,2,-1.245,99.79,0.66,416.87,365.45
119.458,4,3,200.64,0.0,0.0,11520.0,2,-1.244,99.79,0.66,415.07,366.04
119.475,4,3,200.57,0.0,0.0,11515.0,2,-1.243,99.79,0.66,413.36,366.55
119.491,4,3,200.49,0.0,0.0,11511.0,2,-1.243,99.79,0.66,411.53,367.04
119.508,4,3,200.42,0.0,0.0,11507.0,2,-1.242,99.79,0.66,409.69,367.49
119.525,4,3,200.35,0.0,0.0,11502.0,2,-1.241,99.79,0.66,407.95,367.86
119.542,4,3,200.27,0.0,0.0,11498.0,2,-1.24,99.79,0.66,406.09,368.22
119.558,4,3,200.2,0.0,0.0,11494.0,2,-1.239,99.79,0.66,404.34,368.5
119.575,4,3,200.12,0.0,0.0,11490.0,2,-1.239,99.79,0.66,402.36,368.78
119.591,4,3,200.05,0.0,0.0,11485.0,2,-1.238,99.79,0.66,400.59,368.97
119.607,4,3,199.98,0.0,0.0,11481.0,2,-1.237,99.79,0.66,398.82,369.12
119.624,4,3,199.9,0.0,0.0,11477.0,2,-1.236,99.79,0.66,396.93,369.24
119.641,4,3,199.83,0.0,0.0,11473.0,2,-1.235,99.79,0.66,395.05,369.3
119.658,4,3,199.75,0.0,0.0,11468.0,2,-1.234,99.79,0.66,393.27,369.32
119.675,4,3,199.68,0.0,0.0,11464.0,2,-1.234,99.79,0.66,391.39,369.29
119.692,4,3,199.6,0.0,0.0,11460.0,2,-1.233,99.79,0.66,389.5,369.21
119.708,4,3,199.53,0.0,0.0,11456.0,2,-1.232,99.79,0.66,387.62,369.08
119.725,4,3,199.46,0.0,0.0,11451.0,2,-1.231,99.79,0.66,385.86,368.92
119.741,4,3,199.39,0.0,0.0,11447.0,2,-1.23,99.79,0.66,384.1,368.71
119.758,4,3,199.31,0.0,0.0,11443.0,2,-1.23,99.79,0.66,382.23,368.44
119.774,4,3,199.24,0.0,0.0,11439.0,2,-1.229,99.79,0.66,380.49,368.14
119.79,4,3,199.17,0.0,0.0,11435.0,2,-1.228,99.79,0.66,378.75,367.8
119.807,4,3,199.09,0.0,0.0,11431.0,2,-1.227,99.79,0.66,376.92,367.39
119.823,4,3,199.02,0.0,0.0,11426.0,2,-1.226,99.79,0.66,375.09,366.93
119.84,4,3,198.94,0.0,0.0,11422.0,2,-1.226,99.79,0.66,373.28,366.43
119.857,4,3,198.87,0.0,0.0,11418.0,2,-1.225,99.79,0.66,371.59,365.91
119.873,4,3,198.8,0.0,0.0,11414.0,2,-1.224,99.79,0.66,369.91,365.35
119.889,4,3,198.73,0.0,0.0,11410.0,2,-1.223,99.79,0.66,368.25,364.75
119.905,4,3,198.66,0.0,0.0,11406.0,2,-1.222,99.79,0.66,366.61,364.11
119.921,4,3,198.59,0.0,0.0,11402.0,2,-1.222,99.79,0.66,364.98,363.43
119.937,4,3,198.52,0.0,0.0,11398.0,2,-1.221,99.79,0.66,363.27,362.66
119.954,4,3,198.44,0.0,0.0,11393.0,2,-1.22,99.79,0.66,361.58,361.84
119.97,4,3,198.37,0.0,0.0,11389.0,2,-1.219,99.79,0.66,360.01,361.04
119.987,4,3,198.3,0.0,0.0,11385.0,2,-1.218,99.79,0.66,358.47,360.2
120.003,4,3,198.23,0.0,0.0,11381.0,2,-1.218,99.79,0.66,356.84,359.26
120.02,4,3,198.15,0.0,0.0,11377.0,2,-1.217,99.79,0.66,355.25,358.28
120.037,4,3,198.08,0.0,0.0,11372.0,2,-1.216,99.79,0.66,353.68,357.27
120.054,4,3,198.0,0.0,0.0,11368.0,2,-1.215,99.79,0.66,352.13,356.21
120.071,4,3,197.93,0.0,0.0,11364.0,2,-1.214,99.79,0.66,350.71,355.18
120.086,4,3,197.86,0.0,0.0,11360.0,2,-1.214,99.79,0.66,349.31,354.11
120.103,4,3,197.79,0.0,0.0,11356.0,2,-1.213,99.79,0.66,347.94,353.02
120.118,4,3,197.72,0.0,0.0,11352.0,2,-1.212,99.79,0.66,346.59,351.88
120.135,4,3,197.66,0.0,0.0,11348.0,2,-1.211,99.79,0.66,345.28,350.72
120.151,4,3,197.58,0.0,0.0,11344.0,2,-1.211,99.79,0.66,343.92,349.44
120.168,4,3,197.51,0.0,0.0,11340.0,2,-1.21,99.79,0.66,342.59,348.13
120.184,4,3,197.44,0.0,0.0,11335.0,2,-1.209,99.79,0.66,341.36,346.87
120.2,4,3,197.37,0.0,0.0,11331.0,2,-1.208,99.79,0.66,340.18,345.58
120.217,4,3,197.3,0.0,0.0,11327.0,2,-1.208,99.79,0.66,339.02,344.26
120.232,4,3,197.23,0.0,0.0,11323.0,2,-1.207,99.79,0.66,337.9,342.91
120.25,4,3,197.15,0.0,0.0,11319.0,2,-1.206,99.79,0.66,336.75,341.45
120.266,4,3,197.08,0.0,0.0,11315.0,2,-1.205,99.79,0.66,335.63,339.96
120.282,4,3,197.01,0.0,0.0,11311.0,2,-1.204,99.79,0.66,334.62,338.54
120.299,4,3,196.94,0.0,0.0,11307.0,2,-1.204,99.79,0.66,333.58,336.99
120.316,4,3,196.86,0.0,0.0,11303.0,2,-1.203,99.79,0.66,332.58,335.43
120.333,4,3,196.79,0.0,0.0,11298.0,2,-1.202,99.79,0.66,331.62,333.84
120.35,4,3,196.72,0.0,0.0,11294.0,2,-1.201,99.79,0.66,330.7,332.22
120.366,4,3,196.65,0.0,0.0,11290.0,2,-1.2,99.79,0.66,329.87,330.68
120.383,4,3,196.57,0.0,0.0,11286.0,2,-1.2,99.79,0.66,329.03,329.02
120.401,4,3,196.5,0.0,0.0,11282.0,2,-1.199,99.79,0.66,328.24,327.35
120.416,4,3,196.43,0.0,0.0,11278.0,2,-1.198,99.79,0.66,327.53,325.75
120.433,4,3,196.36,0.0,0.0,11274.0,2,-1.197,99.79,0.66,326.82,324.04
120.45,4,3,196.29,0.0,0.0,11269.0,2,-1.197,99.79,0.66,326.2,322.41
120.467,4,3,196.22,0.0,0.0,11266.0,2,-1.196,99.79,0.66,325.57,320.66
120.484,4,3,196.14,0.0,0.0,11261.0,2,-1.195,99.79,0.66,325.0,318.9
120.5,4,3,196.07,0.0,0.0,11257.0,2,-1.194,99.79,0.66,324.46,317.13
120.518,4,3,195.99,0.0,0.0,11253.0,2,-1.193,99.79,0.66,323.94,315.24
120.536,4,3,195.92,0.0,0.0,11248.0,2,-1.193,99.79,0.66,323.5,313.44
120.552,4,3,195.85,0.0,0.0,11244.0,2,-1.192,99.79,0.66,323.1,311.64
120.569,4,3,195.77,0.0,0.0,11240.0,2,-1.191,99.79,0.66,322.75,309.82
120.586,4,3,195.7,0.0,0.0,11236.0,2,-1.19,99.79,0.66,322.44,308.0
120.603,4,3,195.63,0.0,0.0,11232.0,2,-1.189,99.79,0.66,322.18,306.17
120.62,4,3,195.56,0.0,0.0,11228.0,2,-1.189,99.79,0.66,321.96,304.34
120.637,4,3,195.49,0.0,0.0,11223.0,2,-1.188,99.79,0.66,321.8,302.61
120.652,4,3,195.42,0.0,0.0,11219.0,2,-1.187,99.79,0.66,321.69,300.87
120.67,4,3,195.34,0.0,0.0,11216.0,2,-1.186,99.79,0.66,321.6,298.92
120.688,4,3,195.27,0.0,0.0,11211.0,2,-1.186,99.79,0.66,321.57,297.08
120.704,4,3,195.2,0.0,0.0,11207.0,2,-1.185,99.79,0.66,321.58,295.23
120.721,4,3,195.13,0.0,0.0,11203.0,2,-1.184,99.79,0.66,321.64,293.5
120.737,4,3,195.06,0.0,0.0,11199.0,2,-1.183,99.79,0.66,321.74,291.66
120.755,4,3,194.98,0.0,0.0,11195.0,2,-1.183,99.79,0.66,321.89,289.82
120.771,4,3,194.92,0.0,0.0,11191.0,2,-1.182,99.79,0.66,322.08,288.1
120.787,4,3,194.84,0.0,0.0,11187.0,2,-1.181,99.79,0.66,322.32,286.28
120.804,4,3,194.77,0.0,0.0,11183.0,2,-1.18,99.79,0.66,322.61,284.46
120.82,4,3,194.7,0.0,0.0,11178.0,2,-1.179,99.79,0.66,322.92,282.76
120.837,4,3,194.64,0.0,0.0,11174.0,2,-1.179,99.79,0.66,323.27,281.06
120.853,4,3,194.57,0.0,0.0,11171.0,2,-1.178,99.79,0.66,323.67,279.38
120.869,4,3,194.5,0.0,0.0,11167.0,2,-1.177,99.79,0.66,324.13,277.6
120.886,4,3,194.42,0.0,0.0,11163.0,2,-1.177,99.79,0.66,324.64,275.84
120.902,4,3,194.36,0.0,0.0,11158.0,2,-1.176,99.79,0.66,325.16,274.19
120.919,4,3,194.28,0.0,0.0,11155.0,2,-1.175,99.79,0.66,325.76,272.46
120.936,4,3,194.21,0.0,0.0,11150.0,2,-1.174,99.79,0.66,326.39,270.74
120.952,4,3,194.14,0.0,0.0,11146.0,2,-1.173,99.79,0.66,327.03,269.13
120.969,4,3,194.08,0.0,0.0,11142.0,2,-1.173,99.79,0.66,327.71,267.55
120.984,4,3,194.01,0.0,0.0,11139.0,2,-1.172,99.79,0.66,328.43,265.98
121.0,4,3,193.94,0.0,0.0,11135.0,2,-1.171,99.79,0.66,329.19,264.43
121.017,4,3,193.87,0.0,0.0,11131.0,2,-1.171,99.79,0.66,330.03,262.81
121.034,4,3,193.8,0.0,0.0,11127.0,2,-1.17,99.79,0.66,330.91,261.2
121.05,4,3,193.73,0.0,0.0,11123.0,2,-1.169,99.79,0.66,331.78,259.71
121.067,4,3,193.66,0.0,0.0,11119.0,2,-1.168,99.79,0.66,332.68,258.25
121.083,4,3,193.59,0.0,0.0,11115.0,2,-1.168,99.79,0.66,333.68,256.72
121.1,4,3,193.52,0.0,0.0,11111.0,2,-1.167,99.79,0.66,334.72,255.21
121.117,4,3,193.45,0.0,0.0,11107.0,2,-1.166,99.79,0.66,335.73,253.82
121.132,4,3,193.39,0.0,0.0,11103.0,2,-1.165,99.79,0.66,336.77,252.45
121.149,4,3,193.32,0.0,0.0,11099.0,2,-1.165,99.79,0.66,337.91,251.03
121.166,4,3,193.24,0.0,0.0,11095.0,2,-1.164,99.79,0.66,339.09,249.63
121.183,4,3,193.18,0.0,0.0,11091.0,2,-1.163,99.79,0.66,340.23,248.35
121.199,4,3,193.11,0.0,0.0,11087.0,2,-1.162,99.79,0.66,341.47,247.01
121.216,4,3,193.04,0.0,0.0,11083.0,2,-1.162,99.79,0.66,342.75,245.71
121.234,4,3,192.96,0.0,0.0,11079.0,2,-1.161,99.79,0.66,344.05,244.44
121.25,4,3,192.9,0.0,0.0,11075.0,2,-1.16,99.79,0.66,345.31,243.28
121.266,4,3,192.83,0.0,0.0,11071.0,2,-1.159,99.79,0.66,346.6,242.14
121.282,4,3,192.76,0.0,0.0,11067.0,2,-1.159,99.79,0.66,347.99,240.97
121.299,4,3,192.69,0.0,0.0,11063.0,2,-1.158,99.79,0.66,349.42,239.84
121.316,4,3,192.62,0.0,0.0,11059.0,2,-1.157,99.79,0.66,350.78,238.81
121.331,4,3,192.56,0.0,0.0,11055.0,2,-1.157,99.79,0.66,352.17,237.81
121.348,4,3,192.49,0.0,0.0,11051.0,2,-1.156,99.79,0.66,353.58,236.84
121.364,4,3,192.42,0.0,0.0,11047.0,2,-1.155,99.79,0.66,355.11,235.85
121.382,4,3,192.35,0.0,0.0,11043.0,2,-1.154,99.79,0.66,356.66,234.9
121.398,4,3,192.28,0.0,0.0,11039.0,2,-1.154,99.79,0.66,358.23,233.99
121.415,4,3,192.21,0.0,0.0,11035.0,2,-1.153,99.79,0.66,359.73,233.17
121.431,4,3,192.14,0.0,0.0,11031.0,2,-1.152,99.79,0.66,361.34,232.34
121.448,4,3,192.07,0.0,0.0,11027.0,2,-1.151,99.79,0.66,362.97,231.55
121.465,4,3,192.0,0.0,0.0,11023.0,2,-1.151,99.79,0.66,364.52,230.84
121.482,4,3,191.93,0.0,0.0,11020.0,2,-1.15,99.79,0.66,366.19,230.13
121.498,4,3,191.86,0.0,0.0,11015.0,2,-1.149,99.79,0.66,367.88,229.46
121.515,4,3,191.8,0.0,0.0,11011.0,2,-1.148,99.79,0.66,369.47,228.87
121.531,4,3,191.73,0.0,0.0,11008.0,2,-1.148,99.79,0.66,371.19,228.28
121.548,4,3,191.66,0.0,0.0,11004.0,2,-1.147,99.79,0.66,372.91,227.74
121.564,4,3,191.59,0.0,0.0,11000.0,2,-1.146,99.79,0.66,374.55,227.26
121.58,4,3,191.52,0.0,0.0,10996.0,2,-1.146,99.79,0.66,376.2,226.83
121.597,4,3,191.46,0.0,0.0,10992.0,2,-1.145,99.79,0.66,377.85,226.44
121.613,4,3,191.39,0.0,0.0,10988.0,2,-1.144,99.79,0.66,379.62,226.07
121.63,4,3,191.32,0.0,0.0,10984.0,2,-1.143,99.79,0.66,381.4,225.74
121.647,4,3,191.25,0.0,0.0,10980.0,2,-1.143,99.79,0.66,383.08,225.47
121.663,4,3,191.19,0.0,0.0,10976.0,2,-1.142,99.79,0.66,384.76,225.24
121.679,4,3,191.12,0.0,0.0,10973.0,2,-1.141,99.79,0.66,386.56,225.05
121.696,4,3,191.05,0.0,0.0,10969.0,2,-1.141,99.79,0.66,388.25,224.9
121.712,4,3,190.99,0.0,0.0,10965.0,2,-1.14,99.79,0.66,389.94,224.8
121.728,4,3,190.92,0.0,0.0,10961.0,2,-1.139,99.79,0.66,391.74,224.73
121.746,4,3,190.85,0.0,0.0,10957.0,2,-1.138,99.79,0.66,393.55,224.71
121.762,4,3,190.78,0.0,0.0,10953.0,2,-1.138,99.79,0.66,395.35,224.73
121.78,4,3,190.71,0.0,0.0,10949.0,2,-1.137,99.79,0.66,397.15,224.79
121.796,4,3,190.64,0.0,0.0,10945.0,2,-1.136,99.79,0.66,398.95,224.9
121.813,4,3,190.57,0.0,0.0,10941.0,2,-1.136,99.79,0.66,400.74,225.06
121.829,4,3,190.5,0.0,0.0,10937.0,2,-1.135,99.79,0.66,402.42,225.24
121.846,4,3,190.44,0.0,0.0,10933.0,2,-1.134,99.79,0.66,404.1,225.47
121.862,4,3,190.37,0.0,0.0,10930.0,2,-1.133,99.79,0.66,405.77,225.73
121.878,4,3,190.31,0.0,0.0,10926.0,2,-1.133,99.79,0.66,407.43,226.04
121.895,4,3,190.24,0.0,0.0,10922.0,2,-1.132,99.79,0.66,409.19,226.41
121.911,4,3,190.17,0.0,0.0,10918.0,2,-1.131,99.79,0.66,410.84,226.79
121.927,4,3,190.1,0.0,0.0,10914.0,2,-1.131,99.79,0.66,412.58,227.24
121.944,4,3,190.04,0.0,0.0,10910.0,2,-1.13,99.79,0.66,414.2,227.71
121.96,4,3,189.97,0.0,0.0,10907.0,2,-1.129,99.79,0.66,415.81,228.21
121.976,4,3,189.91,0.0,0.0,10903.0,2,-1.129,99.79,0.66,417.41,228.76
121.992,4,3,189.84,0.0,0.0,10899.0,2,-1.128,99.79,0.66,418.99,229.34
122.008,4,3,189.77,0.0,0.0,10896.0,2,-1.127,99.79,0.66,420.66,230.0
122.024,4,3,189.71,0.0,0.0,10892.0,2,-1.126,99.79,0.66,422.21,230.65
122.041,4,3,189.64,0.0,0.0,10888.0,2,-1.126,99.79,0.66,423.77,231.31
122.056,4,3,189.58,0.0,0.0,10884.0,2,-1.125,99.79,0.66,425.32,231.97
122.073,4,3,189.51,0.0,0.0,10880.0,2,-1.124,99.79,0.66,426.97,232.66
122.09,4,3,189.44,0.0,0.0,10876.0,2,-1.124,99.79,0.66,428.62,233.36
122.107,4,3,189.38,0.0,0.0,10873.0,2,-1.123,99.79,0.66,430.17,234.02
122.123,4,3,189.31,0.0,0.0,10869.0,2,-1.122,99.79,0.66,431.81,234.71
122.14,4,3,189.24,0.0,0.0,10865.0,2,-1.122,99.79,0.66,433.46,235.41
122.157,4,3,189.17,0.0,0.0,10861.0,2,-1.121,99.79,0.66,435.1,236.1
122.175,4,3,188.25,0.0,100.0,10857.0,2,-15.049,99.79,0.66,436.74,236.8
122.192,4,3,187.33,0.0,100.0,10804.0,2,-15.04,99.79,0.67,438.37,237.49
122.207,4,3,186.46,0.0,100.0,10751.0,2,-15.03,99.79,0.67,439.9,238.13
122.223,4,3,185.6,0.0,100.0,10702.0,2,-15.021,99.79,0.67,441.42,238.77
122.24,4,3,184.68,0.0,100.0,10652.0,2,-15.012,99.79,0.67,443.02,239.45
122.257,4,3,183.82,0.0,100.0,10599.0,2,-15.003,99.79,0.67,444.53,240.09
122.273,4,3,182.9,0.0,100.0,10550.0,2,-14.994,99.79,0.67,446.12,240.76
122.289,4,3,182.04,0.0,100.0,10497.0,2,-14.985,99.79,0.67,447.61,241.39
122.305,4,3,181.17,0.0,100.0,10447.0,2,-14.976,99.79,0.67,449.09,242.02
122.322,4,3,180.31,0.0,100.0,10398.0,2,-14.968,99.79,0.67,450.57,242.64
122.338,4,3,179.4,0.0,100.0,10348.0,2,-14.959,99.79,0.67,452.13,243.3
122.355,4,3,178.53,0.0,100.0,10296.0,2,-14.95,99.79,0.67,453.59,243.92
122.371,4,3,177.62,0.0,100.0,10246.0,2,-14.941,99.79,0.67,455.14,244.58
122.388,4,3,176.71,0.0,100.0,10194.0,2,-14.932,99.79,0.67,456.67,245.23
122.405,4,3,175.85,0.0,100.0,10142.0,2,-14.924,99.79,0.67,458.11,245.84
122.42,4,3,174.99,0.0,100.0,10092.0,2,-14.915,99.79,0.67,459.55,246.44
122.437,4,3,174.13,0.0,100.0,10043.0,2,-14.907,99.79,0.67,460.97,247.04
122.453,4,3,173.22,0.0,100.0,9994.0,2,-14.899,99.79,0.67,462.48,247.68
122.469,4,3,172.36,0.0,100.0,9941.0,2,-14.89,99.79,0.67,463.89,248.28
122.485,4,3,171.5,0.0,100.0,9892.0,2,-14.882,99.79,0.67,465.29,248.87
122.502,4,3,170.64,0.0,100.0,9843.0,2,-14.874,99.79,0.67,466.69,249.46
122.517,4,3,169.79,0.0,100.0,9794.0,2,-14.865,99.79,0.67,468.08,250.05
122.534,4,3,168.88,0.0,100.0,9745.0,2,-14.857,99.79,0.67,469.55,250.67
122.551,4,3,167.97,0.0,100.0,9692.0,2,-14.849,99.79,0.67,471.01,251.29
122.567,4,3,167.12,0.0,100.0,9640.0,2,-14.84,99.79,0.67,472.38,251.87
122.584,4,3,166.21,0.0,100.0,9591.0,2,-14.833,99.79,0.67,473.82,252.48
122.602,4,3,165.3,0.0,100.0,9539.0,2,-14.824,99.79,0.67,475.26,253.09
122.617,4,3,164.45,0.0,100.0,9487.0,2,-14.816,99.79,0.67,476.61,253.66
122.634,4,3,163.54,0.0,100.0,9438.0,2,-14.808,99.79,0.67,478.03,254.26
122.65,4,3,162.69,0.0,100.0,9386.0,2,-14.8,99.79,0.67,479.36,254.82
122.666,4,3,161.84,0.0,100.0,9337.0,2,-14.792,99.79,0.67,480.69,255.38
122.683,4,3,160.93,0.0,100.0,9288.0,2,-14.785,99.79,0.67,482.09,255.97
122.7,4,3,160.03,0.0,100.0,9236.0,2,-14.777,99.79,0.67,483.48,256.56
122.718,4,3,159.12,0.0,100.0,9184.0,2,-14.769,99.79,0.67,484.86,257.15
122.735,4,3,158.22,0.0,100.0,9132.0,2,-14.761,99.79,0.67,486.24,257.73
122.751,4,3,157.32,0.0,100.0,9081.0,2,-14.753,99.79,0.67,487.61,258.31
122.768,4,3,156.47,0.0,100.0,9029.0,2,-14.745,99.79,0.67,488.89,258.85
122.785,4,3,155.57,0.0,100.0,8980.0,2,-14.737,99.79,0.67,490.24,259.42
122.801,4,3,154.66,0.0,100.0,8928.0,2,-14.73,99.79,0.67,491.59,259.99
122.818,4,3,153.76,0.0,100.0,8877.0,2,-14.722,99.79,0.67,492.93,260.56
122.836,4,3,152.81,0.0,100.0,8825.0,2,-14.714,99.79,0.67,494.33,261.15
122.854,4,3,151.91,0.0,100.0,8770.0,2,-14.706,99.79,0.67,495.65,261.71
122.87,4,3,151.01,0.0,100.0,8718.0,2,-14.699,99.79,0.67,496.97,262.27
122.886,4,3,150.16,0.0,100.0,8667.0,2,-14.691,99.79,0.67,498.2,262.79
122.904,4,3,149.21,0.0,100.0,8618.0,2,-14.684,99.79,0.67,499.57,263.37
122.921,4,3,148.37,0.0,100.0,8564.0,2,-14.676,99.79,0.67,500.79,263.88
122.937,4,3,147.47,0.0,100.0,8515.0,2,-14.669,99.79,0.67,502.07,264.43
122.955,4,3,146.57,0.0,100.0,8464.0,2,-14.662,99.79,0.67,503.34,264.96
122.971,4,3,145.73,0.0,100.0,8412.0,2,-14.655,99.79,0.67,504.54,265.47
122.987,4,3,144.83,0.0,100.0,8364.0,2,-14.648,99.79,0.67,505.8,266.0
123.004,4,3,143.94,0.0,100.0,8312.0,2,-14.641,99.79,0.67,507.05,266.53
123.022,4,3,143.04,0.0,100.0,8261.0,2,-14.633,99.79,0.67,508.29,267.06
123.038,4,3,142.15,0.0,100.0,8209.0,2,-14.626,99.79,0.68,509.53,267.58
123.056,4,3,141.25,0.0,100.0,8158.0,2,-14.619,99.79,0.68,510.76,268.1
123.072,4,3,140.36,0.0,100.0,8107.0,2,-14.612,99.79,0.68,511.98,268.62
123.088,4,3,139.52,0.0,100.0,8055.0,2,-14.605,99.79,0.68,513.12,269.1
123.105,4,3,138.62,0.0,100.0,8007.0,2,-14.599,99.79,0.68,514.33,269.61
123.122,4,3,137.73,0.0,100.0,7956.0,2,-14.592,99.79,0.68,515.53,270.12
123.139,4,3,136.84,0.0,100.0,7905.0,2,-14.585,99.79,0.68,516.72,270.62
123.156,4,3,135.94,0.0,100.0,7853.0,2,-14.578,99.79,0.68,517.9,271.12
123.172,4,3,135.1,0.0,100.0,7802.0,2,-14.572,99.79,0.68,519.0,271.59
123.189,4,3,134.21,0.0,100.0,7754.0,2,-14.565,99.79,0.68,520.17,272.08
123.206,4,3,133.32,0.0,100.0,7703.0,2,-14.559,99.79,0.68,521.33,272.57
123.223,4,3,132.48,0.0,100.0,7652.0,2,-14.552,99.79,0.68,522.42,273.03
123.239,4,3,131.59,0.0,100.0,7604.0,2,-14.546,99.79,0.68,523.56,273.51
123.256,4,3,130.7,0.0,100.0,7552.0,2,-14.54,99.79,0.68,524.7,274.0
123.272,4,3,129.87,0.0,100.0,7501.0,2,-14.533,99.79,0.68,525.76,274.45
123.288,4,3,129.03,0.0,100.0,7453.0,2,-14.527,99.79,0.68,526.82,274.89
123.305,4,3,128.14,0.0,100.0,7405.0,2,-14.521,99.79,0.68,527.93,275.36
123.322,4,3,127.25,0.0,100.0,7354.0,2,-14.515,99.79,0.68,529.04,275.83
123.339,4,3,126.37,0.0,100.0,7303.0,2,-14.509,99.79,0.68,530.14,276.3
123.356,4,3,125.48,0.0,100.0,7252.0,2,-14.502,99.79,0.68,531.23,276.76
123.373,4,3,124.64,0.0,100.0,7201.0,2,-14.496,99.79,0.68,532.25,277.19
123.39,4,3,123.76,0.0,100.0,7154.0,2,-14.49,99.79,0.68,533.33,277.64
123.406,4,3,122.92,0.0,100.0,7103.0,2,-14.484,99.79,0.68,534.33,278.07
123.422,4,3,122.04,0.0,100.0,7055.0,2,-14.479,99.79,0.68,535.39,278.52
123.439,4,3,121.15,0.0,100.0,7004.0,2,-14.473,99.79,0.68,536.45,278.97
123.456,4,3,120.26,0.0,100.0,6953.0,2,-14.467,99.79,0.68,537.49,279.41
123.473,4,3,119.38,0.0,100.0,6902.0,2,-14.461,99.79,0.68,538.53,279.85
123.49,4,3,118.55,0.0,100.0,6851.0,2,-14.455,99.79,0.68,539.5,280.26
123.506,4,3,117.66,0.0,100.0,6804.0,2,-14.449,99.79,0.68,540.53,280.69
123.522,4,3,116.83,0.0,100.0,6753.0,2,-14.444,99.79,0.68,541.48,281.09
123.538,4,3,116.0,0.0,100.0,6705.0,2,-14.438,99.79,0.68,542.43,281.5
123.556,4,3,115.12,0.0,100.0,6657.0,2,-14.433,99.79,0.68,543.43,281.92
123.573,4,3,114.23,0.0,100.0,6607.0,2,-14.427,99.79,0.68,544.43,282.34
123.589,4,3,113.35,0.0,100.0,6556.0,2,-14.422,99.79,0.68,545.41,282.76
123.606,4,3,112.52,0.0,100.0,6505.0,2,-14.416,99.79,0.68,546.33,283.15
123.622,4,3,111.64,0.0,100.0,6458.0,2,-14.411,99.79,0.68,547.31,283.56
123.64,4,3,110.76,0.0,100.0,6407.0,2,-14.406,99.79,0.68,548.27,283.96
123.656,4,3,109.87,0.0,100.0,6357.0,2,-14.4,99.79,0.68,549.22,284.37
123.673,4,3,108.99,0.0,100.0,6306.0,2,-14.395,99.79,0.68,550.17,284.77
123.69,4,3,108.11,0.0,100.0,6255.0,2,-14.389,99.79,0.68,551.11,285.17
123.706,4,3,107.28,0.0,100.0,6205.0,2,-14.384,99.79,0.68,551.99,285.54
123.723,4,3,106.4,0.0,100.0,6157.0,2,-14.379,99.79,0.68,552.92,285.93
123.741,4,3,105.52,0.0,100.0,6107.0,2,-14.374,99.79,0.68,553.83,286.32
123.757,4,3,104.65,0.0,100.0,6056.0,2,-14.369,99.79,0.68,554.75,286.7
123.774,4,3,103.82,0.0,100.0,6006.0,2,-14.364,99.79,0.68,555.6,287.06
123.791,4,3,102.94,0.0,100.0,7944.0,1,-14.359,99.79,0.68,556.49,287.44
123.807,4,3,102.06,0.0,100.0,7877.0,1,-14.354,99.79,0.68,557.38,287.82
123.825,4,3,101.18,0.0,100.0,7810.0,1,-14.349,99.79,0.68,558.26,288.19
123.841,4,3,100.3,0.0,100.0,7743.0,1,-14.344,99.79,0.68,559.13,288.56
123.858,4,3,99.48,0.0,100.0,7676.0,1,-14.339,99.79,0.68,559.95,288.9
123.875,4,3,98.6,0.0,100.0,7612.0,1,-14.335,99.79,0.68,560.8,289.27
123.891,4,3,97.78,0.0,100.0,7545.0,1,-14.33,99.79,0.68,561.6,289.6
123.907,4,3,96.95,0.0,100.0,7482.0,1,-14.325,99.79,0.69,562.4,289.94
123.923,4,3,96.13,0.0,100.0,7419.0,1,-14.321,99.79,0.69,563.18,290.27
123.938,4,3,95.3,0.0,100.0,7356.0,1,-14.317,99.79,0.69,563.96,290.6
123.956,4,3,94.43,0.0,100.0,7293.0,1,-14.312,99.79,0.69,564.79,290.95
123.972,4,3,93.55,0.0,100.0,7226.0,1,-14.308,99.79,0.69,565.6,291.29
123.989,4,3,92.73,0.0,100.0,7159.0,1,-14.303,99.79,0.69,566.36,291.62
124.006,4,3,91.85,0.0,100.0,7096.0,1,-14.299,99.79,0.69,567.16,291.95
124.022,4,3,91.03,0.0,100.0,7029.0,1,-14.294,99.79,0.69,567.9,292.27
124.038,4,3,90.2,0.0,100.0,6966.0,1,-14.29,99.79,0.69,568.64,292.58
124.054,4,3,89.33,0.0,100.0,6903.0,1,-14.286,99.79,0.69,569.42,292.91
124.071,4,3,88.51,0.0,100.0,6836.0,1,-14.282,99.79,0.69,570.14,293.22
124.087,4,3,87.63,0.0,100.0,6773.0,1,-14.278,99.79,0.69,570.91,293.54
124.104,4,3,86.76,0.0,100.0,6706.0,1,-14.273,99.79,0.69,571.66,293.86
124.122,4,3,85.84,0.0,100.0,6639.0,1,-14.269,99.79,0.69,572.45,294.19
124.139,4,3,84.96,0.0,100.0,6568.0,1,-14.265,99.79,0.69,573.19,294.5
124.156,4,3,84.14,0.0,100.0,6502.0,1,-14.261,99.79,0.69,573.88,294.8
124.173,4,3,83.27,0.0,100.0,6439.0,1,-14.257,99.79,0.69,574.6,295.1
124.189,4,3,82.4,0.0,100.0,6372.0,1,-14.253,99.79,0.69,575.32,295.41
124.205,4,3,81.58,0.0,100.0,6305.0,1,-14.249,99.79,0.69,575.99,295.69
124.222,4,3,80.76,0.0,100.0,6242.0,1,-14.245,99.79,0.69,576.65,295.97
124.239,4,3,79.83,0.0,100.0,6180.0,1,-14.241,99.79,0.69,577.38,296.28
124.256,4,3,78.96,0.0,100.0,6109.0,1,-14.237,99.79,0.69,578.07,296.57
124.274,4,3,78.09,0.0,100.0,6042.0,1,-14.234,99.79,0.69,578.75,296.86
124.29,4,3,77.27,0.0,100.0,5976.0,1,-14.23,99.79,0.69,579.38,297.12
124.306,4,3,76.45,0.0,100.0,5913.0,1,-14.226,99.79,0.69,580.01,297.39
124.322,4,3,75.58,0.0,100.0,5850.0,1,-14.223,99.79,0.69,580.67,297.67
124.339,4,3,74.71,0.0,100.0,5784.0,1,-14.219,99.79,0.69,581.32,297.94
124.356,4,3,73.89,0.0,100.0,5717.0,1,-14.216,99.79,0.69,581.92,298.2
124.372,4,3,73.07,0.0,100.0,5654.0,1,-14.212,99.79,0.69,582.52,298.45
124.388,4,3,72.2,0.0,100.0,5592.0,1,-14.209,99.79,0.69,583.15,298.72
124.405,4,3,71.38,0.0,100.0,5525.0,1,-14.205,99.79,0.69,583.73,298.96
124.421,4,3,70.57,0.0,100.0,5463.0,1,-14.202,99.79,0.69,584.31,299.21
124.437,4,3,69.75,0.0,100.0,5400.0,1,-14.199,99.79,0.69,584.88,299.45
124.454,4,3,68.88,0.0,100.0,5337.0,1,-14.196,99.79,0.69,585.48,299.7
124.469,4,3,68.06,0.0,100.0,5271.0,1,-14.192,99.79,0.69,586.04,299.94
124.487,4,3,67.19,0.0,100.0,5208.0,1,-14.189,99.79,0.69,586.62,300.18
124.503,4,3,66.38,0.0,100.0,5142.0,1,-14.186,99.79,0.69,587.16,300.41
124.52,4,3,65.51,0.0,100.0,5079.0,1,-14.183,99.79,0.69,587.73,300.66
124.536,4,3,64.69,0.0,100.0,5013.0,1,-14.18,99.79,0.69,588.26,300.88
124.551,4,3,63.88,0.0,100.0,4950.0,1,-14.177,99.79,0.69,588.79,301.1
124.567,4,3,63.06,0.0,100.0,4888.0,1,-14.174,99.79,0.69,589.3,301.32
124.584,4,3,62.24,0.0,100.0,4826.0,1,-14.171,99.79,0.69,589.81,301.53
124.6,4,3,61.38,0.0,100.0,4763.0,1,-14.168,99.79,0.69,590.35,301.76
124.617,4,3,60.56,0.0,100.0,4697.0,1,-14.165,99.79,0.69,590.84,301.97
124.633,4,3,59.69,0.0,100.0,4634.0,1,-14.163,99.79,0.69,591.36,302.19
124.65,4,3,58.83,0.0,100.0,4568.0,1,-14.16,99.79,0.69,591.87,302.41
124.667,4,3,57.96,0.0,100.0,4502.0,1,-14.157,99.79,0.69,592.38,302.62
124.685,4,3,57.09,0.0,100.0,4435.0,1,-14.154,99.79,0.69,592.87,302.83
124.701,4,3,56.28,0.0,100.0,4369.0,1,-14.151,99.79,0.69,593.33,303.02
124.718,4,3,55.41,0.0,100.0,4307.0,1,-14.149,99.79,0.69,593.82,303.23
124.735,4,3,54.55,0.0,100.0,4240.0,1,-14.146,99.79,0.69,594.29,303.43
124.75,4,3,53.73,0.0,100.0,4174.0,1,-14.143,99.79,0.69,594.73,303.61
124.767,4,3,52.92,0.0,100.0,4112.0,1,-14.141,99.79,0.69,595.17,303.79
124.782,4,3,52.1,0.0,100.0,4049.0,1,-14.139,99.79,0.7,595.6,303.96
124.8,4,3,51.24,0.0,100.0,3987.0,1,-14.136,99.79,0.7,596.05,304.14
124.815,4,3,50.42,0.0,100.0,3921.0,1,-14.134,99.79,0.7,596.47,304.3
124.831,4,3,49.61,0.0,100.0,3859.0,1,-14.131,99.79,0.7,596.88,304.45
124.847,4,3,48.8,0.0,100.0,3796.0,1,-14.129,99.79,0.7,597.29,304.6
124.864,4,3,47.93,0.0,100.0,3734.0,1,-14.127,99.79,0.7,597.71,304.76
124.881,4,3,47.07,0.0,100.0,3668.0,1,-14.125,99.79,0.7,598.13,304.91
124.898,4,3,46.2,0.0,100.0,3602.0,1,-14.122,99.79,0.7,598.54,305.05
124.915,4,3,45.34,0.0,100.0,3536.0,1,-14.12,99.79,0.7,598.95,305.19
124.931,4,3,44.53,0.0,100.0,3470.0,1,-14.118,99.79,0.7,599.32,305.32
124.948,4,3,43.71,0.0,100.0,3407.0,1,-14.116,99.79,0.7,599.69,305.44
124.964,4,3,42.85,0.0,100.0,3345.0,1,-14.114,99.79,0.7,600.08,305.56
124.981,4,3,42.04,0.0,100.0,3279.0,1,-14.112,99.79,0.7,600.43,305.68
124.996,4,3,41.22,0.0,100.0,3217.0,1,-14.11,99.79,0.7,600.78,305.79
125.013,4,3,40.36,0.0,100.0,3155.0,1,-14.108,99.79,0.7,601.15,305.9
125.03,4,3,39.5,0.0,100.0,3088.0,1,-14.106,99.79,0.7,601.5,306.01
125.047,4,3,38.63,0.0,100.0,3022.0,1,-14.104,99.79,0.7,601.85,306.11
125.065,4,3,37.77,0.0,100.0,3000,1,-14.102,99.79,0.7,602.2,306.21
125.08,4,3,36.96,0.0,100.0,3000,1,-14.101,99.79,0.7,602.51,306.3
125.097,4,3,36.1,0.0,100.0,3000,1,-14.099,99.79,0.7,602.84,306.39
125.114,4,3,35.28,0.0,100.0,3000,1,-14.097,99.79,0.7,603.14,306.48
125.13,4,3,34.42,0.0,100.0,3000,1,-14.096,99.79,0.7,603.46,306.56
125.147,4,3,33.56,0.0,100.0,3000,1,-14.094,99.79,0.7,603.76,306.64
125.163,4,3,32.75,0.0,100.0,3000,1,-14.092,99.79,0.7,604.04,306.72
125.179,4,3,31.94,0.0,100.0,3000,1,-14.091,99.79,0.7,604.32,306.79
125.196,4,3,31.07,0.0,100.0,3000,1,-14.089,99.79,0.7,604.6,306.86
125.213,4,3,30.21,0.0,100.0,3000,1,-14.088,99.79,0.7,604.88,306.93
125.231,4,3,29.35,0.0,100.0,3000,1,-14.086,99.79,0.7,605.15,307.0
125.247,4,3,28.54,0.0,100.0,3000,1,-14.085,99.79,0.7,605.4,307.05
125.264,4,3,27.68,0.0,100.0,3000,1,-14.084,99.79,0.7,605.65,307.12
125.279,4,3,26.86,0.0,100.0,3000,1,-14.082,99.79,0.7,605.88,307.17
125.295,4,3,26.05,0.0,100.0,3000,1,-14.081,99.79,0.7,606.11,307.22
125.312,4,3,25.19,0.0,100.0,3000,1,-14.08,99.79,0.7,606.34,307.27
125.329,4,3,24.33,0.0,100.0,3000,1,-14.079,99.79,0.7,606.56,307.33
125.346,4,3,23.52,0.0,100.0,3000,1,-14.077,99.79,0.7,606.77,307.37
125.362,4,3,22.66,0.0,100.0,3000,1,-14.076,99.79,0.7,606.98,307.42
125.38,4,3,21.8,0.0,100.0,3000,1,-14.075,99.79,0.7,607.18,307.46
125.396,4,3,20.99,0.0,100.0,3000,1,-14.074,99.79,0.7,607.36,307.5
125.411,4,3,20.17,0.0,100.0,3000,1,-14.073,99.79,0.7,607.54,307.53
125.428,4,3,19.31,0.0,100.0,3000,1,-14.072,99.79,0.7,607.72,307.57
125.445,4,3,18.45,0.0,100.0,3000,1,-14.071,99.79,0.7,607.89,307.61
125.462,4,3,17.64,0.0,100.0,3000,1,-14.07,99.79,0.7,608.04,307.64
125.478,4,3,16.78,0.0,100.0,3000,1,-14.07,99.79,0.7,608.2,307.67
125.496,4,3,15.92,0.0,100.0,3000,1,-14.069,99.79,0.7,608.34,307.7
125.512,4,3,15.06,0.0,100.0,3000,1,-14.068,99.79,0.7,608.48,307.73
125.528,4,3,14.25,0.0,100.0,3000,1,-14.067,99.79,0.7,608.61,307.75
125.544,4,3,13.44,0.0,100.0,3000,1,-14.067,99.79,0.7,608.72,307.77
125.56,4,3,12.63,0.0,100.0,3000,1,-14.066,99.79,0.7,608.83,307.79
125.577,4,3,11.77,0.0,100.0,3000,1,-14.065,99.79,0.7,608.94,307.81
125.593,4,3,10.96,0.0,100.0,3000,1,-14.065,99.79,0.7,609.04,307.83
125.611,4,3,10.1,0.0,100.0,3000,1,-14.064,99.79,0.7,609.13,307.85
125.627,4,3,9.29,0.0,100.0,3000,1,-14.064,99.79,0.7,609.21,307.86
125.643,4,3,8.48,0.0,100.0,3000,1,-14.063,99.79,0.7,609.29,307.88
125.659,4,3,7.67,0.0,100.0,3000,1,-14.063,99.79,0.7,609.36,307.89
125.675,4,3,6.86,0.0,100.0,3000,1,-14.063,99.79,0.71,609.42,307.9
125.691,4,3,6.05,0.0,100.0,3000,1,-14.062,99.79,0.71,609.47,307.91
125.707,4,3,5.24,0.0,100.0,3000,1,-14.062,99.79,0.71,609.51,307.92
125.723,4,3,4.38,0.0,100.0,3000,1,-14.062,99.79,0.71,609.55,307.93
125.74,4,3,3.52,0.0,100.0,3000,1,-14.062,99.79,0.71,609.59,307.93
125.758,4,3,2.65,0.0,100.0,3000,1,-14.061,99.79,0.71,609.61,307.94
125.773,4,3,1.84,0.0,100.0,3000,1,-14.061,99.79,0.71,609.63,307.94
125.79,4,3,1.03,0.0,100.0,3000,1,-14.061,99.79,0.71,609.64,307.94
125.806,4,3,0.17,0.0,100.0,3000,1,-14.061,99.79,0.71,609.64,307.94
125.823,4,3,0.0,0.0,100.0,3000,1,-14.061,99.79,0.71,609.64,307.94
125.84,4,3,0.0,0.0,100.0,3000,1,-13.928,99.79,0.71,609.64,307.94
125.855,4,3,0.0,0.0,100.0,3000,1,-13.928,99.79,0.71,609.64,307.94
125.871,4,3,0.0,0.0,100.0,3000,1,-13.928,99.79,0.71,609.64,307.94
125.888,4,3,0.0,0.0,100.0,3000,1,-13.928,99.79,0.71,609.64,307.94
125.904,4,3,0.0,0.0,100.0,3000,1,-13.928,99.79,0.71,609.64,307.94
125.92,4,3,0.0,0.0,100.0,3000,1,-13.928,99.79,0.71,609.64,307.94
125.936,4,3,0.0,0.0,100.0,3000,1,-13.928,99.79,0.71,609.64,307.94
125.952,4,3,0.0,0.0,100.0,3000,1,-13.928,99.79,0.71,609.64,307.94
125.968,4,3,0.0,0.0,100.0,3000,1,-13.928,99.79,0.71,609.64,307.94
125.984,4,3,0.0,0.0,100.0,3000,1,-13.928,99.79,0.71,609.64,307.94
126.001,4,3,0.0,0.0,100.0,3000,1,-13.927,99.79,0.71,609.64,307.94
126.017,4,3,0.0,0.0,100.0,3000,1,-13.927,99.79,0.71,609.64,307.94
126.033,4,3,0.0,0.0,100.0,3000,1,-13.927,99.79,0.71,609.64,307.94
126.049,4,3,0.0,0.0,100.0,3000,1,-13.927,99.79,0.71,609.64,307.94
126.064,4,3,0.0,0.0,100.0,3000,1,-13.927,99.79,0.71,609.64,307.94
126.081,4,3,0.0,0.0,100.0,3000,1,-13.927,99.79,0.71,609.64,307.94
126.098,4,3,0.0,0.0,100.0,3000,1,-13.927,99.79,0.71,609.64,307.94
126.114,4,3,0.0,0.0,0.0,3000,1,0.0,99.79,0.71,609.64,307.94
126.13,4,3,0.0,0.0,0.0,3000,1,0.0,99.79,0.71,609.64,307.94
126.145,4,3,0.0,0.0,0.0,3000,1,0.0,99.79,0.71,609.64,307.94
126.161,4,3,0.0,0.0,0.0,3000,1,0.0,99.79,0.71,609.64,307.94
126.178,4,3,0.0,0.0,0.0,3000,1,0.0,99.79,0.71,609.64,307.94
126.193,4,3,0.0,0.0,0.0,3000,1,0.0,99.79,0.71,609.64,307.94
126.21,4,3,0.0,0.0,0.0,3000,1,0.0,99.79,0.71,609.64,307.94
126.227,4,3,0.0,0.0,0.0,3000,1,0.0,99.79,0.71,609.64,307.94
126.244,4,3,0.0,0.0,0.0,3000,1,0.0,99.79,0.71,609.64,307.94
126.26,4,3,0.0,0.0,0.0,3000,1,0.0,99.79,0.71,609.64,307.94
126.275,4,3,0.0,0.0,0.0,3000,1,0.0,99.79,0.71,609.64,307.94
126.292,4,3,0.0,0.0,0.0,3000,1,0.0,99.79,0.71,609.64,307.94
126.307,4,3,0.0,0.0,0.0,3000,1,0.0,99.79,0.71,609.64,307.94
126.323,4,3,0.0,0.0,0.0,3000,1,0.0,99.79,0.71,609.64,307.94
126.34,4,3,0.0,0.0,0.0,3000,1,0.0,99.79,0.71,609.64,307.94
126.355,4,3,0.0,0.0,0.0,3000,1,0.0,99.79,0.71,609.64,307.94
126.372,4,3,0.0,0.0,0.0,3000,1,0.0,99.79,0.71,609.64,307.94
126.388,4,3,0.0,0.0,0.0,3000,1,0.0,99.79,0.71,609.64,307.94
126.403,4,3,0.0,0.0,0.0,3000,1,0.0,99.79,0.71,609.64,307.94
126.421,4,3,0.0,0.0,0.0,3000,1,0.0,99.79,0.71,609.64,307.94
126.436,4,3,0.0,0.0,0.0,3000,1,0.0,99.79,0.71,609.64,307.94
126.453,4,3,0.0,0.0,0.0,3000,1,0.0,99.79,0.71,609.64,307.94
126.469,4,3,0.0,0.0,0.0,3000,1,0.0,99.79,0.71,609.64,307.94
126.484,4,3,0.0,0.0,0.0,3000,1,0.0,99.79,0.71,609.64,307.94
126.501,4,3,0.0,0.0,0.0,3000,1,0.0,99.79,0.71,609.64,307.94
126.516,4,3,0.0,0.0,0.0,3000,1,0.0,99.79,0.71,609.64,307.94
126.533,4,3,0.0,0.0,0.0,3000,1,0.0,99.79,0.71,609.64,307.94
126.55,4,3,0.0,0.0,0.0,3000,1,0.0,99.79,0.71,609.64,307.94
126.566,4,3,0.0,0.0,0.0,3000,1,0.0,99.79,0.71,609.64,307.94
126.582,4,3,0.0,0.0,0.0,3000,1,0.0,99.79,0.71,609.64,307.94
126.598,4,3,0.0,0.0,0.0,3000,1,0.0,99.79,0.71,609.64,307.94
126.615,4,3,0.0,0.0,0.0,3000,1,0.0,99.79,0.71,609.64,307.94
126.631,4,3,0.0,0.0,0.0,3000,1,0.0,99.79,0.71,609.64,307.94
126.647,4,3,0.0,0.0,0.0,3000,1,0.0,99.79,0.71,609.64,307.94
126.662,4,3,0.0,0.0,0.0,3000,1,0.0,99.79,0.71,609.64,307.94
126.679,4,3,0.0,0.0,0.0,3000,1,0.0,99.79,0.71,609.64,307.94
126.695,4,3,0.0,0.0,0.0,3000,1,0.0,99.79,0.71,609.64,307.94
126.712,4,3,0.0,0.0,0.0,3000,1,0.0,99.79,0.71,609.64,307.94
126.727,4,3,0.0,0.0,0.0,3000,1,0.0,99.79,0.71,609.64,307.94
126.744,4,3,0.0,0.0,0.0,3000,1,0.0,99.79,0.71,609.64,307.94
126.762,4,3,0.0,0.0,0.0,3000,1,0.0,99.79,0.71,609.64,307.94
126.778,4,3,0.0,0.0,0.0,3000,1,0.0,99.79,0.71,609.64,307.94
126.795,4,3,0.0,0.0,0.0,3000,1,0.0,99.79,0.71,609.64,307.94
126.811,4,3,0.0,0.0,0.0,3000,1,0.0,99.79,0.71,609.64,307.94
126.828,4,3,0.0,0.0,0.0,3000,1,0.0,99.79,0.71,609.64,307.94
126.845,4,3,0.0,0.0,0.0,3000,1,0.0,99.79,0.71,609.64,307.94
126.862,4,3,0.0,0.0,0.0,3000,1,0.0,99.79,0.71,609.64,307.94
126.878,4,3,0.0,0.0,0.0,3000,1,0.0,99.79,0.71,609.64,307.94
126.894,4,3,0.0,0.0,0.0,3000,1,0.0,99.79,0.71,609.64,307.94
126.91,4,3,0.0,0.0,0.0,3000,1,0.0,99.79,0.71,609.64,307.94
126.926,4,3,0.0,0.0,0.0,3000,1,0.0,99.79,0.71,609.64,307.94
126.943,4,3,0.0,0.0,0.0,3000,1,0.0,99.79,0.71,609.64,307.94
126.96,4,3,0.0,0.0,0.0,3000,1,0.0,99.79,0.71,609.64,307.94
126.977,4,3,0.0,0.0,0.0,3000,1,0.0,99.79,0.71,609.64,307.94
126.993,4,3,0.0,0.0,0.0,3000,1,0.0,99.79,0.71,609.64,307.94
127.01,4,3,0.0,0.0,0.0,3000,1,0.0,99.79,0.71,609.64,307.94
127.027,4,3,0.0,0.0,0.0,3000,1,0.0,99.79,0.71,609.64,307.94
127.044,4,3,0.0,0.0,0.0,3000,1,0.0,99.79,0.71,609.64,307.94
127.061,4,3,0.0,0.0,0.0,3000,1,0.0,99.79,0.71,609.64,307.94
127.078,4,3,0.0,0.0,0.0,3000,1,0.0,99.79,0.71,609.64,307.94
127.094,4,3,0.0,0.0,0.0,3000,1,0.0,99.79,0.71,609.64,307.94
127.112,4,3,0.0,0.0,0.0,3000,1,0.0,99.79,0.71,609.64,307.94
127.129,4,3,0.0,0.0,0.0,3000,1,0.0,99.79,0.71,609.64,307.94
127.146,4,3,0.0,0.0,0.0,3000,1,0.0,99.79,0.71,609.64,307.94
127.163,4,3,0.0,0.0,0.0,3000,1,0.0,99.79,0.71,609.64,307.94
127.179,4,3,0.0,0.0,0.0,3000,1,0.0,99.79,0.71,609.64,307.94
127.196,4,3,0.0,0.0,0.0,3000,1,0.0,99.79,0.71,609.64,307.94
127.211,4,3,0.0,0.0,0.0,3000,1,0.0,99.79,0.71,609.64,307.94
127.227,4,3,0.0,0.0,0.0,3000,1,0.0,99.79,0.71,609.64,307.94
127.244,4,3,0.0,0.0,0.0,3000,1,0.0,99.79,0.71,609.64,307.94
127.26,4,3,0.0,0.0,0.0,3000,1,0.0,99.79,0.71,609.64,307.94
127.276,4,3,0.0,0.0,0.0,3000,1,0.0,99.79,0.71,609.64,307.94
127.292,4,3,0.0,0.0,0.0,3000,1,0.0,99.79,0.71,609.64,307.94
127.308,4,3,0.0,0.0,0.0,3000,1,0.0,99.79,0.71,609.64,307.94
127.325,4,3,0.0,0.0,0.0,3000,1,0.0,99.79,0.71,609.64,307.94
127.342,4,3,0.0,0.0,0.0,3000,1,0.0,99.79,0.71,609.64,307.94
127.36,4,3,0.0,0.0,0.0,3000,1,0.0,99.79,0.71,609.64,307.94
127.376,4,3,0.0,0.0,0.0,3000,1,0.0,99.79,0.71,609.64,307.94
127.392,4,3,0.0,0.0,0.0,3000,1,0.0,99.79,0.71,609.64,307.94
127.408,4,3,0.0,0.0,0.0,3000,1,0.0,99.79,0.71,609.64,307.94
127.425,4,3,0.0,0.0,0.0,3000,1,0.0,99.79,0.71,609.64,307.94
127.441,4,3,0.0,0.0,0.0,3000,1,0.0,99.79,0.71,609.64,307.94
127.458,4,3,0.0,0.0,0.0,3000,1,0.0,99.79,0.71,609.64,307.94
127.474,4,3,0.0,0.0,0.0,3000,1,0.0,99.79,0.71,609.64,307.94
127.491,4,3,0.0,0.0,0.0,3000,1,0.0,99.79,0.71,609.64,307.94
127.508,4,3,0.0,0.0,0.0,3000,1,0.0,99.79,0.71,609.64,307.94
127.524,4,3,0.0,0.0,0.0,3000,1,0.0,99.79,0.71,609.64,307.94
127.541,4,3,0.0,0.0,0.0,3000,1,0.0,99.79,0.71,609.64,307.94
127.557,4,3,0.0,0.0,0.0,3000,1,0.0,99.79,0.71,609.64,307.94
127.573,4,3,0.0,0.0,0.0,3000,1,0.0,99.79,0.71,609.64,307.94
127.589,4,3,0.0,0.0,0.0,3000,1,0.0,99.79,0.71,609.64,307.94
127.606,4,3,0.0,0.0,0.0,3000,1,0.0,99.79,0.71,609.64,307.94
127.623,4,3,0.0,0.0,0.0,3000,1,0.0,99.79,0.71,609.64,307.94
127.64,4,3,0.0,0.0,0.0,3000,1,0.0,99.79,0.71,609.64,307.94
127.655,4,3,0.0,0.0,0.0,3000,1,0.0,99.79,0.71,609.64,307.94
127.671,4,3,0.0,0.0,0.0,3000,1,0.0,99.79,0.71,609.64,307.94
127.687,4,3,0.0,0.0,0.0,3000,1,0.0,99.79,0.71,609.64,307.94
127.703,4,3,0.0,0.0,0.0,3000,1,0.0,99.79,0.71,609.64,307.94
127.72,4,3,0.0,0.0,0.0,3000,1,0.0,99.79,0.71,609.64,307.94
127.735,4,3,0.0,0.0,0.0,3000,1,0.0,99.79,0.71,609.64,307.94
127.752,4,3,0.0,0.0,0.0,3000,1,0.0,99.79,0.71,609.64,307.94
127.768,4,3,0.0,0.0,0.0,3000,1,0.0,99.79,0.71,609.64,307.94
127.783,4,3,0.0,0.0,0.0,3000,1,0.0,99.79,0.71,609.64,307.94
127.8,4,3,0.0,0.0,0.0,3000,1,0.0,99.79,0.71,609.64,307.94
127.816,4,3,0.0,0.0,0.0,3000,1,0.0,99.79,0.71,609.64,307.94
127.833,4,3,0.0,0.0,0.0,3000,1,0.0,99.79,0.71,609.64,307.94
127.849,4,3,0.0,0.0,0.0,3000,1,0.0,99.79,0.71,609.64,307.94
127.866,4,3,0.0,0.0,0.0,3000,1,0.0,99.79,0.71,609.64,307.94
127.883,4,3,0.0,0.0,0.0,3000,1,0.0,99.79,0.71,609.64,307.94
127.9,4,3,0.0,0.0,0.0,3000,1,0.0,99.79,0.71,609.64,307.94
127.918,4,3,0.0,0.0,0.0,3000,1,0.0,99.79,0.71,609.64,307.94
127.934,4,3,0.0,0.0,0.0,3000,1,0.0,99.79,0.71,609.64,307.94
127.95,4,3,0.0,0.0,0.0,3000,1,0.0,99.79,0.71,609.64,307.94
127.967,4,3,0.0,0.0,0.0,3000,1,0.0,99.79,0.71,609.64,307.94
127.985,4,3,0.0,0.0,0.0,3000,1,0.0,99.79,0.71,609.64,307.94
128.0,4,3,0.0,0.0,0.0,3000,1,0.0,99.79,0.71,609.64,307.94
128.016,4,3,0.0,0.0,0.0,3000,1,0.0,99.79,0.71,609.64,307.94
128.034,4,3,0.0,0.0,0.0,3000,1,0.0,99.79,0.71,609.64,307.94
128.049,4,3,0.0,0.0,0.0,3000,1,0.0,99.79,0.71,609.64,307.94
128.066,4,3,0.0,0.0,0.0,3000,1,0.0,99.79,0.71,609.64,307.94
128.082,4,3,0.0,0.0,0.0,3000,1,0.0,99.79,0.71,609.64,307.94
128.099,4,3,0.0,0.0,0.0,3000,1,0.0,99.79,0.71,609.64,307.94
128.116,4,3,0.0,0.0,0.0,3000,1,0.0,99.79,0.71,609.64,307.94
128.133,4,3,0.0,0.0,0.0,3000,1,0.0,99.79,0.71,609.64,307.94
128.149,4,3,0.0,0.0,0.0,3000,1,0.0,99.79,0.71,609.64,307.94
128.166,4,3,0.0,0.0,0.0,3000,1,0.0,99.79,0.71,609.64,307.94
128.183,4,3,0.0,0.0,0.0,3000,1,0.0,99.79,0.71,609.64,307.94
128.199,4,3,0.0,0.0,0.0,3000,1,0.0,99.79,0.71,609.64,307.94
128.216,4,3,0.0,0.0,0.0,3000,1,0.0,99.79,0.71,609.64,307.94
128.232,4,3,0.0,0.0,0.0,3000,1,0.0,99.79,0.71,609.64,307.94
128.248,4,3,0.0,0.0,0.0,3000,1,0.0,99.79,0.71,609.64,307.94
128.264,4,3,0.0,0.0,0.0,3000,1,0.0,99.79,0.71,609.64,307.94
128.282,4,3,0.0,0.0,0.0,3000,1,0.0,99.79,0.71,609.64,307.94
128.298,4,3,0.0,0.0,0.0,3000,1,0.0,99.79,0.71,609.64,307.94
128.314,4,3,0.0,0.0,0.0,3000,1,0.0,99.79,0.71,609.64,307.94
128.33,4,3,0.0,0.0,0.0,3000,1,0.0,99.79,0.71,609.64,307.94
128.347,4,3,0.0,0.0,0.0,3000,1,0.0,99.79,0.71,609.64,307.94
128.362,4,3,0.0,0.0,0.0,3000,1,0.0,99.79,0.71,609.64,307.94
128.378,4,3,0.0,0.0,0.0,3000,1,0.0,99.79,0.71,609.64,307.94
128.394,4,3,0.0,0.0,0.0,3000,1,0.0,99.79,0.71,609.64,307.94
128.411,4,3,0.0,0.0,0.0,3000,1,0.0,99.79,0.71,609.64,307.94
128.428,4,3,0.0,0.0,0.0,3000,1,0.0,99.79,0.71,609.64,307.94
128.444,4,3,0.0,0.0,0.0,3000,1,0.0,99.79,0.71,609.64,307.94
128.461,4,3,0.0,0.0,0.0,3000,1,0.0,99.79,0.71,609.64,307.94
128.478,4,3,0.0,0.0,0.0,3000,1,0.0,99.79,0.71,609.64,307.94
128.495,4,3,0.0,0.0,0.0,3000,1,0.0,99.79,0.71,609.64,307.94
128.511,4,3,0.0,0.0,0.0,3000,1,0.0,99.79,0.71,609.64,307.94
128.528,4,3,0.0,0.0,0.0,3000,1,0.0,99.79,0.71,609.64,307.94
128.545,4,3,0.0,0.0,0.0,3000,1,0.0,99.79,0.71,609.64,307.94
128.56,4,3,0.0,0.0,0.0,3000,1,0.0,99.79,0.71,609.64,307.94
128.577,4,3,0.0,0.0,0.0,3000,1,0.0,99.79,0.71,609.64,307.94
128.594,4,3,0.0,0.0,0.0,3000,1,0.0,99.79,0.71,609.64,307.94
128.611,4,3,0.0,0.0,0.0,3000,1,0.0,99.79,0.71,609.64,307.94
128.626,4,3,0.0,0.0,0.0,3000,1,0.0,99.79,0.71,609.64,307.94
128.642,4,3,0.0,0.0,0.0,3000,1,0.0,99.79,0.71,609.64,307.94
128.658,4,3,0.0,0.0,0.0,3000,1,0.0,99.79,0.71,609.64,307.94
128.676,4,3,0.0,0.0,0.0,3000,1,0.0,99.79,0.71,609.64,307.94
128.693,4,3,0.0,0.0,0.0,3000,1,0.0,99.79,0.71,609.64,307.94
128.71,4,3,0.0,0.0,0.0,3000,1,0.0,99.79,0.71,609.64,307.94
128.726,4,3,0.0,0.0,0.0,3000,1,0.0,99.79,0.71,609.64,307.94
128.743,4,3,0.0,0.0,0.0,3000,1,0.0,99.79,0.71,609.64,307.94
128.761,4,3,0.0,0.0,0.0,3000,1,0.0,99.79,0.71,609.64,307.94
128.777,4,3,0.0,0.0,0.0,3000,1,0.0,99.79,0.71,609.64,307.94
128.794,4,3,0.0,0.0,0.0,3000,1,0.0,99.79,0.71,609.64,307.94
128.811,4,3,0.0,0.0,0.0,3000,1,0.0,99.79,0.71,609.64,307.94
128.828,4,3,0.0,0.0,0.0,3000,1,0.0,99.79,0.71,609.64,307.94
128.843,4,3,0.0,0.0,0.0,3000,1,0.0,99.79,0.71,609.64,307.94
128.86,4,3,0.0,0.0,0.0,3000,1,0.0,99.79,0.71,609.64,307.94
128.876,4,3,0.0,0.0,0.0,3000,1,0.0,99.79,0.71,609.64,307.94
128.892,4,3,0.0,0.0,0.0,3000,1,0.0,99.79,0.71,609.64,307.94
128.909,4,3,0.0,0.0,0.0,3000,1,0.0,99.79,0.71,609.64,307.94
128.926,4,3,0.0,0.0,0.0,3000,1,0.0,99.79,0.71,609.64,307.94
128.942,4,3,0.0,0.0,0.0,3000,1,0.0,99.79,0.71,609.64,307.94
128.959,4,3,0.0,0.0,0.0,3000,1,0.0,99.79,0.71,609.64,307.94
128.976,4,3,0.0,0.0,0.0,3000,1,0.0,99.79,0.71,609.64,307.94
128.992,4,3,0.0,0.0,0.0,3000,1,0.0,99.79,0.71,609.64,307.94
129.009,4,3,0.0,0.0,0.0,3000,1,0.0,99.79,0.71,609.64,307.94
129.026,4,3,0.0,0.0,0.0,3000,1,0.0,99.79,0.71,609.64,307.94
129.042,4,3,0.0,0.0,0.0,3000,1,0.0,99.79,0.71,609.64,307.94
129.058,4,3,0.0,0.0,0.0,3000,1,0.0,99.79,0.71,609.64,307.94
129.076,4,3,0.0,0.0,0.0,3000,1,0.0,99.79,0.71,609.64,307.94
129.091,4,3,0.0,0.0,0.0,3000,1,0.0,99.79,0.71,609.64,307.94
129.108,4,3,0.0,0.0,0.0,3000,1,0.0,99.79,0.71,609.64,307.94
129.125,4,3,0.0,0.0,0.0,3000,1,0.0,99.79,0.71,609.64,307.94
129.142,4,3,0.0,0.0,0.0,3000,1,0.0,99.79,0.71,609.64,307.94
129.159,4,3,0.0,0.0,0.0,3000,1,0.0,99.79,0.71,609.64,307.94
129.175,4,3,0.0,0.0,0.0,3000,1,0.0,99.79,0.71,609.64,307.94
129.192,4,3,0.0,0.0,0.0,3000,1,0.0,99.79,0.71,609.64,307.94
129.209,4,3,0.0,0.0,0.0,3000,1,0.0,99.79,0.71,609.64,307.94
129.225,4,3,0.0,0.0,0.0,3000,1,0.0,99.79,0.71,609.64,307.94
129.241,4,3,0.0,0.0,0.0,3000,1,0.0,99.79,0.71,609.64,307.94
129.258,4,3,0.0,0.0,0.0,3000,1,0.0,99.79,0.71,609.64,307.94
129.275,4,3,0.0,0.0,0.0,3000,1,0.0,99.79,0.71,609.64,307.94
129.291,4,3,0.0,0.0,0.0,3000,1,0.0,99.79,0.71,609.64,307.94
129.308,4,3,0.0,0.0,0.0,3000,1,0.0,99.79,0.71,609.64,307.94
129.324,4,3,0.0,0.0,0.0,3000,1,0.0,99.79,0.71,609.64,307.94
129.34,4,3,0.0,0.0,0.0,3000,1,0.0,99.79,0.71,609.64,307.94
129.357,4,3,0.0,0.0,0.0,3000,1,0.0,99.79,0.71,609.64,307.94
129.373,4,3,0.0,0.0,0.0,3000,1,0.0,99.79,0.71,609.64,307.94
129.389,4,3,0.0,0.0,0.0,3000,1,0.0,99.79,0.71,609.64,307.94
129.406,4,3,0.0,0.0,0.0,3000,1,0.0,99.79,0.71,609.64,307.94
129.422,4,3,0.0,0.0,0.0,3000,1,0.0,99.79,0.71,609.64,307.94
129.439,4,3,0.0,0.0,0.0,3000,1,0.0,99.79,0.71,609.64,307.94
129.456,4,3,0.0,0.0,0.0,3000,1,0.0,99.79,0.71,609.64,307.94
129.472,4,3,0.0,0.0,0.0,3000,1,0.0,99.79,0.71,609.64,307.94
129.489,4,3,0.0,0.0,0.0,3000,1,0.0,99.79,0.71,609.64,307.94
129.506,4,3,0.0,0.0,0.0,3000,1,0.0,99.79,0.71,609.64,307.94
129.523,4,3,0.0,0.0,0.0,3000,1,0.0,99.79,0.71,609.64,307.94
129.539,4,3,0.0,0.0,0.0,3000,1,0.0,99.79,0.71,609.64,307.94
129.555,4,3,0.0,0.0,0.0,3000,1,0.0,99.79,0.71,609.64,307.94
129.571,4,3,0.0,0.0,0.0,3000,1,0.0,99.79,0.71,609.64,307.94
129.587,4,3,0.0,0.0,0.0,3000,1,0.0,99.79,0.71,609.64,307.94
129.604,4,3,0.0,0.0,0.0,3000,1,0.0,99.79,0.71,609.64,307.94
129.621,4,3,0.0,0.0,0.0,3000,1,0.0,99.79,0.71,609.64,307.94
129.638,4,3,0.0,0.0,0.0,3000,1,0.0,99.79,0.71,609.64,307.94
129.654,4,3,0.0,0.0,0.0,3000,1,0.0,99.79,0.71,609.64,307.94
129.671,4,3,0.0,0.0,0.0,3000,1,0.0,99.79,0.71,609.64,307.94
129.688,4,3,0.0,0.0,0.0,3000,1,0.0,99.79,0.71,609.64,307.94
129.704,4,3,0.0,0.0,0.0,3000,1,0.0,99.79,0.71,609.64,307.94
129.722,4,3,0.0,0.0,0.0,3000,1,0.0,99.79,0.71,609.64,307.94
129.737,4,3,0.0,0.0,0.0,3000,1,0.0,99.79,0.71,609.64,307.94
129.754,4,3,0.0,0.0,0.0,3000,1,0.0,99.79,0.71,609.64,307.94
129.772,4,3,0.0,0.0,0.0,3000,1,0.0,99.79,0.71,609.64,307.94
129.788,4,3,0.0,0.0,0.0,3000,1,0.0,99.79,0.71,609.64,307.94
129.804,4,3,0.0,0.0,0.0,3000,1,0.0,99.79,0.71,609.64,307.94
129.821,4,3,0.0,0.0,0.0,3000,1,0.0,99.79,0.71,609.64,307.94
129.837,4,3,0.0,0.0,0.0,3000,1,0.0,99.79,0.71,609.64,307.94
129.854,4,3,0.0,0.0,0.0,3000,1,0.0,99.79,0.71,609.64,307.94
129.871,4,3,0.0,0.0,0.0,3000,1,0.0,99.79,0.71,609.64,307.94
129.887,4,3,0.0,0.0,0.0,3000,1,0.0,99.79,0.71,609.64,307.94
129.902,4,3,0.0,0.0,0.0,3000,1,0.0,99.79,0.71,609.64,307.94
129.92,4,3,0.0,0.0,0.0,3000,1,0.0,99.79,0.71,609.64,307.94
129.936,4,3,0.0,0.0,0.0,3000,1,0.0,99.79,0.71,609.64,307.94
129.953,4,3,0.0,0.0,0.0,3000,1,0.0,99.79,0.71,609.64,307.94
129.97,4,3,0.0,0.0,0.0,3000,1,0.0,99.79,0.71,609.64,307.94
129.987,4,3,0.0,0.0,0.0,3000,1,0.0,99.79,0.71,609.64,307.94
130.003,4,3,0.0,0.0,0.0,3000,1,0.0,99.79,0.71,609.64,307.94
130.019,4,3,0.0,0.0,0.0,3000,1,0.0,99.79,0.71,609.64,307.94
130.036,4,3,0.0,0.0,0.0,3000,1,0.0,99.79,0.71,609.64,307.94
130.052,4,3,0.0,0.0,0.0,3000,1,0.0,99.79,0.71,609.64,307.94
130.068,4,3,0.0,0.0,0.0,3000,1,0.0,99.79,0.71,609.64,307.94
130.084,4,3,0.0,0.0,0.0,3000,1,0.0,99.79,0.71,609.64,307.94
130.101,4,3,0.0,0.0,0.0,3000,1,0.0,99.79,0.71,609.64,307.94
130.118,4,3,0.0,0.0,0.0,3000,1,0.0,99.79,0.71,609.64,307.94
130.135,4,3,0.0,0.0,0.0,3000,1,0.0,99.79,0.71,609.64,307.94
130.151,4,3,0.0,0.0,0.0,3000,1,0.0,99.79,0.71,609.64,307.94
130.167,4,3,0.0,0.0,0.0,3000,1,0.0,99.79,0.71,609.64,307.94
130.184,4,3,0.0,0.0,0.0,3000,1,0.0,99.79,0.71,609.64,307.94
130.202,4,3,0.0,0.0,0.0,3000,1,0.0,99.79,0.71,609.64,307.94
130.218,4,3,0.0,0.0,0.0,3000,1,0.0,99.79,0.71,609.64,307.94
130.236,4,3,0.0,0.0,0.0,3000,1,0.0,99.79,0.71,609.64,307.94
130.251,4,3,0.0,0.0,0.0,3000,1,0.0,99.79,0.71,609.64,307.94
130.268,4,3,0.0,0.0,0.0,3000,1,0.0,99.79,0.71,609.64,307.94
130.286,4,3,0.0,0.0,0.0,3000,1,0.0,99.79,0.71,609.64,307.94
130.303,4,3,0.0,0.0,0.0,3000,1,0.0,99.79,0.71,609.64,307.94
130.32,4,3,0.0,0.0,0.0,3000,1,0.0,99.79,0.71,609.64,307.94
130.336,4,3,0.0,0.0,0.0,3000,1,0.0,99.79,0.71,609.64,307.94
130.353,4,3,0.0,0.0,0.0,3000,1,0.0,99.79,0.71,609.64,307.94
130.369,4,3,0.0,0.0,0.0,3000,1,0.0,99.79,0.71,609.64,307.94
130.386,4,3,0.0,0.0,0.0,3000,1,0.0,99.79,0.71,609.64,307.94
130.402,4,3,0.0,0.0,0.0,3000,1,0.0,99.79,0.71,609.64,307.94
130.419,4,3,0.0,0.0,0.0,3000,1,0.0,99.79,0.71,609.64,307.94
130.436,4,3,0.0,0.0,0.0,3000,1,0.0,99.79,0.71,609.64,307.94
130.451,4,3,0.0,0.0,0.0,3000,1,0.0,99.79,0.71,609.64,307.94
130.468,4,3,0.0,0.0,0.0,3000,1,0.0,99.79,0.71,609.64,307.94
130.484,4,3,0.0,0.0,0.0,3000,1,0.0,99.79,0.71,609.64,307.94
130.501,4,3,0.0,0.0,0.0,3000,1,0.0,99.79,0.71,609.64,307.94
130.518,4,3,0.0,0.0,0.0,3000,1,0.0,99.79,0.71,609.64,307.94
130.534,4,3,0.0,0.0,0.0,3000,1,0.0,99.79,0.71,609.64,307.94
130.55,4,3,0.0,0.0,0.0,3000,1,0.0,99.79,0.71,609.64,307.94
130.567,4,3,0.0,0.0,0.0,3000,1,0.0,99.79,0.71,609.64,307.94
130.584,4,3,0.0,0.0,0.0,3000,1,0.0,99.79,0.71,609.64,307.94
130.599,4,3,0.0,0.0,0.0,3000,1,0.0,99.79,0.71,609.64,307.94
130.616,4,3,0.0,0.0,0.0,3000,1,0.0,99.79,0.71,609.64,307.94
130.632,4,3,0.0,0.0,0.0,3000,1,0.0,99.79,0.71,609.64,307.94
130.648,4,3,0.0,0.0,0.0,3000,1,0.0,99.79,0.71,609.64,307.94
130.665,4,3,0.0,0.0,0.0,3000,1,0.0,99.79,0.71,609.64,307.94
130.681,4,3,0.0,0.0,0.0,3000,1,0.0,99.79,0.71,609.64,307.94
130.698,4,3,0.0,0.0,0.0,3000,1,0.0,99.79,0.71,609.64,307.94
130.715,4,3,0.0,0.0,0.0,3000,1,0.0,99.79,0.71,609.64,307.94
130.731,4,3,0.0,0.0,0.0,3000,1,0.0,99.79,0.71,609.64,307.94
130.748,4,3,0.0,0.0,0.0,3000,1,0.0,99.79,0.71,609.64,307.94
130.765,4,3,0.0,0.0,0.0,3000,1,0.0,99.79,0.71,609.64,307.94
130.781,4,3,0.0,0.0,0.0,3000,1,0.0,99.79,0.71,609.64,307.94
130.796,4,3,0.0,0.0,0.0,3000,1,0.0,99.79,0.71,609.64,307.94
130.813,4,3,0.0,0.0,0.0,3000,1,0.0,99.79,0.71,609.64,307.94
130.83,4,3,0.0,0.0,0.0,3000,1,0.0,99.79,0.71,609.64,307.94
130.846,4,3,0.0,0.0,0.0,3000,1,0.0,99.79,0.71,609.64,307.94
130.863,4,3,0.0,0.0,0.0,3000,1,0.0,99.79,0.71,609.64,307.94
130.879,4,3,0.0,0.0,0.0,3000,1,0.0,99.79,0.71,609.64,307.94
130.896,4,3,0.0,0.0,0.0,3000,1,0.0,99.79,0.71,609.64,307.94
130.913,4,3,0.0,0.0,0.0,3000,1,0.0,99.79,0.71,609.64,307.94
130.93,4,3,0.0,0.0,0.0,3000,1,0.0,99.79,0.71,609.64,307.94
130.946,4,3,0.0,0.0,0.0,3000,1,0.0,99.79,0.71,609.64,307.94
130.963,4,3,0.0,0.0,0.0,3000,1,0.0,99.79,0.71,609.64,307.94
130.98,4,3,0.0,0.0,0.0,3000,1,0.0,99.79,0.71,609.64,307.94
130.997,4,3,0.0,0.0,0.0,3000,1,0.0,99.79,0.71,609.64,307.94
131.014,4,3,0.0,0.0,0.0,3000,1,0.0,99.79,0.71,609.64,307.94
131.03,4,3,0.0,0.0,0.0,3000,1,0.0,99.79,0.71,609.64,307.94
131.046,4,3,0.0,0.0,0.0,3000,1,0.0,99.79,0.71,609.64,307.94
131.063,4,3,0.0,0.0,0.0,3000,1,0.0,99.79,0.71,609.64,307.94
131.08,4,3,0.0,0.0,0.0,3000,1,0.0,99.79,0.71,609.64,307.94
131.096,4,3,0.0,0.0,0.0,3000,1,0.0,99.79,0.71,609.64,307.94
131.112,4,3,0.0,0.0,0.0,3000,1,0.0,99.79,0.71,609.64,307.94
131.129,4,3,0.0,0.0,0.0,3000,1,0.0,99.79,0.71,609.64,307.94
131.145,4,3,0.0,0.0,0.0,3000,1,0.0,99.79,0.71,609.64,307.94
131.161,4,3,0.0,0.0,0.0,3000,1,0.0,99.79,0.71,609.64,307.94
131.177,4,3,0.0,0.0,0.0,3000,1,0.0,99.79,0.71,609.64,307.94
131.192,4,3,0.0,0.0,0.0,3000,1,0.0,99.79,0.71,609.64,307.94
131.209,4,3,0.0,0.0,0.0,3000,1,0.0,99.79,0.71,609.64,307.94
131.225,4,3,0.0,0.0,0.0,3000,1,0.0,99.79,0.71,609.64,307.94
131.241,4,3,0.0,0.0,0.0,3000,1,0.0,99.79,0.71,609.64,307.94
131.257,4,3,0.0,0.0,0.0,3000,1,0.0,99.79,0.71,609.64,307.94
131.272,4,3,0.0,0.0,0.0,3000,1,0.0,99.79,0.71,609.64,307.94
131.289,4,3,0.0,0.0,0.0,3000,1,0.0,99.79,0.71,609.64,307.94
131.307,4,3,0.0,0.0,0.0,3000,1,0.0,99.79,0.71,609.64,307.94
131.323,4,3,0.0,0.0,0.0,3000,1,0.0,99.79,0.71,609.64,307.94
131.34,4,3,0.0,0.0,0.0,3000,1,0.0,99.79,0.71,609.64,307.94
131.357,4,3,0.0,0.0,0.0,3000,1,0.0,99.79,0.71,609.64,307.94
131.374,4,3,0.0,0.0,0.0,3000,1,0.0,99.79,0.71,609.64,307.94
131.392,4,3,0.0,0.0,0.0,3000,1,0.0,99.79,0.71,609.64,307.94
131.409,4,3,0.0,0.0,0.0,3000,1,0.0,99.79,0.71,609.64,307.94
131.426,4,3,0.0,0.0,0.0,3000,1,0.0,99.79,0.71,609.64,307.94
131.442,4,3,0.0,0.0,0.0,3000,1,0.0,99.79,0.71,609.64,307.94
131.459,4,3,0.0,0.0,0.0,3000,1,0.0,99.79,0.71,609.64,307.94
131.476,4,3,0.0,0.0,0.0,3000,1,0.0,99.79,0.71,609.64,307.94
131.493,4,3,0.0,0.0,0.0,3000,1,0.0,99.79,0.71,609.64,307.94
131.51,4,3,0.0,0.0,0.0,3000,1,0.0,99.79,0.71,609.64,307.94
131.526,4,3,0.0,0.0,0.0,3000,1,0.0,99.79,0.71,609.64,307.94
131.542,4,3,0.0,0.0,0.0,3000,1,0.0,99.79,0.71,609.64,307.94
131.559,4,3,0.0,0.0,0.0,3000,1,0.0,99.79,0.71,609.64,307.94
131.576,4,3,0.0,0.0,0.0,3000,1,0.0,99.79,0.71,609.64,307.94
131.592,4,3,0.0,0.0,0.0,3000,1,0.0,99.79,0.71,609.64,307.94
131.609,4,3,0.0,0.0,0.0,3000,1,0.0,99.79,0.71,609.64,307.94
131.625,4,3,0.0,0.0,0.0,3000,1,0.0,99.79,0.71,609.64,307.94
131.642,4,3,0.0,0.0,0.0,3000,1,0.0,99.79,0.71,609.64,307.94
131.658,4,3,0.0,0.0,0.0,3000,1,0.0,99.79,0.71,609.64,307.94
131.674,4,3,0.0,0.0,0.0,3000,1,0.0,99.79,0.71,609.64,307.94
131.69,4,3,0.0,0.0,0.0,3000,1,0.0,99.79,0.71,609.64,307.94
131.706,4,3,0.0,0.0,0.0,3000,1,0.0,99.79,0.71,609.64,307.94
131.723,4,3,0.0,0.0,0.0,3000,1,0.0,99.79,0.71,609.64,307.94
131.74,4,3,0.0,0.0,0.0,3000,1,0.0,99.79,0.71,609.64,307.94
131.756,4,3,0.0,0.0,0.0,3000,1,0.0,99.79,0.71,609.64,307.94
131.772,4,3,0.0,0.0,0.0,3000,1,0.0,99.79,0.71,609.64,307.94
131.789,4,3,0.0,0.0,0.0,3000,1,0.0,99.79,0.71,609.64,307.94
131.806,4,3,0.0,0.0,0.0,3000,1,0.0,99.79,0.71,609.64,307.94
131.822,4,3,0.0,0.0,0.0,3000,1,0.0,99.79,0.71,609.64,307.94
131.839,4,3,0.0,0.0,0.0,3000,1,0.0,99.79,0.71,609.64,307.94
131.855,4,3,0.0,0.0,0.0,3000,1,0.0,99.79,0.71,609.64,307.94
131.871,4,3,0.0,0.0,0.0,3000,1,0.0,99.79,0.71,609.64,307.94
131.888,4,3,0.0,0.0,0.0,3000,1,0.0,99.79,0.71,609.64,307.94
131.904,4,3,0.0,0.0,0.0,3000,1,0.0,99.79,0.71,609.64,307.94
131.92,4,3,0.0,0.0,0.0,3000,1,0.0,99.79,0.71,609.64,307.94
131.937,4,3,0.0,0.0,0.0,3000,1,0.0,99.79,0.71,609.64,307.94
131.954,4,3,0.0,0.0,0.0,3000,1,0.0,99.79,0.71,609.64,307.94
131.97,4,3,0.0,0.0,0.0,3000,1,0.0,99.79,0.71,609.64,307.94
131.987,4,3,0.0,0.0,0.0,3000,1,0.0,99.79,0.71,609.64,307.94
132.003,4,3,0.0,0.0,0.0,3000,1,0.0,99.79,0.71,609.64,307.94
132.02,4,3,0.0,0.0,0.0,3000,1,0.0,99.79,0.71,609.64,307.94
132.037,4,3,0.0,0.0,0.0,3000,1,0.0,99.79,0.71,609.64,307.94
132.053,4,3,0.0,0.0,0.0,3000,1,0.0,99.79,0.71,609.64,307.94
132.071,4,3,0.0,0.0,0.0,3000,1,0.0,99.79,0.71,609.64,307.94
132.087,4,3,0.0,0.0,0.0,3000,1,0.0,99.79,0.71,609.64,307.94
132.105,4,3,0.0,0.0,0.0,3000,1,0.0,99.79,0.71,609.64,307.94
132.12,4,3,0.0,0.0,0.0,3000,1,0.0,99.79,0.71,609.64,307.94
132.136,4,3,0.0,0.0,0.0,3000,1,0.0,99.79,0.71,609.64,307.94
132.365,4,3,0.0,0.0,0.0,3000,1,0.0,99.79,0.71,609.64,307.94
